variant,training_seed,update,density,friction,initial_state,success_at_end,success_once,failure,first_success_step,final_goal_distance_mm,final_arm_speed_rad_s,final_arm_max_abs_velocity_rad_s,grasp_fraction,grasp_transitions,final_cube_height_m
native,101,97,1.0,1.0,0,1,1,success,34,10.327449068427086,0.048416636884212494,0.027218814939260483,0.78,1,0.21895642578601837
native,101,97,1.0,1.0,1,1,1,success,15,8.62238835543394,0.03927331790328026,0.027394041419029236,0.92,1,0.1981886327266693
native,101,97,1.0,1.0,2,1,1,success,10,9.717228822410107,0.06289047002792358,0.05159291625022888,0.94,1,0.07716561108827591
native,101,97,1.0,1.0,3,1,1,success,17,8.564842864871025,0.04307215288281441,0.03671516478061676,0.92,1,0.04184930771589279
native,101,97,1.0,1.0,4,1,1,success,37,12.722552753984928,0.030895458534359932,0.022370081394910812,0.8,1,0.3152063488960266
native,101,97,1.0,1.0,5,1,1,success,13,7.72444112226367,0.07424519956111908,0.07301895320415497,0.92,1,0.24284593760967255
native,101,97,1.0,1.0,6,1,1,success,20,9.28602833300829,0.014113043434917927,0.012520997785031796,0.8,1,0.024909058585762978
native,101,97,1.0,1.0,7,1,1,success,26,7.691941224038601,0.04442523792386055,0.03145250678062439,0.88,1,0.2524909973144531
native,101,97,1.0,1.0,8,1,1,success,15,8.125205524265766,0.0703258067369461,0.049319010227918625,0.92,1,0.19483605027198792
native,101,97,1.0,1.0,9,1,1,success,17,9.903846308588982,0.04817773774266243,0.03337479755282402,0.92,1,0.04985467344522476
native,101,97,1.0,1.0,10,1,1,success,11,12.814506888389587,0.044649865478277206,0.034092795103788376,0.9,1,0.15184718370437622
native,101,97,1.0,1.0,11,1,1,success,11,4.692383110523224,0.021665628999471664,0.015496175736188889,0.92,1,0.024605227634310722
native,101,97,1.0,1.0,12,1,1,success,23,10.883179493248463,0.03515397012233734,0.02120577171444893,0.82,1,0.19002513587474823
native,101,97,1.0,1.0,13,1,1,success,31,7.757705170661211,0.03927496075630188,0.03517861291766167,0.8,1,0.1974903643131256
native,101,97,1.0,1.0,14,1,1,success,23,7.333462126553059,0.06886608153581619,0.044639185070991516,0.92,1,0.29031190276145935
native,101,97,1.0,1.0,15,1,1,success,13,4.898627754300833,0.03902163729071617,0.034349117428064346,0.82,1,0.02619165927171707
native,101,97,1.0,1.0,16,1,1,success,22,10.120075196027756,0.03196296840906143,0.024662302806973457,0.84,1,0.2866745889186859
native,101,97,1.0,1.0,17,1,1,success,18,8.591140620410442,0.014306078664958477,0.007944018580019474,0.9,1,0.1844502091407776
native,101,97,1.0,1.0,18,1,1,success,15,9.705644100904465,0.06554097682237625,0.05492883920669556,0.9,1,0.22357700765132904
native,101,97,1.0,1.0,19,1,1,success,17,7.152417674660683,0.026828058063983917,0.022745881229639053,0.88,1,0.14829450845718384
native,101,97,1.0,1.0,20,1,1,success,24,8.584877476096153,0.05509122833609581,0.04258985072374344,0.82,1,0.155027374625206
native,101,97,1.0,1.0,21,1,1,success,9,9.90968942642212,0.0690615251660347,0.05381028354167938,0.94,1,0.12379016727209091
native,101,97,1.0,1.0,22,1,1,success,22,6.8001169711351395,0.0462518110871315,0.04037797823548317,0.88,1,0.2415245771408081
native,101,97,1.0,1.0,23,1,1,success,10,10.091598145663738,0.030456876382231712,0.02493322640657425,0.92,1,0.14222124218940735
native,101,97,1.0,1.0,24,1,1,success,12,9.449643082916737,0.04383300617337227,0.0337907075881958,0.86,1,0.07113911956548691
native,101,97,1.0,1.0,25,1,1,success,15,9.451345540583134,0.01773129776120186,0.010728851892054081,0.88,1,0.1789834052324295
native,101,97,1.0,1.0,26,1,1,success,18,10.02537552267313,0.0467873252928257,0.03336300700902939,0.82,1,0.07892896234989166
native,101,97,1.0,1.0,27,1,1,success,18,4.868538118898869,0.03365467116236687,0.02943059615790844,0.92,1,0.3023141622543335
native,101,97,1.0,1.0,28,1,1,success,16,9.28612146526575,0.047424208372831345,0.03947097435593605,0.86,1,0.1696956753730774
native,101,97,1.0,1.0,29,1,1,success,23,9.656242094933987,0.058853019028902054,0.0415341891348362,0.92,1,0.26457276940345764
native,101,97,1.0,1.0,30,1,1,success,15,10.811314918100834,0.06954027712345123,0.053509246557950974,0.92,1,0.21829888224601746
native,101,97,1.0,1.0,31,1,1,success,14,7.5888666324317455,0.02591792866587639,0.017508206889033318,0.92,1,0.28993529081344604
native,101,97,2.0,1.0,0,1,1,success,34,10.96672099083662,0.0479590967297554,0.029858972877264023,0.78,1,0.21773995459079742
native,101,97,2.0,1.0,1,1,1,success,15,9.148525074124336,0.05470834672451019,0.03649487346410751,0.92,1,0.19763320684432983
native,101,97,2.0,1.0,2,1,1,success,10,11.558732949197292,0.0820344015955925,0.06757151335477829,0.94,1,0.07522527873516083
native,101,97,2.0,1.0,3,1,1,success,17,8.56197439134121,0.0581812746822834,0.048230934888124466,0.92,1,0.04227937385439873
native,101,97,2.0,1.0,4,1,1,success,37,12.797330506145954,0.0361337848007679,0.02269805409014225,0.8,1,0.3147377371788025
native,101,97,2.0,1.0,5,1,1,success,13,8.617501705884933,0.08925007283687592,0.0883893221616745,0.92,1,0.24175603687763214
native,101,97,2.0,1.0,6,1,1,success,20,9.493287652730942,0.013643819838762283,0.012343873269855976,0.8,1,0.02463526464998722
native,101,97,2.0,1.0,7,1,1,success,26,8.246393874287605,0.05529307201504707,0.03725016117095947,0.88,1,0.252525269985199
native,101,97,2.0,1.0,8,1,1,success,15,7.8890882432460785,0.08624513447284698,0.06089697778224945,0.92,1,0.19537200033664703
native,101,97,2.0,1.0,9,1,1,success,18,9.64193046092987,0.0653235912322998,0.053055405616760254,0.92,1,0.051576316356658936
native,101,97,2.0,1.0,10,1,1,success,11,13.384581543505192,0.06969234347343445,0.05214903876185417,0.9,1,0.15125079452991486
native,101,97,2.0,1.0,11,1,1,success,11,4.629977513104677,0.023076102137565613,0.01818224787712097,0.92,1,0.02469606138765812
native,101,97,2.0,1.0,12,1,1,success,23,11.449777521193027,0.043952085077762604,0.030338488519191742,0.82,1,0.1895071268081665
native,101,97,2.0,1.0,13,1,1,success,31,8.273718878626823,0.053520701825618744,0.04926574230194092,0.8,1,0.1964743584394455
native,101,97,2.0,1.0,14,1,1,success,24,7.500503212213516,0.07480575889348984,0.0556303896009922,0.92,1,0.2898719906806946
native,101,97,2.0,1.0,15,1,1,success,12,6.144305225461721,0.03885979205369949,0.03757511079311371,0.82,1,0.024447159841656685
native,101,97,2.0,1.0,16,1,1,success,22,10.492331348359585,0.040766093879938126,0.028257235884666443,0.84,1,0.28648102283477783
native,101,97,2.0,1.0,17,1,1,success,18,9.393749758601189,0.012081886641681194,0.007839320227503777,0.9,1,0.1836235672235489
native,101,97,2.0,1.0,18,1,1,success,15,10.252533480525017,0.08267448842525482,0.06522271037101746,0.9,1,0.22271494567394257
native,101,97,2.0,1.0,19,1,1,success,17,8.056462742388248,0.029051344841718674,0.026679113507270813,0.88,1,0.1473669856786728
native,101,97,2.0,1.0,20,1,1,success,24,9.125364013016224,0.0633881613612175,0.04320954531431198,0.82,1,0.1542671024799347
native,101,97,2.0,1.0,21,1,1,success,9,10.76226495206356,0.08056025952100754,0.06585028767585754,0.94,1,0.12300039827823639
native,101,97,2.0,1.0,22,1,1,success,22,7.680532056838274,0.05986944958567619,0.056653525680303574,0.88,1,0.24069738388061523
native,101,97,2.0,1.0,23,1,1,success,10,10.764667764306068,0.03648629039525986,0.029065731912851334,0.92,1,0.14154668152332306
native,101,97,2.0,1.0,24,1,1,success,12,10.286875069141388,0.0635543242096901,0.05662719905376434,0.86,1,0.0703403577208519
native,101,97,2.0,1.0,25,1,1,success,15,9.95805487036705,0.01884162425994873,0.010435524396598339,0.88,1,0.17826636135578156
native,101,97,2.0,1.0,26,1,1,success,18,10.614363476634026,0.06540326774120331,0.046007633209228516,0.82,1,0.07830742746591568
native,101,97,2.0,1.0,27,1,1,success,18,5.710422061383724,0.05027179419994354,0.04687679558992386,0.92,1,0.30034035444259644
native,101,97,2.0,1.0,28,1,1,success,16,9.853078983724117,0.06338495761156082,0.05591093748807907,0.86,1,0.1691947877407074
native,101,97,2.0,1.0,29,1,1,success,23,10.33229473978281,0.0698215663433075,0.052479613572359085,0.92,1,0.2635535001754761
native,101,97,2.0,1.0,30,1,1,success,15,11.668416671454906,0.08070217072963715,0.06501549482345581,0.92,1,0.21713505685329437
native,101,97,2.0,1.0,31,1,1,success,14,8.137895725667477,0.032420169562101364,0.026919573545455933,0.92,1,0.2889731228351593
native,101,97,1.0,0.5,0,1,1,success,34,10.272901505231857,0.049836233258247375,0.028161784633994102,0.78,1,0.21898521482944489
native,101,97,1.0,0.5,1,1,1,success,15,8.719278499484062,0.03955845907330513,0.028444800525903702,0.92,1,0.19804342091083527
native,101,97,1.0,0.5,2,1,1,success,10,9.218467399477959,0.06282498687505722,0.050513602793216705,0.94,1,0.0777255967259407
native,101,97,1.0,0.5,3,1,1,success,17,8.668719790875912,0.04180938005447388,0.03616270422935486,0.92,1,0.04165277257561684
native,101,97,1.0,0.5,4,1,1,success,36,12.816009111702442,0.03115830570459366,0.02289724163711071,0.8,1,0.31523722410202026
native,101,97,1.0,0.5,5,1,1,success,13,6.6082775592803955,0.06716335564851761,0.06573231518268585,0.92,1,0.24318647384643555
native,101,97,1.0,0.5,6,1,1,success,20,9.196249768137932,0.01364714466035366,0.012089189141988754,0.8,1,0.02498137578368187
native,101,97,1.0,0.5,7,1,1,success,26,7.971153594553471,0.04203213006258011,0.02987031638622284,0.88,1,0.25284647941589355
native,101,97,1.0,0.5,8,1,1,success,15,8.72400775551796,0.07085974514484406,0.053976379334926605,0.92,1,0.19410978257656097
native,101,97,1.0,0.5,9,1,1,success,17,9.866678155958652,0.04918968677520752,0.034625619649887085,0.92,1,0.049948085099458694
native,101,97,1.0,0.5,10,1,1,success,11,13.180580921471119,0.052085474133491516,0.04111114889383316,0.9,1,0.15140411257743835
native,101,97,1.0,0.5,11,1,1,success,11,4.638092126697302,0.021533047780394554,0.015721149742603302,0.92,1,0.024660928174853325
native,101,97,1.0,0.5,12,1,1,success,23,11.089789681136608,0.032083675265312195,0.01941290870308876,0.82,1,0.18983320891857147
native,101,97,1.0,0.5,13,1,1,success,31,7.581992540508509,0.039314500987529755,0.03493167832493782,0.8,1,0.1975807249546051
native,101,97,1.0,0.5,14,1,1,success,23,7.020335644483566,0.06582698225975037,0.041817910969257355,0.92,1,0.29031258821487427
native,101,97,1.0,0.5,15,1,1,success,12,5.2122375927865505,0.02849515713751316,0.020847201347351074,0.82,1,0.025461070239543915
native,101,97,1.0,0.5,16,1,1,success,22,10.097520425915718,0.032500702887773514,0.025403141975402832,0.84,1,0.28668567538261414
native,101,97,1.0,0.5,17,1,1,success,18,8.59896745532751,0.015407787635922432,0.008271023631095886,0.9,1,0.18444828689098358
native,101,97,1.0,0.5,18,1,1,success,15,9.698070585727692,0.0648120790719986,0.05439664423465729,0.9,1,0.22362679243087769
native,101,97,1.0,0.5,19,1,1,success,17,7.237459532916546,0.024511804804205894,0.02002802863717079,0.88,1,0.1482115387916565
native,101,97,1.0,0.5,20,1,1,success,24,8.839095011353493,0.02837405726313591,0.021230682730674744,0.82,1,0.15507932007312775
native,101,97,1.0,0.5,21,1,1,success,9,10.668504983186722,0.07258295267820358,0.06172517314553261,0.94,1,0.12315406650304794
native,101,97,1.0,0.5,22,1,1,success,22,6.459212861955166,0.041950833052396774,0.03475024178624153,0.88,1,0.2416229397058487
native,101,97,1.0,0.5,23,1,1,success,10,10.204648599028587,0.029361750930547714,0.025361236184835434,0.92,1,0.14215226471424103
native,101,97,1.0,0.5,24,1,1,success,12,9.271171875298023,0.04143437370657921,0.02948274277150631,0.86,1,0.07128896564245224
native,101,97,1.0,0.5,25,1,1,success,15,9.765388444066048,0.02044926956295967,0.013115175068378448,0.88,1,0.1787058264017105
native,101,97,1.0,0.5,26,1,1,success,17,10.083098895847797,0.046524420380592346,0.033390630036592484,0.82,1,0.07888498902320862
native,101,97,1.0,0.5,27,1,1,success,18,4.70682792365551,0.03393309935927391,0.030457278713583946,0.92,1,0.30215194821357727
native,101,97,1.0,0.5,28,1,1,success,16,9.268200024962425,0.04333081841468811,0.0370914526283741,0.86,1,0.16985993087291718
native,101,97,1.0,0.5,29,1,1,success,23,9.3305679038167,0.05612017959356308,0.03989355266094208,0.92,1,0.2648559808731079
native,101,97,1.0,0.5,30,1,1,success,15,10.77744085341692,0.06957656145095825,0.05298468843102455,0.92,1,0.21831579506397247
native,101,97,1.0,0.5,31,1,1,success,14,7.588434498757124,0.02286430448293686,0.016008958220481873,0.92,1,0.2897074222564697
native,101,97,2.0,0.5,0,1,1,success,34,11.07665617018938,0.046320270746946335,0.027842270210385323,0.78,1,0.2176753282546997
native,101,97,2.0,0.5,1,1,1,success,15,9.542384184896946,0.06465340405702591,0.05988761782646179,0.92,1,0.19708365201950073
native,101,97,2.0,0.5,2,1,1,success,10,12.176484800875187,0.08022128790616989,0.06645429134368896,0.94,1,0.07471060752868652
native,101,97,2.0,0.5,3,1,1,success,17,8.797301910817623,0.05440499633550644,0.046212200075387955,0.92,1,0.041829466819763184
native,101,97,2.0,0.5,4,1,1,success,37,12.994912452995777,0.03637472912669182,0.023387830704450607,0.8,1,0.31487470865249634
native,101,97,2.0,0.5,5,1,1,success,13,7.314053364098072,0.07959798723459244,0.07872411608695984,0.92,1,0.24237556755542755
native,101,97,2.0,0.5,6,1,1,success,20,9.446822106838226,0.011661084368824959,0.010131563059985638,0.8,1,0.024684228003025055
native,101,97,2.0,0.5,7,1,1,success,26,8.286687545478344,0.05245085805654526,0.0355844721198082,0.88,1,0.25265830755233765
native,101,97,2.0,0.5,8,1,1,success,15,8.860313333570957,0.08768307417631149,0.06352198123931885,0.92,1,0.19380904734134674
native,101,97,2.0,0.5,9,1,1,success,18,9.795138612389565,0.06476256251335144,0.05432623252272606,0.92,1,0.050845470279455185
native,101,97,2.0,0.5,10,1,1,success,11,13.461621478199959,0.0676509365439415,0.05064050108194351,0.9,1,0.15116995573043823
native,101,97,2.0,0.5,11,1,1,success,11,4.568868782371283,0.022902322933077812,0.017469707876443863,0.92,1,0.024739379063248634
native,101,97,2.0,0.5,12,1,1,success,23,11.075429618358612,0.042878296226263046,0.031044181436300278,0.82,1,0.1898621767759323
native,101,97,2.0,0.5,13,1,1,success,31,7.887613028287888,0.0524415485560894,0.04845411702990532,0.8,1,0.19690924882888794
native,101,97,2.0,0.5,14,1,1,success,24,6.651514209806919,0.06288266181945801,0.04567377641797066,0.92,1,0.28992408514022827
native,101,97,2.0,0.5,15,1,1,success,12,5.8120982721447945,0.031327616423368454,0.026899900287389755,0.82,1,0.024810805916786194
native,101,97,2.0,0.5,16,1,1,success,22,10.715554468333721,0.04055851697921753,0.028399355709552765,0.84,1,0.2861716151237488
native,101,97,2.0,0.5,17,1,1,success,18,9.438969194889069,0.012036461383104324,0.007463883608579636,0.9,1,0.18358246982097626
native,101,97,2.0,0.5,18,1,1,success,16,10.093116201460361,0.08035729080438614,0.06383559107780457,0.9,1,0.22294490039348602
native,101,97,2.0,0.5,19,1,1,success,17,8.095579221844673,0.027262253686785698,0.0246866624802351,0.88,1,0.1473304182291031
native,101,97,2.0,0.5,20,1,1,success,24,9.150277823209763,0.03402075916528702,0.024083144962787628,0.82,1,0.1545811891555786
native,101,97,2.0,0.5,21,1,1,success,9,11.415534652769566,0.07702754437923431,0.06427864730358124,0.94,1,0.12245335429906845
native,101,97,2.0,0.5,22,1,1,success,22,7.16996006667614,0.05289887264370918,0.04907216504216194,0.88,1,0.2409130334854126
native,101,97,2.0,0.5,23,1,1,success,10,10.957700200378895,0.034439604729413986,0.029828088358044624,0.92,1,0.141404926776886
native,101,97,2.0,0.5,24,1,1,success,12,10.139389894902706,0.05612267181277275,0.049098413437604904,0.86,1,0.07043176144361496
native,101,97,2.0,0.5,25,1,1,success,15,10.30703354626894,0.018548540771007538,0.010861379094421864,0.88,1,0.17796777188777924
native,101,97,2.0,0.5,26,1,1,success,18,10.50463691353798,0.06566426903009415,0.04757280647754669,0.82,1,0.07847528159618378
native,101,97,2.0,0.5,27,1,1,success,18,5.823985673487186,0.046754006296396255,0.04371804744005203,0.92,1,0.3003409206867218
native,101,97,2.0,0.5,28,1,1,success,16,9.694118052721024,0.057851456105709076,0.05230758711695671,0.86,1,0.1695159673690796
native,101,97,2.0,0.5,29,1,1,success,23,9.928878396749496,0.0658542737364769,0.048484861850738525,0.92,1,0.26395902037620544
native,101,97,2.0,0.5,30,1,1,success,15,11.688084341585636,0.08105384558439255,0.06525732576847076,0.92,1,0.2171202152967453
native,101,97,2.0,0.5,31,1,1,success,14,8.100718259811401,0.025273574516177177,0.016299504786729813,0.92,1,0.288730651140213
native,101,195,1.0,1.0,0,1,1,success,31,12.735383585095406,0.07035581767559052,0.04133021831512451,0.78,1,0.23569616675376892
native,101,195,1.0,1.0,1,1,1,success,15,1.7397573683410883,0.0570218488574028,0.04315278306603432,0.92,1,0.2044961303472519
native,101,195,1.0,1.0,2,1,1,success,9,5.37956552579999,0.043537821620702744,0.027208710089325905,0.94,1,0.08494515717029572
native,101,195,1.0,1.0,3,1,1,success,14,8.192561566829681,0.08039762079715729,0.054975349456071854,0.92,1,0.04120055213570595
native,101,195,1.0,1.0,4,1,1,success,35,15.628349035978317,0.06478039175271988,0.039226509630680084,0.8,1,0.332800954580307
native,101,195,1.0,1.0,5,1,1,success,12,5.6875646114349365,0.039208028465509415,0.02657056413590908,0.92,1,0.2459343522787094
native,101,195,1.0,1.0,6,1,1,success,19,9.341740980744362,0.061947379261255264,0.040109504014253616,0.8,1,0.027892688289284706
native,101,195,1.0,1.0,7,1,1,success,25,14.059907756745815,0.06061740219593048,0.03903162106871605,0.88,1,0.27134793996810913
native,101,195,1.0,1.0,8,1,1,success,14,3.6825472488999367,0.035446178168058395,0.020798329263925552,0.92,1,0.19884955883026123
native,101,195,1.0,1.0,9,1,1,success,14,7.231262046843767,0.0753883644938469,0.046728216111660004,0.92,1,0.04791491478681564
native,101,195,1.0,1.0,10,1,1,success,11,10.714874602854252,0.06271248310804367,0.03569517657160759,0.9,1,0.153938427567482
native,101,195,1.0,1.0,11,1,1,success,10,4.713017027825117,0.07244838029146194,0.03623320907354355,0.92,1,0.026575004681944847
native,101,195,1.0,1.0,12,1,1,success,22,6.391746457666159,0.05177905037999153,0.047084469348192215,0.82,1,0.20648135244846344
native,101,195,1.0,1.0,13,1,1,success,29,8.101684972643852,0.04291607812047005,0.024624597281217575,0.8,1,0.20802271366119385
native,101,195,1.0,1.0,14,1,1,success,22,14.71908949315548,0.04250478371977806,0.02495107799768448,0.94,1,0.3079988956451416
native,101,195,1.0,1.0,15,1,1,success,13,6.137379445135593,0.06070570647716522,0.03462502732872963,0.82,1,0.02623967081308365
native,101,195,1.0,1.0,16,1,1,success,21,8.098357357084751,0.06428438425064087,0.05696215480566025,0.84,1,0.297285258769989
native,101,195,1.0,1.0,17,1,1,success,17,6.926714908331633,0.05419398471713066,0.04679614305496216,0.9,1,0.19743993878364563
native,101,195,1.0,1.0,18,1,1,success,15,2.1467390470206738,0.04039401561021805,0.021114952862262726,0.9,1,0.2293614149093628
native,101,195,1.0,1.0,19,1,1,success,16,7.0574721321463585,0.03399166092276573,0.02157403901219368,0.88,1,0.15653468668460846
native,101,195,1.0,1.0,20,1,1,success,22,4.118501674383879,0.041102927178144455,0.022625010460615158,0.84,1,0.16503971815109253
native,101,195,1.0,1.0,21,1,1,success,9,7.987353019416332,0.059965621680021286,0.03708583861589432,0.94,1,0.12488579005002975
native,101,195,1.0,1.0,22,1,1,success,21,12.135151773691177,0.03628956899046898,0.02132769115269184,0.88,1,0.25805631279945374
native,101,195,1.0,1.0,23,1,1,success,10,9.994533844292164,0.03858625888824463,0.019229011610150337,0.92,1,0.14897145330905914
native,101,195,1.0,1.0,24,1,1,success,12,8.230720646679401,0.039773132652044296,0.026073990389704704,0.86,1,0.07408919185400009
native,101,195,1.0,1.0,25,1,1,success,13,10.839742608368397,0.03628868982195854,0.027068670839071274,0.9,1,0.1949375420808792
native,101,195,1.0,1.0,26,1,1,success,17,11.251645162701607,0.061045460402965546,0.03677131608128548,0.82,1,0.07743657380342484
native,101,195,1.0,1.0,27,1,1,success,17,18.282486125826836,0.03915482014417648,0.025495553389191628,0.92,1,0.32219642400741577
native,101,195,1.0,1.0,28,1,1,success,15,6.209220737218857,0.040014371275901794,0.023647058755159378,0.86,1,0.17258544266223907
native,101,195,1.0,1.0,29,1,1,success,22,13.243250548839569,0.055532168596982956,0.027178537100553513,0.92,1,0.2819933295249939
native,101,195,1.0,1.0,30,1,1,success,14,7.5271250680089,0.03392757102847099,0.020476816222071648,0.92,1,0.23072056472301483
native,101,195,1.0,1.0,31,1,1,success,13,11.174785904586315,0.044561415910720825,0.03054043836891651,0.92,1,0.30088210105895996
native,101,195,2.0,1.0,0,1,1,success,31,11.631962843239307,0.06783216446638107,0.03879585862159729,0.78,1,0.23430414497852325
native,101,195,2.0,1.0,1,1,1,success,15,2.613020595163107,0.0630018413066864,0.04874724522233009,0.92,1,0.20377349853515625
native,101,195,2.0,1.0,2,1,1,success,9,5.12091675773263,0.05680632218718529,0.044715382158756256,0.94,1,0.08641186356544495
native,101,195,2.0,1.0,3,1,1,success,14,8.542635478079319,0.08816821873188019,0.055567774921655655,0.92,1,0.04079776629805565
native,101,195,2.0,1.0,4,1,1,success,35,14.985617250204086,0.06456104665994644,0.03832945227622986,0.8,1,0.33228233456611633
native,101,195,2.0,1.0,5,1,1,success,12,5.951353814452887,0.04836398363113403,0.038909800350666046,0.92,1,0.2448582798242569
native,101,195,2.0,1.0,6,1,1,success,19,9.782864712178707,0.061264585703611374,0.0403522364795208,0.8,1,0.02727329172194004
native,101,195,2.0,1.0,7,1,1,success,25,13.564142398536205,0.06392832100391388,0.04427073895931244,0.88,1,0.2708260416984558
native,101,195,2.0,1.0,8,1,1,success,14,4.7211176715791225,0.04600723832845688,0.025272754952311516,0.92,1,0.19678518176078796
native,101,195,2.0,1.0,9,1,1,success,15,7.084250915795565,0.07740066945552826,0.046599164605140686,0.92,1,0.04857376962900162
native,101,195,2.0,1.0,10,1,1,success,11,11.42158079892397,0.0696844607591629,0.03942142426967621,0.9,1,0.1526137888431549
native,101,195,2.0,1.0,11,1,1,success,11,3.9327326230704784,0.08511240035295486,0.04738517105579376,0.92,1,0.02705921046435833
native,101,195,2.0,1.0,12,1,1,success,22,5.3023286163806915,0.05873558297753334,0.05370951443910599,0.82,1,0.2054414451122284
native,101,195,2.0,1.0,13,1,1,success,29,7.234268821775913,0.04406153783202171,0.031321994960308075,0.8,1,0.20707830786705017
native,101,195,2.0,1.0,14,1,1,success,22,13.64437397569418,0.0368824303150177,0.021549871191382408,0.94,1,0.3063877522945404
native,101,195,2.0,1.0,15,1,1,success,13,7.967080920934677,0.05809970572590828,0.031140759587287903,0.82,1,0.02518434077501297
native,101,195,2.0,1.0,16,1,1,success,21,7.785607129335403,0.07610021531581879,0.06987755000591278,0.84,1,0.2961312532424927
native,101,195,2.0,1.0,17,1,1,success,17,6.606183014810085,0.05475333705544472,0.04766097664833069,0.9,1,0.1965978741645813
native,101,195,2.0,1.0,18,1,1,success,15,2.7593413833528757,0.049839504063129425,0.028617553412914276,0.9,1,0.22858354449272156
native,101,195,2.0,1.0,19,1,1,success,16,7.027636282145977,0.027893979102373123,0.018907446414232254,0.88,1,0.15562626719474792
native,101,195,2.0,1.0,20,1,1,success,22,4.071906674653292,0.04662134125828743,0.02738950401544571,0.84,1,0.16470728814601898
native,101,195,2.0,1.0,21,1,1,success,9,8.78815446048975,0.06280868500471115,0.040326476097106934,0.94,1,0.1240648701786995
native,101,195,2.0,1.0,22,1,1,success,21,10.775955393910408,0.038635190576314926,0.02437770739197731,0.88,1,0.25689053535461426
native,101,195,2.0,1.0,23,1,1,success,10,10.377711616456509,0.046230971813201904,0.02843393012881279,0.92,1,0.14811524748802185
native,101,195,2.0,1.0,24,1,1,success,12,8.816856890916824,0.049346569925546646,0.037087880074977875,0.86,1,0.07283631712198257
native,101,195,2.0,1.0,25,1,1,success,13,9.713181294500828,0.05352920666337013,0.04771319404244423,0.9,1,0.1936376690864563
native,101,195,2.0,1.0,26,1,1,success,17,10.938831605017185,0.06839504837989807,0.04163416475057602,0.82,1,0.07816338539123535
native,101,195,2.0,1.0,27,1,1,success,17,17.03443191945553,0.03928731381893158,0.02477939799427986,0.92,1,0.3209276497364044
native,101,195,2.0,1.0,28,1,1,success,15,6.897660903632641,0.05007906258106232,0.034154877066612244,0.86,1,0.17179737985134125
native,101,195,2.0,1.0,29,1,1,success,22,11.844749562442303,0.04611912742257118,0.025122441351413727,0.92,1,0.2806202173233032
native,101,195,2.0,1.0,30,1,1,success,14,7.150279823690653,0.042900558561086655,0.029972143471240997,0.92,1,0.23024475574493408
native,101,195,2.0,1.0,31,1,1,success,13,11.161170899868011,0.06383104622364044,0.053518764674663544,0.92,1,0.29997310042381287
native,101,195,1.0,0.5,0,1,1,success,31,12.95088417828083,0.06952136754989624,0.04176384210586548,0.78,1,0.2353670448064804
native,101,195,1.0,0.5,1,1,1,success,15,1.9201785326004028,0.05556130036711693,0.04162222892045975,0.92,1,0.2046278417110443
native,101,195,1.0,0.5,2,1,1,success,9,5.366670899093151,0.044859495013952255,0.02918868511915207,0.94,1,0.08541019260883331
native,101,195,1.0,0.5,3,1,1,success,14,8.33104643970728,0.08105257898569107,0.0536247156560421,0.92,1,0.04123891144990921
native,101,195,1.0,0.5,4,1,1,success,34,12.08820566534996,0.06433197855949402,0.03991185873746872,0.8,1,0.3294941186904907
native,101,195,1.0,0.5,5,1,1,success,12,6.227845326066017,0.03545781224966049,0.019552789628505707,0.92,1,0.24672655761241913
native,101,195,1.0,0.5,6,1,1,success,19,9.337903931736946,0.06039924919605255,0.040330104529857635,0.8,1,0.02799038589000702
native,101,195,1.0,0.5,7,1,1,success,25,14.206617139279842,0.06102043762803078,0.03986826911568642,0.88,1,0.271524578332901
native,101,195,1.0,0.5,8,1,1,success,14,3.8785121869295835,0.03704262524843216,0.02155405655503273,0.92,1,0.1992119699716568
native,101,195,1.0,0.5,9,1,1,success,14,6.876805797219276,0.07508517801761627,0.04694405570626259,0.92,1,0.04829777032136917
native,101,195,1.0,0.5,10,1,1,success,11,10.780719108879566,0.06234850361943245,0.035314932465553284,0.9,1,0.15397584438323975
native,101,195,1.0,0.5,11,1,1,success,10,5.026617087423801,0.07230658829212189,0.03613567724823952,0.92,1,0.026004845276474953
native,101,195,1.0,0.5,12,1,1,success,22,6.4464439637959,0.05319802835583687,0.048296891152858734,0.82,1,0.20642736554145813
native,101,195,1.0,0.5,13,1,1,success,29,9.110909886658192,0.042170628905296326,0.02252393588423729,0.8,1,0.20895835757255554
native,101,195,1.0,0.5,14,1,1,success,22,14.784837141633034,0.0437677800655365,0.025825781747698784,0.94,1,0.30821338295936584
native,101,195,1.0,0.5,15,1,1,success,13,7.825341075658798,0.05473368987441063,0.031137680634856224,0.82,1,0.025643104687333107
native,101,195,1.0,0.5,16,1,1,success,21,8.08768067508936,0.06505461782217026,0.057941701263189316,0.84,1,0.2974974513053894
native,101,195,1.0,0.5,17,1,1,success,17,6.954873912036419,0.05392884090542793,0.04638354480266571,0.9,1,0.1974000483751297
native,101,195,1.0,0.5,18,1,1,success,15,2.0855276379734278,0.04009711742401123,0.021719034761190414,0.9,1,0.2294655740261078
native,101,195,1.0,0.5,19,1,1,success,16,7.039466872811317,0.03552975505590439,0.02393276058137417,0.88,1,0.15652942657470703
native,101,195,1.0,0.5,20,1,1,success,22,2.3695509880781174,0.04204723984003067,0.024785172194242477,0.84,1,0.16299821436405182
native,101,195,1.0,0.5,21,1,1,success,9,8.030200377106667,0.05865030363202095,0.037982773035764694,0.94,1,0.1249329000711441
native,101,195,1.0,0.5,22,1,1,success,21,12.066374532878399,0.041632845997810364,0.02590426802635193,0.88,1,0.2580849230289459
native,101,195,1.0,0.5,23,1,1,success,10,10.450659319758415,0.03756100684404373,0.01934722624719143,0.92,1,0.14917723834514618
native,101,195,1.0,0.5,24,1,1,success,12,8.290227502584457,0.04044226184487343,0.026462245732545853,0.86,1,0.07406722009181976
native,101,195,1.0,0.5,25,1,1,success,13,10.927625931799412,0.03879261761903763,0.030512887984514236,0.9,1,0.1949670910835266
native,101,195,1.0,0.5,26,1,1,success,17,11.17443572729826,0.06455353647470474,0.03609544038772583,0.82,1,0.07768802344799042
native,101,195,1.0,0.5,27,1,1,success,17,18.256764858961105,0.03915506973862648,0.02541084587574005,0.92,1,0.32215267419815063
native,101,195,1.0,0.5,28,1,1,success,15,6.165237631648779,0.04222910478711128,0.024589810520410538,0.86,1,0.17296095192432404
native,101,195,1.0,0.5,29,1,1,success,22,13.288591988384724,0.05672997981309891,0.027746126055717468,0.92,1,0.28201988339424133
native,101,195,1.0,0.5,30,1,1,success,14,7.58713111281395,0.033819038420915604,0.020365513861179352,0.92,1,0.23077046871185303
native,101,195,1.0,0.5,31,1,1,success,13,12.029104866087437,0.05371585488319397,0.04169623181223869,0.92,1,0.30091652274131775
native,101,195,2.0,0.5,0,1,1,success,31,12.272658757865429,0.0671185553073883,0.0386166051030159,0.78,1,0.23415055871009827
native,101,195,2.0,0.5,1,1,1,success,15,2.747787395492196,0.06311511248350143,0.049205537885427475,0.92,1,0.2037843018770218
native,101,195,2.0,0.5,2,1,1,success,9,4.847597796469927,0.05610918253660202,0.04168952628970146,0.94,1,0.08416273444890976
native,101,195,2.0,0.5,3,1,1,success,14,8.567528799176216,0.08619964867830276,0.054898589849472046,0.92,1,0.040813397616147995
native,101,195,2.0,0.5,4,1,1,success,35,12.107052840292454,0.06508590281009674,0.039665915071964264,0.8,1,0.32953009009361267
native,101,195,2.0,0.5,5,1,1,success,12,6.3425772823393345,0.04181836545467377,0.03001863695681095,0.92,1,0.24581561982631683
native,101,195,2.0,0.5,6,1,1,success,19,9.76722314953804,0.06008479744195938,0.040427640080451965,0.8,1,0.027371590957045555
native,101,195,2.0,0.5,7,1,1,success,25,13.83785530924797,0.06409872323274612,0.04539258033037186,0.88,1,0.271180659532547
native,101,195,2.0,0.5,8,1,1,success,14,4.586282651871443,0.04359251260757446,0.023977231234312057,0.92,1,0.1974010467529297
native,101,195,2.0,0.5,9,1,1,success,14,6.955100689083338,0.08005839586257935,0.04796824976801872,0.92,1,0.04846511036157608
native,101,195,2.0,0.5,10,1,1,success,11,11.454259976744652,0.06940629333257675,0.03908276930451393,0.9,1,0.15269309282302856
native,101,195,2.0,0.5,11,1,1,success,10,3.918804693967104,0.08564544469118118,0.0478682816028595,0.92,1,0.026823965832591057
native,101,195,2.0,0.5,12,1,1,success,22,5.454994738101959,0.06025674194097519,0.054889943450689316,0.82,1,0.20543408393859863
native,101,195,2.0,0.5,13,1,1,success,29,8.618875406682491,0.04378508776426315,0.029572436586022377,0.8,1,0.20835524797439575
native,101,195,2.0,0.5,14,1,1,success,22,13.763949275016785,0.03785470128059387,0.022457974031567574,0.94,1,0.30679723620414734
native,101,195,2.0,0.5,15,1,1,success,13,8.247178047895432,0.05710497125983238,0.03167717158794403,0.82,1,0.025053685531020164
native,101,195,2.0,0.5,16,1,1,success,21,8.069257251918316,0.07713764905929565,0.07002227008342743,0.84,1,0.2952702045440674
native,101,195,2.0,0.5,17,1,1,success,17,6.665414199233055,0.05399879440665245,0.046740658581256866,0.9,1,0.19656196236610413
native,101,195,2.0,0.5,18,1,1,success,15,2.7061032596975565,0.049022503197193146,0.028218146413564682,0.9,1,0.22874240577220917
native,101,195,2.0,0.5,19,1,1,success,16,7.14214239269495,0.029464920982718468,0.018833504989743233,0.88,1,0.1556195616722107
native,101,195,2.0,0.5,20,1,1,success,22,3.493966069072485,0.04647226631641388,0.026322390884160995,0.84,1,0.16401033103466034
native,101,195,2.0,0.5,21,1,1,success,9,8.716195821762085,0.06915894895792007,0.0433063842356205,0.94,1,0.12421175092458725
native,101,195,2.0,0.5,22,1,1,success,21,10.994751006364822,0.03730614483356476,0.022902213037014008,0.88,1,0.256985604763031
native,101,195,2.0,0.5,23,1,1,success,10,10.717804543673992,0.044877614825963974,0.026845652610063553,0.92,1,0.14828602969646454
native,101,195,2.0,0.5,24,1,1,success,12,8.826207369565964,0.04853503406047821,0.035609468817710876,0.86,1,0.07293926179409027
native,101,195,2.0,0.5,25,1,1,success,13,9.782593697309494,0.05184565857052803,0.04590851813554764,0.9,1,0.19360695779323578
native,101,195,2.0,0.5,26,1,1,success,17,11.565585620701313,0.07466235011816025,0.04306092485785484,0.82,1,0.07721781730651855
native,101,195,2.0,0.5,27,1,1,success,17,17.009658738970757,0.03925894945859909,0.024753127247095108,0.92,1,0.320884644985199
native,101,195,2.0,0.5,28,1,1,success,15,6.769611034542322,0.05350005626678467,0.036695510149002075,0.86,1,0.17244936525821686
native,101,195,2.0,0.5,29,1,1,success,22,11.934524402022362,0.04727773368358612,0.025441894307732582,0.92,1,0.2806927561759949
native,101,195,2.0,0.5,30,1,1,success,14,7.186106406152248,0.042873792350292206,0.030006766319274902,0.92,1,0.2301945686340332
native,101,195,2.0,0.5,31,1,1,success,13,12.343738228082657,0.05614125356078148,0.045592643320560455,0.92,1,0.3002268970012665
native,202,97,1.0,1.0,0,0,0,placed_nonstatic,,18.26784759759903,0.54400235414505,0.41001683473587036,0.78,1,0.22846008837223053
native,202,97,1.0,1.0,1,1,1,success,26,4.501920193433762,0.11507120728492737,0.07706473022699356,0.92,1,0.20364129543304443
native,202,97,1.0,1.0,2,1,1,success,12,9.18834749609232,0.11307783424854279,0.08076828718185425,0.94,1,0.08417698740959167
native,202,97,1.0,1.0,3,1,1,success,17,8.101874962449074,0.06399879604578018,0.04574604332447052,0.92,1,0.04552067071199417
native,202,97,1.0,1.0,4,0,0,placed_nonstatic,,17.88228005170822,0.7414658665657043,0.6261025667190552,0.8,1,0.32412123680114746
native,202,97,1.0,1.0,5,1,1,success,37,12.823467142879963,0.206866055727005,0.11746355891227722,0.92,1,0.24666859209537506
native,202,97,1.0,1.0,6,1,1,success,21,10.32144669443369,0.049012426286935806,0.030786313116550446,0.8,1,0.036841195076704025
native,202,97,1.0,1.0,7,0,0,placed_nonstatic,,18.912171944975853,0.6142064332962036,0.37460798025131226,0.88,1,0.2545234262943268
native,202,97,1.0,1.0,8,1,1,success,26,6.509439088404179,0.11005615442991257,0.07286325842142105,0.92,1,0.2022285759449005
native,202,97,1.0,1.0,9,1,1,success,16,11.703463271260262,0.06237158179283142,0.05547228455543518,0.92,1,0.05793796852231026
native,202,97,1.0,1.0,10,1,1,success,21,11.953311040997505,0.0839763879776001,0.056419745087623596,0.9,1,0.15609370172023773
native,202,97,1.0,1.0,11,1,1,success,11,6.843936629593372,0.06467651575803757,0.04655950888991356,0.92,1,0.02645888552069664
native,202,97,1.0,1.0,12,0,1,left_after_success,33,22.117795422673225,0.34145623445510864,0.2136615514755249,0.8,1,0.21006450057029724
native,202,97,1.0,1.0,13,1,1,success,46,16.69742912054062,0.25177133083343506,0.1821884959936142,0.8,1,0.18455469608306885
native,202,97,1.0,1.0,14,0,0,goal_not_reached_at_end,,27.383744716644287,0.8128734230995178,0.5662863850593567,0.92,1,0.30261725187301636
native,202,97,1.0,1.0,15,1,1,success,15,6.381841376423836,0.06485150754451752,0.04652177169919014,0.82,1,0.02748902700841427
native,202,97,1.0,1.0,16,0,0,goal_not_reached_at_end,,30.179914087057114,0.5968275666236877,0.3874298334121704,0.84,1,0.29718881845474243
native,202,97,1.0,1.0,17,1,1,success,27,13.488263823091984,0.11023284494876862,0.07564064860343933,0.9,1,0.18017669022083282
native,202,97,1.0,1.0,18,1,1,success,43,15.409208834171295,0.2522510588169098,0.14365436136722565,0.9,1,0.22580364346504211
native,202,97,1.0,1.0,19,1,1,success,23,14.862379059195518,0.09317597001791,0.06326610594987869,0.88,1,0.1403626650571823
native,202,97,1.0,1.0,20,1,1,success,26,7.864761166274548,0.10456375777721405,0.06606525927782059,0.82,1,0.1608291119337082
native,202,97,1.0,1.0,21,1,1,success,20,11.218767613172531,0.08987639099359512,0.046236902475357056,0.94,1,0.12651033699512482
native,202,97,1.0,1.0,22,0,0,placed_nonstatic,,23.714711889624596,0.49445050954818726,0.34698808193206787,0.88,1,0.24160553514957428
native,202,97,1.0,1.0,23,1,1,success,22,4.953044466674328,0.07584403455257416,0.03680525720119476,0.92,1,0.15404891967773438
native,202,97,1.0,1.0,24,1,1,success,13,8.204968646168709,0.06990986317396164,0.060695260763168335,0.86,1,0.07245863229036331
native,202,97,1.0,1.0,25,0,1,left_after_success,26,9.115971624851227,0.9323330521583557,0.6808844208717346,0.9,1,0.18635447323322296
native,202,97,1.0,1.0,26,1,1,success,20,7.900684140622616,0.09917837381362915,0.07124026864767075,0.82,1,0.08300243318080902
native,202,97,1.0,1.0,27,0,0,goal_not_reached_at_end,,34.69397500157356,0.7612524032592773,0.5783164501190186,0.92,1,0.31806477904319763
native,202,97,1.0,1.0,28,1,1,success,25,6.513949017971754,0.08940974622964859,0.05704362690448761,0.86,1,0.1781018227338791
native,202,97,1.0,1.0,29,0,0,placed_nonstatic,,21.198514848947525,0.8058634996414185,0.55228191614151,0.92,1,0.2615245580673218
native,202,97,1.0,1.0,30,1,1,success,41,18.938196823000908,0.20338650047779083,0.1108226329088211,0.9,1,0.2222612500190735
native,202,97,1.0,1.0,31,0,0,placed_nonstatic,,22.98184111714363,0.8844173550605774,0.5902348756790161,0.92,1,0.29987025260925293
native,202,97,2.0,1.0,0,0,0,goal_not_reached_at_end,,25.23643523454666,0.8328377604484558,0.6327099800109863,0.78,1,0.23452092707157135
native,202,97,2.0,1.0,1,1,1,success,25,4.6499790623784065,0.13115261495113373,0.08071880042552948,0.92,1,0.2030300348997116
native,202,97,2.0,1.0,2,1,1,success,12,11.006627231836319,0.13107162714004517,0.09385699033737183,0.94,1,0.07871031016111374
native,202,97,2.0,1.0,3,1,1,success,17,8.347881957888603,0.07168320566415787,0.05898003280162811,0.92,1,0.04574241489171982
native,202,97,2.0,1.0,4,0,0,placed_nonstatic,,17.263827845454216,0.7411066889762878,0.625868558883667,0.8,1,0.3225094974040985
native,202,97,2.0,1.0,5,1,1,success,41,12.489757500588894,0.19816143810749054,0.11379622668027878,0.92,1,0.24617011845111847
native,202,97,2.0,1.0,6,1,1,success,21,10.299654677510262,0.055395469069480896,0.04055191949009895,0.8,1,0.03625940904021263
native,202,97,2.0,1.0,7,0,0,placed_nonstatic,,18.735121935606003,0.8028820753097534,0.560937762260437,0.88,1,0.25519633293151855
native,202,97,2.0,1.0,8,1,1,success,28,10.180086828768253,0.12821362912654877,0.06971293687820435,0.92,1,0.20573510229587555
native,202,97,2.0,1.0,9,1,1,success,16,12.563283555209637,0.06897562742233276,0.05499028414487839,0.92,1,0.057187747210264206
native,202,97,2.0,1.0,10,1,1,success,22,12.123935855925083,0.08680743724107742,0.05495674908161163,0.9,1,0.15610839426517487
native,202,97,2.0,1.0,11,1,1,success,11,8.825279772281647,0.06649308651685715,0.04981612414121628,0.92,1,0.02310851216316223
native,202,97,2.0,1.0,12,1,1,success,33,15.224158763885498,0.14983592927455902,0.07079774886369705,0.8,1,0.20031538605690002
native,202,97,2.0,1.0,13,0,1,left_after_success,44,13.952723704278469,0.4070630669593811,0.24508313834667206,0.8,1,0.18781936168670654
native,202,97,2.0,1.0,14,0,0,placed_nonstatic,,24.78855289518833,0.7977761626243591,0.5272201895713806,0.92,1,0.30281585454940796
native,202,97,2.0,1.0,15,1,1,success,15,7.74016696959734,0.06958408653736115,0.05159059911966324,0.82,1,0.02516576647758484
native,202,97,2.0,1.0,16,0,0,goal_not_reached_at_end,,31.64181485772133,0.6064922213554382,0.4010545313358307,0.84,1,0.29854193329811096
native,202,97,2.0,1.0,17,1,1,success,27,13.816527090966702,0.11490941047668457,0.07632859796285629,0.9,1,0.17990396916866302
native,202,97,2.0,1.0,18,1,1,success,44,15.314096584916115,0.2513927221298218,0.14317074418067932,0.9,1,0.22537611424922943
native,202,97,2.0,1.0,19,1,1,success,23,15.320242382586002,0.09613906592130661,0.06386669725179672,0.88,1,0.13991641998291016
native,202,97,2.0,1.0,20,1,1,success,27,9.82503592967987,0.1079564243555069,0.0626760944724083,0.82,1,0.1582966446876526
native,202,97,2.0,1.0,21,1,1,success,21,11.156545020639896,0.09346672147512436,0.05498306825757027,0.94,1,0.12516045570373535
native,202,97,2.0,1.0,22,0,0,placed_nonstatic,,24.88117478787899,0.49598228931427,0.3580626845359802,0.88,1,0.2423972636461258
native,202,97,2.0,1.0,23,1,1,success,22,5.299926269799471,0.09039828181266785,0.05191074684262276,0.92,1,0.1542583853006363
native,202,97,2.0,1.0,24,1,1,success,13,7.945838384330273,0.08177028596401215,0.07538996636867523,0.86,1,0.07271324843168259
native,202,97,2.0,1.0,25,1,1,success,26,11.582810431718826,0.1198466494679451,0.06102622672915459,0.9,1,0.17654134333133698
native,202,97,2.0,1.0,26,1,1,success,20,8.083310909569263,0.10006433725357056,0.07389192283153534,0.82,1,0.08295264095067978
native,202,97,2.0,1.0,27,0,0,goal_not_reached_at_end,,34.259676933288574,0.7497186660766602,0.5765514969825745,0.92,1,0.3172021806240082
native,202,97,2.0,1.0,28,1,1,success,26,6.459660828113556,0.09725941717624664,0.05721534416079521,0.86,1,0.1772739738225937
native,202,97,2.0,1.0,29,0,0,placed_nonstatic,,21.996311843395233,0.8075596690177917,0.5525466799736023,0.92,1,0.2615301311016083
native,202,97,2.0,1.0,30,0,1,left_after_success,45,23.08991365134716,0.33696919679641724,0.22984585165977478,0.9,1,0.22846893966197968
native,202,97,2.0,1.0,31,0,0,placed_nonstatic,,22.387027740478516,0.8838804960250854,0.5904411673545837,0.92,1,0.2987741529941559
native,202,97,1.0,0.5,0,0,0,placed_nonstatic,,22.62645773589611,0.8633800745010376,0.6395542621612549,0.78,1,0.23455432057380676
native,202,97,1.0,0.5,1,1,1,success,25,4.312796983867884,0.11402612924575806,0.07676956057548523,0.92,1,0.20353096723556519
native,202,97,1.0,0.5,2,1,1,success,12,8.936590515077114,0.11141543090343475,0.07868878543376923,0.94,1,0.0842636376619339
native,202,97,1.0,0.5,3,1,1,success,17,8.225014433264732,0.06251862645149231,0.04285063594579697,0.92,1,0.04519455507397652
native,202,97,1.0,0.5,4,0,0,placed_nonstatic,,18.44460517168045,0.7438051104545593,0.6271345615386963,0.8,1,0.32397720217704773
native,202,97,1.0,0.5,5,1,1,success,37,13.39749712496996,0.21495437622070312,0.12011668086051941,0.92,1,0.2473663091659546
native,202,97,1.0,0.5,6,1,1,success,20,10.392818599939346,0.045212894678115845,0.028171595185995102,0.8,1,0.03726552799344063
native,202,97,1.0,0.5,7,0,0,placed_nonstatic,,19.490638747811317,0.6212568879127502,0.377206414937973,0.88,1,0.2543911933898926
native,202,97,1.0,0.5,8,1,1,success,26,5.256173200905323,0.10354752838611603,0.07306431233882904,0.92,1,0.20232293009757996
native,202,97,1.0,0.5,9,1,1,success,16,11.837729252874851,0.061518412083387375,0.05662228539586067,0.92,1,0.057990480214357376
native,202,97,1.0,0.5,10,1,1,success,21,11.951403692364693,0.08395199477672577,0.05661562830209732,0.9,1,0.15607061982154846
native,202,97,1.0,0.5,11,1,1,success,11,6.782172713428736,0.06487324833869934,0.04666009545326233,0.92,1,0.026937827467918396
native,202,97,1.0,0.5,12,1,1,success,32,15.759112313389778,0.14506390690803528,0.07133364677429199,0.8,1,0.20186322927474976
native,202,97,1.0,0.5,13,1,1,success,46,15.861805528402328,0.25150683522224426,0.18258054554462433,0.8,1,0.18531230092048645
native,202,97,1.0,0.5,14,0,0,placed_nonstatic,,20.59990167617798,0.5557585954666138,0.33289778232574463,0.92,1,0.30016982555389404
native,202,97,1.0,0.5,15,1,1,success,15,6.242823321372271,0.06456924974918365,0.04610709100961685,0.82,1,0.02785240113735199
native,202,97,1.0,0.5,16,0,0,goal_not_reached_at_end,,31.808435916900635,0.6027154922485352,0.4035285711288452,0.84,1,0.2997881770133972
native,202,97,1.0,0.5,17,1,1,success,27,13.3584039285779,0.11001166701316833,0.07564070075750351,0.9,1,0.18025165796279907
native,202,97,1.0,0.5,18,1,1,success,43,16.055356711149216,0.27277737855911255,0.17532631754875183,0.9,1,0.2271270751953125
native,202,97,1.0,0.5,19,1,1,success,23,14.833024702966213,0.09294963628053665,0.0637248083949089,0.88,1,0.14042022824287415
native,202,97,1.0,0.5,20,1,1,success,26,8.628835901618004,0.0944291204214096,0.05891772359609604,0.82,1,0.16062435507774353
native,202,97,1.0,0.5,21,1,1,success,20,10.845646262168884,0.0865185484290123,0.043734341859817505,0.94,1,0.12647439539432526
native,202,97,1.0,0.5,22,0,0,placed_nonstatic,,24.311037734150887,0.4978676438331604,0.3548523485660553,0.88,1,0.2429073005914688
native,202,97,1.0,0.5,23,1,1,success,21,4.5286971144378185,0.07383806258440018,0.03733288496732712,0.92,1,0.15341314673423767
native,202,97,1.0,0.5,24,1,1,success,13,9.859384968876839,0.06505148112773895,0.05531035736203194,0.86,1,0.07082387059926987
native,202,97,1.0,0.5,25,1,1,success,26,11.28685474395752,0.10938529670238495,0.05651203542947769,0.9,1,0.1766357123851776
native,202,97,1.0,0.5,26,1,1,success,20,5.043176934123039,0.09278537333011627,0.06797616183757782,0.82,1,0.08728014677762985
native,202,97,1.0,0.5,27,0,0,goal_not_reached_at_end,,34.86793488264084,0.7582388520240784,0.5780885219573975,0.92,1,0.31813883781433105
native,202,97,1.0,0.5,28,1,1,success,25,6.613815203309059,0.08949366211891174,0.05707606300711632,0.86,1,0.17824245989322662
native,202,97,1.0,0.5,29,0,0,placed_nonstatic,,21.129384636878967,0.8209595680236816,0.5967569947242737,0.92,1,0.26027998328208923
native,202,97,1.0,0.5,30,1,1,success,38,20.07974684238434,0.22821736335754395,0.13225047290325165,0.9,1,0.22411035001277924
native,202,97,1.0,0.5,31,0,0,placed_nonstatic,,22.781305015087128,0.8855301737785339,0.5912355184555054,0.92,1,0.29974880814552307
native,202,97,2.0,0.5,0,0,0,placed_nonstatic,,22.247441112995148,0.8648122549057007,0.6387304663658142,0.78,1,0.2338014841079712
native,202,97,2.0,0.5,1,1,1,success,25,4.571761004626751,0.13354362547397614,0.08080967515707016,0.92,1,0.20342101156711578
native,202,97,2.0,0.5,2,1,1,success,12,10.682804509997368,0.1309581696987152,0.09373658895492554,0.94,1,0.07929251343011856
native,202,97,2.0,0.5,3,1,1,success,17,8.496330119669437,0.0706075057387352,0.057154331356287,0.92,1,0.04531793296337128
native,202,97,2.0,0.5,4,0,0,placed_nonstatic,,17.820512875914574,0.7456452250480652,0.6285731792449951,0.8,1,0.3224239647388458
native,202,97,2.0,0.5,5,1,1,success,40,13.206344097852707,0.20650969445705414,0.11533848941326141,0.92,1,0.24686084687709808
native,202,97,2.0,0.5,6,1,1,success,20,9.923011064529419,0.04779093340039253,0.026916150003671646,0.8,1,0.036131396889686584
native,202,97,2.0,0.5,7,0,0,placed_nonstatic,,20.031489431858063,0.8027351498603821,0.5575776100158691,0.88,1,0.2559269964694977
native,202,97,2.0,0.5,8,1,1,success,27,7.5673190876841545,0.11425083130598068,0.0688076764345169,0.92,1,0.2039240002632141
native,202,97,2.0,0.5,9,1,1,success,16,12.529626488685608,0.06795976310968399,0.0551224984228611,0.92,1,0.0577591210603714
native,202,97,2.0,0.5,10,1,1,success,22,12.205437757074833,0.08679627627134323,0.05526462569832802,0.9,1,0.15608781576156616
native,202,97,2.0,0.5,11,1,1,success,11,7.730888202786446,0.06631103903055191,0.049325332045555115,0.92,1,0.02488471008837223
native,202,97,2.0,0.5,12,1,1,success,32,18.971113488078117,0.318065881729126,0.19976092875003815,0.8,1,0.20900213718414307
native,202,97,2.0,0.5,13,0,1,left_after_success,44,13.514711521565914,0.4075174629688263,0.24424876272678375,0.8,1,0.18816980719566345
native,202,97,2.0,0.5,14,0,0,placed_nonstatic,,20.822087302803993,0.5538917779922485,0.3289879560470581,0.92,1,0.3002772331237793
native,202,97,2.0,0.5,15,1,1,success,15,7.535668555647135,0.06960634887218475,0.05201307311654091,0.82,1,0.025495033711194992
native,202,97,2.0,0.5,16,0,0,goal_not_reached_at_end,,32.57114440202713,0.602993369102478,0.4025179147720337,0.84,1,0.2999684810638428
native,202,97,2.0,0.5,17,1,1,success,27,14.0451081097126,0.11402005702257156,0.07719466835260391,0.9,1,0.17959092557430267
native,202,97,2.0,0.5,18,1,1,success,40,16.02216251194477,0.27014273405075073,0.17287608981132507,0.9,1,0.2269560843706131
native,202,97,2.0,0.5,19,1,1,success,23,15.424488112330437,0.09532880783081055,0.06438975036144257,0.88,1,0.13983863592147827
native,202,97,2.0,0.5,20,1,1,success,27,9.979451075196266,0.09607965499162674,0.05722764506936073,0.82,1,0.15845900774002075
native,202,97,2.0,0.5,21,1,1,success,21,11.207138188183308,0.09520477056503296,0.05076253041625023,0.94,1,0.12582772970199585
native,202,97,2.0,0.5,22,0,0,placed_nonstatic,,24.53688159584999,0.4956963062286377,0.3560190498828888,0.88,1,0.24275127053260803
native,202,97,2.0,0.5,23,1,1,success,22,4.744397941976786,0.08583324402570724,0.04582664370536804,0.92,1,0.1534869521856308
native,202,97,2.0,0.5,24,1,1,success,13,8.711320348083973,0.07838527113199234,0.07183964550495148,0.86,1,0.0719393938779831
native,202,97,2.0,0.5,25,1,1,success,26,11.543613858520985,0.11939577758312225,0.06004071980714798,0.9,1,0.17654351890087128
native,202,97,2.0,0.5,26,1,1,success,20,6.321080960333347,0.09366050362586975,0.06839241087436676,0.82,1,0.08479982614517212
native,202,97,2.0,0.5,27,0,0,goal_not_reached_at_end,,34.662436693906784,0.751343846321106,0.5768146514892578,0.92,1,0.317190021276474
native,202,97,2.0,0.5,28,1,1,success,26,6.3833752647042274,0.09593355655670166,0.05704600736498833,0.86,1,0.1773899495601654
native,202,97,2.0,0.5,29,0,0,placed_nonstatic,,21.73340693116188,0.8192510008811951,0.5969889760017395,0.92,1,0.2598263919353485
native,202,97,2.0,0.5,30,1,1,success,42,19.322456791996956,0.20435628294944763,0.10984871536493301,0.9,1,0.22211554646492004
native,202,97,2.0,0.5,31,0,0,placed_nonstatic,,22.071288898587227,0.8860364556312561,0.5925646424293518,0.92,1,0.2985895872116089
native,202,195,1.0,1.0,0,0,1,left_after_success,39,27.004951611161232,0.10127738863229752,0.07664657384157181,0.8,1,0.2530115842819214
native,202,195,1.0,1.0,1,1,1,success,16,22.39072322845459,0.05609234794974327,0.030371472239494324,0.92,1,0.22763055562973022
native,202,195,1.0,1.0,2,1,1,success,10,14.00274783372879,0.06452083587646484,0.03858707472681999,0.94,1,0.09933920949697495
native,202,195,1.0,1.0,3,1,1,success,15,10.373095981776714,0.039513442665338516,0.0366467647254467,0.92,1,0.042109545320272446
native,202,195,1.0,1.0,4,0,1,left_after_success,41,34.51881185173988,0.08811591565608978,0.06504343450069427,0.8,1,0.3484532833099365
native,202,195,1.0,1.0,5,1,1,success,12,14.305911026895046,0.06979919224977493,0.04552708566188812,0.92,1,0.260686457157135
native,202,195,1.0,1.0,6,1,1,success,19,11.602797545492649,0.02656930312514305,0.015873007476329803,0.8,1,0.03662704676389694
native,202,195,1.0,1.0,7,0,1,left_after_success,27,25.184035301208496,0.08535405248403549,0.06513819098472595,0.88,1,0.28196248412132263
native,202,195,1.0,1.0,8,0,1,left_after_success,16,26.34839341044426,0.07015201449394226,0.036414872854948044,0.92,1,0.22728174924850464
native,202,195,1.0,1.0,9,1,1,success,12,7.949843071401119,0.03725220635533333,0.024818390607833862,0.92,1,0.05135228484869003
native,202,195,1.0,1.0,10,1,1,success,11,6.280206143856049,0.05573783814907074,0.04426091909408569,0.9,1,0.16721028089523315
native,202,195,1.0,1.0,11,1,1,success,9,7.758623454719782,0.029328325763344765,0.02253926545381546,0.92,1,0.030795522034168243
native,202,195,1.0,1.0,12,1,1,success,24,16.519907861948013,0.04460696130990982,0.023016003891825676,0.8,1,0.21639393270015717
native,202,195,1.0,1.0,13,1,1,success,35,10.745946317911148,0.08521740883588791,0.07075947523117065,0.8,1,0.21078409254550934
native,202,195,1.0,1.0,14,0,1,left_after_success,24,36.94533556699753,0.0796056017279625,0.052907828241586685,0.94,1,0.32717201113700867
native,202,195,1.0,1.0,15,1,1,success,13,11.062020435929298,0.021834688261151314,0.015859296545386314,0.82,1,0.028925510123372078
native,202,195,1.0,1.0,16,0,1,left_after_success,23,26.473473757505417,0.061070311814546585,0.04863797500729561,0.84,1,0.31685060262680054
native,202,195,1.0,1.0,17,1,1,success,19,21.82202599942684,0.06586413085460663,0.03252449631690979,0.9,1,0.2126176655292511
native,202,195,1.0,1.0,18,1,1,success,17,13.775017112493515,0.05567314103245735,0.035922545939683914,0.9,1,0.2441215217113495
native,202,195,1.0,1.0,19,1,1,success,17,22.98348769545555,0.06025319918990135,0.03229498863220215,0.88,1,0.17741359770298004
native,202,195,1.0,1.0,20,1,1,success,24,21.35320194065571,0.0755636915564537,0.044690437614917755,0.84,1,0.18214169144630432
native,202,195,1.0,1.0,21,1,1,success,9,8.459487929940224,0.059037622064352036,0.03948136046528816,0.94,1,0.14047151803970337
native,202,195,1.0,1.0,22,1,1,success,24,23.46067689359188,0.07680290937423706,0.0442863367497921,0.88,1,0.26704806089401245
native,202,195,1.0,1.0,23,1,1,success,10,10.079092346131802,0.039517827332019806,0.03138737380504608,0.92,1,0.15092478692531586
native,202,195,1.0,1.0,24,1,1,success,12,16.227925196290016,0.03503897413611412,0.024645395576953888,0.86,1,0.06922625750303268
native,202,195,1.0,1.0,25,1,1,success,15,12.835630215704441,0.04480081424117088,0.03240734711289406,0.9,1,0.19777274131774902
native,202,195,1.0,1.0,26,1,1,success,18,14.023148454725742,0.053368620574474335,0.03945909067988396,0.82,1,0.09556807577610016
native,202,195,1.0,1.0,27,0,1,left_after_success,20,26.40344388782978,0.05456877127289772,0.048106662929058075,0.92,1,0.3257253170013428
native,202,195,1.0,1.0,28,1,1,success,16,12.670370750129223,0.0421694815158844,0.03033382259309292,0.86,1,0.1886320561170578
native,202,195,1.0,1.0,29,0,1,left_after_success,24,26.025131344795227,0.07781489193439484,0.05199863016605377,0.92,1,0.29321569204330444
native,202,195,1.0,1.0,30,1,1,success,17,8.010969497263432,0.036805544048547745,0.022804178297519684,0.92,1,0.23410841822624207
native,202,195,1.0,1.0,31,1,1,success,13,6.793253589421511,0.04562138766050339,0.04128584265708923,0.92,1,0.29980868101119995
native,202,195,2.0,1.0,0,0,1,left_after_success,37,26.44551172852516,0.09822829812765121,0.07335492223501205,0.8,1,0.2520431876182556
native,202,195,2.0,1.0,1,1,1,success,16,19.88775096833706,0.062057167291641235,0.031010909005999565,0.92,1,0.2251962423324585
native,202,195,2.0,1.0,2,1,1,success,10,15.209631994366646,0.07471434026956558,0.049886878579854965,0.94,1,0.10080322623252869
native,202,195,2.0,1.0,3,1,1,success,15,10.686016641557217,0.05169539898633957,0.04860663041472435,0.92,1,0.041398972272872925
native,202,195,2.0,1.0,4,0,1,left_after_success,41,33.910203725099564,0.0847477987408638,0.061122290790081024,0.8,1,0.3470538854598999
native,202,195,2.0,1.0,5,1,1,success,13,13.9735983684659,0.07092075794935226,0.04504171013832092,0.92,1,0.2602550685405731
native,202,195,2.0,1.0,6,1,1,success,19,11.134179309010506,0.0329633466899395,0.026934972032904625,0.8,1,0.03515852987766266
native,202,195,2.0,1.0,7,1,1,success,27,23.07341620326042,0.08342557400465012,0.0627034455537796,0.88,1,0.27990370988845825
native,202,195,2.0,1.0,8,0,1,left_after_success,16,27.483919635415077,0.07631712406873703,0.042537081986665726,0.92,1,0.22842846810817719
native,202,195,2.0,1.0,9,1,1,success,12,7.639637216925621,0.046507593244314194,0.032972998917102814,0.92,1,0.05135888233780861
native,202,195,2.0,1.0,10,1,1,success,11,5.915644112974405,0.07479829341173172,0.05955713614821434,0.9,1,0.16671036183834076
native,202,195,2.0,1.0,11,1,1,success,10,10.540634393692017,0.05389850214123726,0.045996930450201035,0.92,1,0.035782136023044586
native,202,195,2.0,1.0,12,1,1,success,24,14.968381263315678,0.046475913375616074,0.024377644062042236,0.8,1,0.21458443999290466
native,202,195,2.0,1.0,13,1,1,success,35,11.900375597178936,0.090127132833004,0.07479552924633026,0.8,1,0.21191099286079407
native,202,195,2.0,1.0,14,0,1,left_after_success,24,35.731181502342224,0.07979949563741684,0.051737505942583084,0.94,1,0.32601216435432434
native,202,195,2.0,1.0,15,1,1,success,13,12.29169126600027,0.03286625072360039,0.02268814481794834,0.82,1,0.029270820319652557
native,202,195,2.0,1.0,16,1,1,success,23,24.379275739192963,0.06333092600107193,0.048554785549640656,0.84,1,0.3147205412387848
native,202,195,2.0,1.0,17,1,1,success,19,20.636841654777527,0.06576447933912277,0.03128468990325928,0.9,1,0.2113974541425705
native,202,195,2.0,1.0,18,1,1,success,17,13.811652548611164,0.06665214151144028,0.046250391751527786,0.9,1,0.24382585287094116
native,202,195,2.0,1.0,19,1,1,success,17,21.304653957486153,0.058280300348997116,0.03192153573036194,0.88,1,0.1757940798997879
native,202,195,2.0,1.0,20,1,1,success,24,20.4494446516037,0.07218259572982788,0.04293374344706535,0.84,1,0.18118910491466522
native,202,195,2.0,1.0,21,1,1,success,9,7.259583566337824,0.06895311176776886,0.049905117601156235,0.94,1,0.13868188858032227
native,202,195,2.0,1.0,22,1,1,success,23,21.815944463014603,0.08216814696788788,0.04414951056241989,0.88,1,0.2657335102558136
native,202,195,2.0,1.0,23,1,1,success,10,10.84030419588089,0.0477965772151947,0.03352740406990051,0.92,1,0.14890345931053162
native,202,195,2.0,1.0,24,1,1,success,13,16.483498737215996,0.04453359171748161,0.027584554627537727,0.86,1,0.06860978901386261
native,202,195,2.0,1.0,25,1,1,success,16,11.624311096966267,0.051561810076236725,0.033501505851745605,0.9,1,0.19649814069271088
native,202,195,2.0,1.0,26,1,1,success,17,13.1490807980299,0.05866716057062149,0.044768255203962326,0.82,1,0.09224309772253036
native,202,195,2.0,1.0,27,0,1,left_after_success,20,25.393113493919373,0.05073477700352669,0.04624531418085098,0.92,1,0.3249589502811432
native,202,195,2.0,1.0,28,1,1,success,16,11.313531547784805,0.05018281564116478,0.03223567456007004,0.86,1,0.1862918883562088
native,202,195,2.0,1.0,29,1,1,success,24,24.813054129481316,0.0791698470711708,0.05130595341324806,0.92,1,0.29189586639404297
native,202,195,2.0,1.0,30,1,1,success,17,8.867714554071426,0.04454272985458374,0.029211033135652542,0.92,1,0.23468607664108276
native,202,195,2.0,1.0,31,1,1,success,13,4.392866976559162,0.046357348561286926,0.03974112868309021,0.92,1,0.2963655889034271
native,202,195,1.0,0.5,0,1,1,success,38,24.901200085878372,0.10696746408939362,0.08300765603780746,0.8,1,0.25122642517089844
native,202,195,1.0,0.5,1,1,1,success,16,22.309202700853348,0.055622830986976624,0.030300378799438477,0.92,1,0.22753721475601196
native,202,195,1.0,0.5,2,1,1,success,10,13.705261051654816,0.06438157707452774,0.038914550095796585,0.94,1,0.09902092069387436
native,202,195,1.0,0.5,3,1,1,success,15,10.361894965171814,0.03703029081225395,0.03387054428458214,0.92,1,0.04209955781698227
native,202,195,1.0,0.5,4,0,1,left_after_success,40,31.863342970609665,0.08992892503738403,0.07145016640424728,0.8,1,0.3467867970466614
native,202,195,1.0,0.5,5,1,1,success,12,14.054907485842705,0.0668058916926384,0.04463197663426399,0.92,1,0.26049473881721497
native,202,195,1.0,0.5,6,1,1,success,19,11.844352819025517,0.02519640512764454,0.016277125105261803,0.8,1,0.036939334124326706
native,202,195,1.0,0.5,7,0,1,left_after_success,27,25.179054588079453,0.08568083494901657,0.06544728577136993,0.88,1,0.28193819522857666
native,202,195,1.0,0.5,8,0,1,left_after_success,16,25.504425168037415,0.07054907828569412,0.03804629296064377,0.92,1,0.22645582258701324
native,202,195,1.0,0.5,9,1,1,success,12,8.03581066429615,0.03722427785396576,0.0248568132519722,0.92,1,0.05117366462945938
native,202,195,1.0,0.5,10,1,1,success,11,6.264249794185162,0.05594317615032196,0.04598323255777359,0.9,1,0.16684527695178986
native,202,195,1.0,0.5,11,1,1,success,10,8.41155182570219,0.030473457649350166,0.02397814393043518,0.92,1,0.032536283135414124
native,202,195,1.0,0.5,12,1,1,success,24,16.802698373794556,0.04312925785779953,0.02338159829378128,0.8,1,0.21655680239200592
native,202,195,1.0,0.5,13,1,1,success,35,11.181602254509926,0.08642181754112244,0.07105738669633865,0.8,1,0.21121810376644135
native,202,195,1.0,0.5,14,0,1,left_after_success,24,37.028077989816666,0.08067528903484344,0.05333054065704346,0.94,1,0.32714375853538513
native,202,195,1.0,0.5,15,1,1,success,13,12.257875874638557,0.03236309066414833,0.023073850199580193,0.82,1,0.03034171462059021
native,202,195,1.0,0.5,16,0,1,left_after_success,23,26.493854820728302,0.06115072965621948,0.0480990968644619,0.84,1,0.31697583198547363
native,202,195,1.0,0.5,17,1,1,success,19,21.724991500377655,0.06442891061306,0.03176383674144745,0.9,1,0.21249772608280182
native,202,195,1.0,0.5,18,1,1,success,17,13.429409824311733,0.05537887662649155,0.03590145707130432,0.9,1,0.24382184445858002
native,202,195,1.0,0.5,19,1,1,success,17,23.095499724149704,0.0606185682117939,0.03229095786809921,0.88,1,0.17752304673194885
native,202,195,1.0,0.5,20,1,1,success,24,21.306362003087997,0.07607147842645645,0.044478707015514374,0.84,1,0.18205443024635315
native,202,195,1.0,0.5,21,1,1,success,9,9.429809637367725,0.06323052197694778,0.04151248559355736,0.94,1,0.1411898285150528
native,202,195,1.0,0.5,22,1,1,success,24,23.28946441411972,0.08291750401258469,0.04554588347673416,0.88,1,0.2670886814594269
native,202,195,1.0,0.5,23,1,1,success,10,10.345064103603363,0.03734734654426575,0.030757173895835876,0.92,1,0.1504223644733429
native,202,195,1.0,0.5,24,1,1,success,12,16.579683870077133,0.0328427255153656,0.02435019612312317,0.86,1,0.06890087574720383
native,202,195,1.0,0.5,25,1,1,success,15,12.973709031939507,0.04528472572565079,0.03225577622652054,0.9,1,0.19797813892364502
native,202,195,1.0,0.5,26,1,1,success,18,14.022325165569782,0.05123460292816162,0.03998495638370514,0.82,1,0.09518545120954514
native,202,195,1.0,0.5,27,0,1,left_after_success,20,26.497604325413704,0.054670244455337524,0.04731953144073486,0.92,1,0.3261445164680481
native,202,195,1.0,0.5,28,1,1,success,16,12.583592906594276,0.04027900472283363,0.02945959009230137,0.86,1,0.1887713521718979
native,202,195,1.0,0.5,29,0,1,left_after_success,24,25.76926164329052,0.08018317818641663,0.05135088041424751,0.92,1,0.2930366098880768
native,202,195,1.0,0.5,30,1,1,success,17,7.82361626625061,0.03680890053510666,0.022837994620203972,0.92,1,0.23397015035152435
native,202,195,1.0,0.5,31,1,1,success,13,6.454159040004015,0.04458119720220566,0.04085830599069595,0.92,1,0.29945337772369385
native,202,195,2.0,0.5,0,1,1,success,37,23.134229704737663,0.10392671078443527,0.08034497499465942,0.8,1,0.24935947358608246
native,202,195,2.0,0.5,1,1,1,success,16,19.961748272180557,0.06145836040377617,0.03104543499648571,0.92,1,0.225251242518425
native,202,195,2.0,0.5,2,1,1,success,10,14.861044473946095,0.0750986784696579,0.04984397441148758,0.94,1,0.1004188060760498
native,202,195,2.0,0.5,3,1,1,success,15,10.725867934525013,0.049313053488731384,0.046062733978033066,0.92,1,0.041370756924152374
native,202,195,2.0,0.5,4,0,1,left_after_success,40,30.95465898513794,0.08790106326341629,0.06925893574953079,0.8,1,0.3453313410282135
native,202,195,2.0,0.5,5,1,1,success,12,13.226109556853771,0.07698376476764679,0.05662759765982628,0.92,1,0.25951218605041504
native,202,195,2.0,0.5,6,1,1,success,19,11.505989357829094,0.028321683406829834,0.01949911378324032,0.8,1,0.035633720457553864
native,202,195,2.0,0.5,7,1,1,success,27,23.093722760677338,0.08354225754737854,0.06298467516899109,0.88,1,0.2799009382724762
native,202,195,2.0,0.5,8,0,1,left_after_success,16,26.19311772286892,0.07857674360275269,0.04761294275522232,0.92,1,0.22705835103988647
native,202,195,2.0,0.5,9,1,1,success,12,7.844038307666779,0.04731225594878197,0.033753011375665665,0.92,1,0.05128135532140732
native,202,195,2.0,0.5,10,1,1,success,11,5.80649496987462,0.0738510861992836,0.059301018714904785,0.9,1,0.1663026660680771
native,202,195,2.0,0.5,11,1,1,success,9,7.988826371729374,0.04856208711862564,0.04221739619970322,0.92,1,0.03240843117237091
native,202,195,2.0,0.5,12,1,1,success,24,15.163558535277843,0.042725276201963425,0.022849958389997482,0.8,1,0.21462194621562958
native,202,195,2.0,0.5,13,1,1,success,35,13.583004474639893,0.08485615253448486,0.06879100948572159,0.8,1,0.21347872912883759
native,202,195,2.0,0.5,14,0,1,left_after_success,24,35.74853762984276,0.08063480257987976,0.05219639092683792,0.94,1,0.3258882761001587
native,202,195,2.0,0.5,15,1,1,success,13,12.198206968605518,0.03310917690396309,0.022993529215455055,0.82,1,0.029671771451830864
native,202,195,2.0,0.5,16,1,1,success,23,24.31018464267254,0.06344731152057648,0.048050444573163986,0.84,1,0.31474047899246216
native,202,195,2.0,0.5,17,1,1,success,19,20.510869100689888,0.06290967017412186,0.030805854126811028,0.9,1,0.211232528090477
native,202,195,2.0,0.5,18,1,1,success,17,13.368722051382065,0.06596501916646957,0.04606600105762482,0.9,1,0.24343164265155792
native,202,195,2.0,0.5,19,1,1,success,17,21.400094032287598,0.05824136734008789,0.03196680545806885,0.88,1,0.1758878529071808
native,202,195,2.0,0.5,20,1,1,success,24,20.259855315089226,0.07229745388031006,0.04248018562793732,0.84,1,0.1809796839952469
native,202,195,2.0,0.5,21,1,1,success,9,7.350090425461531,0.06839188188314438,0.049186401069164276,0.94,1,0.1388164907693863
native,202,195,2.0,0.5,22,1,1,success,23,21.782275289297104,0.08205270022153854,0.04421601817011833,0.88,1,0.2656029462814331
native,202,195,2.0,0.5,23,1,1,success,10,11.341732926666737,0.04324246197938919,0.03214273974299431,0.92,1,0.14816561341285706
native,202,195,2.0,0.5,24,1,1,success,13,16.745103523135185,0.04203840345144272,0.02645634114742279,0.86,1,0.06837847083806992
native,202,195,2.0,0.5,25,1,1,success,15,11.20204571634531,0.05089745670557022,0.0358087532222271,0.9,1,0.196041077375412
native,202,195,2.0,0.5,26,1,1,success,18,13.135078363120556,0.055532317608594894,0.044306106865406036,0.82,1,0.09242849051952362
native,202,195,2.0,0.5,27,0,1,left_after_success,20,25.264453142881393,0.0502273365855217,0.04556027427315712,0.92,1,0.32491376996040344
native,202,195,2.0,0.5,28,1,1,success,16,10.899911634624004,0.05166906490921974,0.032978255301713943,0.86,1,0.18620997667312622
native,202,195,2.0,0.5,29,1,1,success,24,24.539483711123466,0.08310215920209885,0.051697392016649246,0.92,1,0.29169341921806335
native,202,195,2.0,0.5,30,1,1,success,17,8.593589067459106,0.04418420046567917,0.029265640303492546,0.92,1,0.2344411164522171
native,202,195,2.0,0.5,31,1,1,success,13,4.352336749434471,0.04558958485722542,0.03964356705546379,0.92,1,0.29631054401397705
native,303,97,1.0,1.0,0,1,1,success,40,13.11841607093811,0.07855265587568283,0.04669469967484474,0.78,1,0.2330927848815918
native,303,97,1.0,1.0,1,0,1,left_after_success,33,6.040780805051327,0.38381311297416687,0.27072879672050476,0.92,1,0.21118617057800293
native,303,97,1.0,1.0,2,1,1,success,15,12.628291733562946,0.08858703821897507,0.06431923806667328,0.94,1,0.07364870607852936
native,303,97,1.0,1.0,3,1,1,success,13,8.518115617334843,0.043216772377491,0.029137754812836647,0.92,1,0.04759756848216057
native,303,97,1.0,1.0,4,0,0,goal_not_reached_at_end,,37.013184279203415,0.23141629993915558,0.1458902806043625,0.8,1,0.2977408766746521
native,303,97,1.0,1.0,5,1,1,success,30,11.245885863900185,0.06506764888763428,0.04041292890906334,0.92,1,0.2570468783378601
native,303,97,1.0,1.0,6,1,1,success,21,9.568581357598305,0.07342591881752014,0.05326489359140396,0.8,1,0.030695484951138496
native,303,97,1.0,1.0,7,1,1,success,34,17.169112339615822,0.1074768528342247,0.0773041695356369,0.88,1,0.2657087445259094
native,303,97,1.0,1.0,8,1,1,success,36,17.6499392837286,0.1375012844800949,0.0749928206205368,0.92,1,0.21842017769813538
native,303,97,1.0,1.0,9,1,1,success,15,9.25964955240488,0.04474472627043724,0.02562270686030388,0.92,1,0.04889094829559326
native,303,97,1.0,1.0,10,0,0,placed_nonstatic,,16.389375552535057,0.4664727449417114,0.330059289932251,0.9,1,0.17886260151863098
native,303,97,1.0,1.0,11,1,1,success,11,11.065573431551456,0.06130111590027809,0.04090262949466705,0.92,1,0.036730799823999405
native,303,97,1.0,1.0,12,1,1,success,40,3.6588129587471485,0.14492501318454742,0.10690953582525253,0.82,1,0.2028307318687439
native,303,97,1.0,1.0,13,0,1,left_after_success,48,15.479241497814655,0.2916496992111206,0.22140905261039734,0.8,1,0.19990764558315277
native,303,97,1.0,1.0,14,1,1,success,34,17.168309539556503,0.10506098717451096,0.07749730348587036,0.94,1,0.29763925075531006
native,303,97,1.0,1.0,15,1,1,success,15,9.898501448333263,0.08415635675191879,0.0642768144607544,0.82,1,0.03308790922164917
native,303,97,1.0,1.0,16,1,1,success,32,8.952307514846325,0.11159531772136688,0.07179707288742065,0.84,1,0.30203261971473694
native,303,97,1.0,1.0,17,1,1,success,33,11.172582395374775,0.1363402009010315,0.08704303950071335,0.9,1,0.20231561362743378
native,303,97,1.0,1.0,18,1,1,success,31,6.456923205405474,0.08816196024417877,0.05664442479610443,0.9,1,0.23766198754310608
native,303,97,1.0,1.0,19,1,1,success,41,22.531582042574883,0.07876776903867722,0.06158572807908058,0.88,1,0.1397605538368225
native,303,97,1.0,1.0,20,0,0,goal_not_reached_at_end,,27.7992095798254,0.1402694582939148,0.09875410050153732,0.84,1,0.13963022828102112
native,303,97,1.0,1.0,21,1,1,success,31,21.00025862455368,0.08524186164140701,0.07000190019607544,0.94,1,0.11457144469022751
native,303,97,1.0,1.0,22,1,1,success,30,11.404003947973251,0.07378915697336197,0.056614384055137634,0.88,1,0.2546680271625519
native,303,97,1.0,1.0,23,1,1,success,28,13.587822206318378,0.09973736852407455,0.06838206946849823,0.92,1,0.14198477566242218
native,303,97,1.0,1.0,24,1,1,success,15,14.343198388814926,0.05817224830389023,0.04954417794942856,0.86,1,0.06841918081045151
native,303,97,1.0,1.0,25,1,1,success,41,8.814062923192978,0.20913486182689667,0.13419952988624573,0.9,1,0.19298504292964935
native,303,97,1.0,1.0,26,1,1,success,21,11.769451200962067,0.10779289156198502,0.07856760919094086,0.82,1,0.08072789758443832
native,303,97,1.0,1.0,27,1,1,success,30,10.404989123344421,0.11063560843467712,0.06421288847923279,0.92,1,0.29859405755996704
native,303,97,1.0,1.0,28,0,0,placed_nonstatic,,7.714974693953991,0.3487372398376465,0.29670676589012146,0.86,1,0.18520492315292358
native,303,97,1.0,1.0,29,1,1,success,40,21.52942307293415,0.09197045862674713,0.06056847795844078,0.92,1,0.2721448242664337
native,303,97,1.0,1.0,30,1,1,success,31,11.83635089546442,0.05345723405480385,0.03538745641708374,0.92,1,0.23796135187149048
native,303,97,1.0,1.0,31,1,1,success,29,13.238280080258846,0.08557457476854324,0.06759002804756165,0.92,1,0.30423933267593384
native,303,97,2.0,1.0,0,1,1,success,40,13.38267046958208,0.08235958963632584,0.04625857621431351,0.78,1,0.23223574459552765
native,303,97,2.0,1.0,1,1,1,success,33,11.790893040597439,0.11750287562608719,0.06614343822002411,0.92,1,0.21675972640514374
native,303,97,2.0,1.0,2,1,1,success,21,17.236659303307533,0.1045137420296669,0.08358803391456604,0.94,1,0.06880611926317215
native,303,97,2.0,1.0,3,1,1,success,13,8.062544278800488,0.04299616441130638,0.0302580576390028,0.92,1,0.047397397458553314
native,303,97,2.0,1.0,4,0,0,goal_not_reached_at_end,,37.928033620119095,0.23675432801246643,0.15196457505226135,0.8,1,0.29628852009773254
native,303,97,2.0,1.0,5,1,1,success,30,10.19790768623352,0.06541622430086136,0.0427226759493351,0.92,1,0.2559100389480591
native,303,97,2.0,1.0,6,1,1,success,21,9.316314943134785,0.07121866196393967,0.04674648120999336,0.8,1,0.031176678836345673
native,303,97,2.0,1.0,7,1,1,success,34,17.553208395838737,0.11547210067510605,0.07895950973033905,0.88,1,0.2661471366882324
native,303,97,2.0,1.0,8,1,1,success,36,17.207738012075424,0.13997101783752441,0.07904651015996933,0.92,1,0.21781449019908905
native,303,97,2.0,1.0,9,1,1,success,15,8.782492019236088,0.04851102456450462,0.02918328531086445,0.92,1,0.049468185752630234
native,303,97,2.0,1.0,10,0,0,placed_nonstatic,,16.322026029229164,0.46140891313552856,0.3293552100658417,0.9,1,0.17868965864181519
native,303,97,2.0,1.0,11,1,1,success,11,12.241225689649582,0.06957914680242538,0.042898762971162796,0.92,1,0.03747895732522011
native,303,97,2.0,1.0,12,1,1,success,43,12.866541743278503,0.11249987035989761,0.0630098432302475,0.8,1,0.21174633502960205
native,303,97,2.0,1.0,13,1,1,success,48,17.694057896733284,0.15764550864696503,0.11431927978992462,0.8,1,0.20482614636421204
native,303,97,2.0,1.0,14,1,1,success,34,17.048045992851257,0.10790149867534637,0.08686625212430954,0.94,1,0.2964285910129547
native,303,97,2.0,1.0,15,1,1,success,14,9.84212290495634,0.0893661379814148,0.07393130660057068,0.82,1,0.03176997974514961
native,303,97,2.0,1.0,16,1,1,success,32,8.899244479835033,0.11831137537956238,0.07943934202194214,0.84,1,0.3018761873245239
native,303,97,2.0,1.0,17,1,1,success,35,12.798807583749294,0.13555850088596344,0.08668766170740128,0.9,1,0.20360109210014343
native,303,97,2.0,1.0,18,1,1,success,31,4.754046909511089,0.0921994298696518,0.058452535420656204,0.9,1,0.23589414358139038
native,303,97,2.0,1.0,19,1,1,success,41,22.778017446398735,0.07917661964893341,0.0599408857524395,0.88,1,0.13937592506408691
native,303,97,2.0,1.0,20,0,0,goal_not_reached_at_end,,26.87494270503521,0.1451028734445572,0.0978747233748436,0.84,1,0.140459343791008
native,303,97,2.0,1.0,21,1,1,success,30,21.113935858011246,0.09188472479581833,0.07598523795604706,0.94,1,0.11447715014219284
native,303,97,2.0,1.0,22,1,1,success,30,11.167380027472973,0.06914162635803223,0.05701049417257309,0.88,1,0.25419604778289795
native,303,97,2.0,1.0,23,1,1,success,28,13.887029141187668,0.10609947144985199,0.06817948818206787,0.92,1,0.14156286418437958
native,303,97,2.0,1.0,24,1,1,success,15,14.123877510428429,0.06122506409883499,0.048648346215486526,0.86,1,0.06862989068031311
native,303,97,2.0,1.0,25,1,1,success,41,8.449067361652851,0.20900623500347137,0.13001224398612976,0.9,1,0.19272856414318085
native,303,97,2.0,1.0,26,1,1,success,22,11.83779165148735,0.11923475563526154,0.08605369925498962,0.82,1,0.079900823533535
native,303,97,2.0,1.0,27,1,1,success,30,10.735202580690384,0.12435886263847351,0.07501095533370972,0.92,1,0.2979474365711212
native,303,97,2.0,1.0,28,0,0,placed_nonstatic,,7.370627019554377,0.3467036485671997,0.29234579205513,0.86,1,0.18488261103630066
native,303,97,2.0,1.0,29,1,1,success,40,21.325411275029182,0.09540579468011856,0.06788501143455505,0.92,1,0.27139073610305786
native,303,97,2.0,1.0,30,1,1,success,31,10.186070576310158,0.042605143040418625,0.02297441102564335,0.92,1,0.23583069443702698
native,303,97,2.0,1.0,31,1,1,success,29,13.923055492341518,0.07997474819421768,0.06897453218698502,0.92,1,0.30407947301864624
native,303,97,1.0,0.5,0,1,1,success,40,13.894911855459213,0.07715624570846558,0.04922158643603325,0.78,1,0.23485127091407776
native,303,97,1.0,0.5,1,1,1,success,33,11.79016288369894,0.11963514238595963,0.06600978225469589,0.92,1,0.21671153604984283
native,303,97,1.0,0.5,2,1,1,success,15,12.760036624968052,0.08913560211658478,0.06320955604314804,0.94,1,0.0734817236661911
native,303,97,1.0,0.5,3,1,1,success,13,8.609572425484657,0.04274384677410126,0.028411056846380234,0.92,1,0.04756069928407669
native,303,97,1.0,0.5,4,0,0,goal_not_reached_at_end,,34.15407985448837,0.22241590917110443,0.13697612285614014,0.8,1,0.29999610781669617
native,303,97,1.0,0.5,5,1,1,success,30,11.357974261045456,0.06581047177314758,0.04096641764044762,0.92,1,0.25717735290527344
native,303,97,1.0,0.5,6,1,1,success,21,9.047952480614185,0.07319742441177368,0.049658916890621185,0.8,1,0.03291228041052818
native,303,97,1.0,0.5,7,1,1,success,34,17.67665520310402,0.10529210418462753,0.0773286372423172,0.88,1,0.26680973172187805
native,303,97,1.0,0.5,8,1,1,success,36,19.354764372110367,0.13450922071933746,0.07211928069591522,0.92,1,0.22025378048419952
native,303,97,1.0,0.5,9,1,1,success,15,8.698360994458199,0.042736925184726715,0.024943150579929352,0.92,1,0.049266401678323746
native,303,97,1.0,0.5,10,0,0,placed_nonstatic,,16.40896312892437,0.4766436815261841,0.3412732183933258,0.9,1,0.17867259681224823
native,303,97,1.0,0.5,11,1,1,success,11,10.946842841804028,0.056624360382556915,0.03837413713335991,0.92,1,0.036858931183815
native,303,97,1.0,0.5,12,0,1,left_after_success,42,4.823683761060238,0.3505372703075409,0.24841095507144928,0.8,1,0.20418134331703186
native,303,97,1.0,0.5,13,1,1,success,49,17.735403031110764,0.20202873647212982,0.1527363806962967,0.8,1,0.20390254259109497
native,303,97,1.0,0.5,14,1,1,success,34,17.209362238645554,0.10415079444646835,0.07613815367221832,0.94,1,0.29785481095314026
native,303,97,1.0,0.5,15,1,1,success,15,9.333591908216476,0.08431468904018402,0.06913892179727554,0.82,1,0.03293149173259735
native,303,97,1.0,0.5,16,1,1,success,32,9.906702674925327,0.11033563315868378,0.07135714590549469,0.84,1,0.3028918206691742
native,303,97,1.0,0.5,17,1,1,success,33,12.39644642919302,0.12996166944503784,0.07970049232244492,0.9,1,0.20343077182769775
native,303,97,1.0,0.5,18,1,1,success,31,6.83843856677413,0.08870668709278107,0.05801120027899742,0.9,1,0.23803186416625977
native,303,97,1.0,0.5,19,1,1,success,41,22.680185735225677,0.0768657773733139,0.06029203534126282,0.88,1,0.13961827754974365
native,303,97,1.0,0.5,20,0,0,goal_not_reached_at_end,,27.16727927327156,0.1407395303249359,0.10123619437217712,0.84,1,0.1405097395181656
native,303,97,1.0,0.5,21,1,1,success,30,20.876314491033554,0.08459483087062836,0.06936714798212051,0.94,1,0.11476418375968933
native,303,97,1.0,0.5,22,1,1,success,30,12.117362581193447,0.07368215173482895,0.056857023388147354,0.88,1,0.25532057881355286
native,303,97,1.0,0.5,23,1,1,success,28,13.83413840085268,0.09578145295381546,0.06921885162591934,0.92,1,0.1417173445224762
native,303,97,1.0,0.5,24,1,1,success,15,14.151137322187424,0.05761627107858658,0.0494079664349556,0.86,1,0.06853831559419632
native,303,97,1.0,0.5,25,1,1,success,41,8.966844528913498,0.20968611538410187,0.13463561236858368,0.9,1,0.19311372935771942
native,303,97,1.0,0.5,26,1,1,success,21,12.492341920733452,0.09821897745132446,0.067494697868824,0.82,1,0.07996004074811935
native,303,97,1.0,0.5,27,1,1,success,30,10.198002681136131,0.10982108116149902,0.06390958279371262,0.92,1,0.29892802238464355
native,303,97,1.0,0.5,28,0,0,placed_nonstatic,,5.177933722734451,0.3300290107727051,0.2380414754152298,0.86,1,0.18194997310638428
native,303,97,1.0,0.5,29,1,1,success,40,21.206865087151527,0.0762631893157959,0.059700146317481995,0.92,1,0.2718765139579773
native,303,97,1.0,0.5,30,1,1,success,31,12.078700587153435,0.052872080355882645,0.03472961485385895,0.92,1,0.238157257437706
native,303,97,1.0,0.5,31,1,1,success,29,13.305419124662876,0.08427482098340988,0.0676829069852829,0.92,1,0.30429044365882874
native,303,97,2.0,0.5,0,1,1,success,40,13.790659606456757,0.08710014820098877,0.053115636110305786,0.78,1,0.23433589935302734
native,303,97,2.0,0.5,1,1,1,success,33,11.609340086579323,0.11974159628152847,0.06631825864315033,0.92,1,0.21650521457195282
native,303,97,2.0,0.5,2,1,1,success,20,17.022456973791122,0.10440132766962051,0.08343154191970825,0.94,1,0.06902331858873367
native,303,97,2.0,0.5,3,1,1,success,13,8.30668956041336,0.03993719071149826,0.030226334929466248,0.92,1,0.04739285632967949
native,303,97,2.0,0.5,4,0,0,goal_not_reached_at_end,,38.4414941072464,0.23743723332881927,0.1507231742143631,0.8,1,0.2959267795085907
native,303,97,2.0,0.5,5,1,1,success,30,11.094772256910801,0.06338206678628922,0.04101167246699333,0.92,1,0.2567383944988251
native,303,97,2.0,0.5,6,1,1,success,21,9.12642665207386,0.0734158530831337,0.048458464443683624,0.8,1,0.03208032622933388
native,303,97,2.0,0.5,7,1,1,success,33,17.688659951090813,0.11298544704914093,0.0779862329363823,0.88,1,0.26663631200790405
native,303,97,2.0,0.5,8,0,1,left_after_success,37,12.605280615389347,0.7217775583267212,0.5890285968780518,0.92,1,0.21384578943252563
native,303,97,2.0,0.5,9,1,1,success,15,8.454951457679272,0.04663515463471413,0.0278170146048069,0.92,1,0.049481432884931564
native,303,97,2.0,0.5,10,0,0,placed_nonstatic,,16.115373000502586,0.4712465703487396,0.34005725383758545,0.9,1,0.1782713681459427
native,303,97,2.0,0.5,11,1,1,success,11,12.154682539403439,0.06585539877414703,0.041162483394145966,0.92,1,0.03766219690442085
native,303,97,2.0,0.5,12,0,1,left_after_success,42,4.379888065159321,0.7328433990478516,0.543493390083313,0.8,1,0.20386967062950134
native,303,97,2.0,0.5,13,0,1,left_after_success,48,15.488673001527786,0.43096065521240234,0.26941779255867004,0.8,1,0.20017202198505402
native,303,97,2.0,0.5,14,1,1,success,34,17.072172835469246,0.10829231142997742,0.08643710613250732,0.94,1,0.29639673233032227
native,303,97,2.0,0.5,15,1,1,success,15,9.432612918317318,0.09054383635520935,0.07710278034210205,0.82,1,0.031528495252132416
native,303,97,2.0,0.5,16,1,1,success,32,9.743280708789825,0.11666001379489899,0.0784456878900528,0.84,1,0.3026299476623535
native,303,97,2.0,0.5,17,1,1,success,35,13.184783980250359,0.12740245461463928,0.07326314598321915,0.9,1,0.20404654741287231
native,303,97,2.0,0.5,18,1,1,success,31,5.171248223632574,0.09213195741176605,0.057784728705883026,0.9,1,0.23629382252693176
native,303,97,2.0,0.5,19,1,1,success,41,22.891156375408173,0.07869753241539001,0.059971023350954056,0.88,1,0.13927409052848816
native,303,97,2.0,0.5,20,0,0,goal_not_reached_at_end,,26.332445442676544,0.14540249109268188,0.1008690670132637,0.84,1,0.14121510088443756
native,303,97,2.0,0.5,21,1,1,success,30,20.88332735002041,0.09147925674915314,0.07547678053379059,0.94,1,0.11478162556886673
native,303,97,2.0,0.5,22,1,1,success,30,11.92279253154993,0.07269974797964096,0.05770130828022957,0.88,1,0.25493675470352173
native,303,97,2.0,0.5,23,1,1,success,28,14.217331074178219,0.10089230537414551,0.06940168142318726,0.92,1,0.1412464827299118
native,303,97,2.0,0.5,24,1,1,success,15,14.078203588724136,0.06173399090766907,0.04939218610525131,0.86,1,0.06819456070661545
native,303,97,2.0,0.5,25,1,1,success,41,8.589417673647404,0.20974591374397278,0.1306242048740387,0.9,1,0.19285055994987488
native,303,97,2.0,0.5,26,1,1,success,21,12.25062645971775,0.11261773109436035,0.0789819210767746,0.82,1,0.07954487204551697
native,303,97,2.0,0.5,27,1,1,success,30,10.573804378509521,0.12368007004261017,0.07474477589130402,0.92,1,0.29819852113723755
native,303,97,2.0,0.5,28,0,0,placed_nonstatic,,4.980086348950863,0.3297412097454071,0.23962590098381042,0.86,1,0.1817193329334259
native,303,97,2.0,0.5,29,1,1,success,40,21.066512912511826,0.07445988804101944,0.058547455817461014,0.92,1,0.27143776416778564
native,303,97,2.0,0.5,30,1,1,success,31,10.592014528810978,0.042499393224716187,0.0229941438883543,0.92,1,0.23624472320079803
native,303,97,2.0,0.5,31,1,1,success,29,13.942360877990723,0.08153923600912094,0.06848499923944473,0.92,1,0.30420178174972534
native,303,195,1.0,1.0,0,1,1,success,44,9.401209652423859,0.11605445295572281,0.08445551246404648,0.7,3,0.22647765278816223
native,303,195,1.0,1.0,1,1,1,success,15,19.84681561589241,0.06591912358999252,0.045080214738845825,0.92,1,0.21864913403987885
native,303,195,1.0,1.0,2,1,1,success,9,2.4437401443719864,0.0640580952167511,0.05369497835636139,0.94,1,0.0845150500535965
native,303,195,1.0,1.0,3,1,1,success,17,4.79819905012846,0.043618667870759964,0.034464891999959946,0.92,1,0.04555892199277878
native,303,195,1.0,1.0,4,0,0,goal_not_reached_at_end,,346.75875306129456,0.74148029088974,0.49145692586898804,0.4,4,0.0199997927993536
native,303,195,1.0,1.0,5,1,1,success,16,12.201137840747833,0.052531108260154724,0.03516307473182678,0.92,1,0.254553884267807
native,303,195,1.0,1.0,6,1,1,success,19,8.12884233891964,0.03172043338418007,0.02026008442044258,0.8,1,0.03548288717865944
native,303,195,1.0,1.0,7,1,1,success,27,10.135467164218426,0.059563782066106796,0.03024986758828163,0.88,1,0.26061394810676575
native,303,195,1.0,1.0,8,1,1,success,15,14.609364792704582,0.055851250886917114,0.04340978339314461,0.92,1,0.21192215383052826
native,303,195,1.0,1.0,9,1,1,success,16,4.561952315270901,0.047916170209646225,0.03778640925884247,0.92,1,0.052241090685129166
native,303,195,1.0,1.0,10,1,1,success,11,14.725531451404095,0.03578018397092819,0.03120565041899681,0.9,1,0.17153950035572052
native,303,195,1.0,1.0,11,1,1,success,12,5.342353135347366,0.0585930310189724,0.050743117928504944,0.92,1,0.029918894171714783
native,303,195,1.0,1.0,12,1,1,success,24,15.321825630962849,0.06133314222097397,0.03746083378791809,0.82,1,0.2057463377714157
native,303,195,1.0,1.0,13,1,1,success,31,12.598579749464989,0.05606631562113762,0.03206298500299454,0.8,1,0.21141649782657623
native,303,195,1.0,1.0,14,1,1,success,24,22.586526349186897,0.0279668141156435,0.021885497495532036,0.94,1,0.3161694407463074
native,303,195,1.0,1.0,15,1,1,success,13,6.414033006876707,0.057866450399160385,0.048809655010700226,0.82,1,0.032220326364040375
native,303,195,1.0,1.0,16,0,1,left_after_success,24,224.3451029062271,0.8920803070068359,0.6641541719436646,0.4,3,0.11761252582073212
native,303,195,1.0,1.0,17,1,1,success,18,21.864604204893112,0.0462772361934185,0.03120233118534088,0.9,1,0.20852841436862946
native,303,195,1.0,1.0,18,1,1,success,17,14.28269874304533,0.05439380556344986,0.037975188344717026,0.9,1,0.23957039415836334
native,303,195,1.0,1.0,19,1,1,success,16,21.24520018696785,0.048651065677404404,0.03598599135875702,0.88,1,0.17251750826835632
native,303,195,1.0,1.0,20,1,1,success,23,20.647242665290833,0.05990299955010414,0.04154301434755325,0.84,1,0.17752526700496674
native,303,195,1.0,1.0,21,1,1,success,9,13.44360876828432,0.06245153397321701,0.051700957119464874,0.94,1,0.14027562737464905
native,303,195,1.0,1.0,22,1,1,success,23,14.315648004412651,0.03714362531900406,0.017882613465189934,0.88,1,0.25891464948654175
native,303,195,1.0,1.0,23,1,1,success,10,11.272057890892029,0.06605055928230286,0.0486534982919693,0.92,1,0.1588657796382904
native,303,195,1.0,1.0,24,1,1,success,12,5.575006827712059,0.06190343573689461,0.05476519465446472,0.86,1,0.07879693806171417
native,303,195,1.0,1.0,25,1,1,success,14,19.120553508400917,0.05713220685720444,0.04567250609397888,0.9,1,0.1981452852487564
native,303,195,1.0,1.0,26,1,1,success,17,7.5252302922308445,0.06326212733983994,0.0444919653236866,0.82,1,0.09013117104768753
native,303,195,1.0,1.0,27,1,1,success,22,9.023331105709076,0.029507111757993698,0.022546105086803436,0.92,1,0.31120941042900085
native,303,195,1.0,1.0,28,1,1,success,15,10.83777192980051,0.05325394868850708,0.036982327699661255,0.86,1,0.18341101706027985
native,303,195,1.0,1.0,29,1,1,success,24,9.331339038908482,0.043511517345905304,0.028791235759854317,0.92,1,0.2751975357532501
native,303,195,1.0,1.0,30,1,1,success,17,17.93019473552704,0.04307394474744797,0.03851129114627838,0.92,1,0.23721827566623688
native,303,195,1.0,1.0,31,1,1,success,22,11.485242284834385,0.07988628000020981,0.06368260085582733,0.92,1,0.2843320667743683
native,303,195,2.0,1.0,0,1,1,success,44,12.513291090726852,0.1511598527431488,0.10394170135259628,0.7,3,0.23052836954593658
native,303,195,2.0,1.0,1,1,1,success,15,19.50669102370739,0.07530318945646286,0.05269636958837509,0.92,1,0.21841773390769958
native,303,195,2.0,1.0,2,1,1,success,9,2.4838291574269533,0.08034852892160416,0.06730995327234268,0.94,1,0.08408335596323013
native,303,195,2.0,1.0,3,1,1,success,17,4.811555612832308,0.05798576399683952,0.03705538064241409,0.92,1,0.04583187401294708
native,303,195,2.0,1.0,4,0,0,goal_not_reached_at_end,,184.31700766086578,1.0963302850723267,0.6528798341751099,0.52,5,0.1806284636259079
native,303,195,2.0,1.0,5,1,1,success,16,11.762166395783424,0.06526888161897659,0.04422837123274803,0.92,1,0.253925621509552
native,303,195,2.0,1.0,6,1,1,success,19,7.829762063920498,0.03371763601899147,0.020435161888599396,0.8,1,0.03508412837982178
native,303,195,2.0,1.0,7,1,1,success,27,9.578927420079708,0.06009163707494736,0.03289476037025452,0.88,1,0.26097971200942993
native,303,195,2.0,1.0,8,1,1,success,15,15.272771939635277,0.06151651218533516,0.04967685416340828,0.92,1,0.2119317501783371
native,303,195,2.0,1.0,9,1,1,success,16,5.948374513536692,0.05467883124947548,0.04380188137292862,0.92,1,0.051644761115312576
native,303,195,2.0,1.0,10,1,1,success,11,13.739538379013538,0.045707736164331436,0.042746853083372116,0.9,1,0.16991233825683594
native,303,195,2.0,1.0,11,1,1,success,12,6.004778668284416,0.075228251516819,0.05937441438436508,0.92,1,0.029992980882525444
native,303,195,2.0,1.0,12,1,1,success,24,14.846903271973133,0.06710430234670639,0.04466582089662552,0.82,1,0.20519493520259857
native,303,195,2.0,1.0,13,1,1,success,31,11.963988654315472,0.062128033488988876,0.034213587641716,0.8,1,0.21083903312683105
native,303,195,2.0,1.0,14,1,1,success,24,21.583298221230507,0.040303222835063934,0.035992011427879333,0.94,1,0.31484824419021606
native,303,195,2.0,1.0,15,1,1,success,13,6.415777374058962,0.06838314235210419,0.056131232529878616,0.82,1,0.03170783072710037
native,303,195,2.0,1.0,16,0,1,left_after_success,24,255.19275665283203,1.0792620182037354,0.712630033493042,0.4,3,0.0648234486579895
native,303,195,2.0,1.0,17,1,1,success,18,21.099694073200226,0.04954652488231659,0.031919289380311966,0.9,1,0.207805335521698
native,303,195,2.0,1.0,18,1,1,success,17,14.499003998935223,0.06648871302604675,0.04519844427704811,0.9,1,0.23972509801387787
native,303,195,2.0,1.0,19,1,1,success,16,19.908763468265533,0.04768375679850578,0.03116435743868351,0.88,1,0.17128385603427887
native,303,195,2.0,1.0,20,1,1,success,23,19.51231248676777,0.06748594343662262,0.04497215151786804,0.84,1,0.1769004464149475
native,303,195,2.0,1.0,21,1,1,success,9,12.358185835182667,0.06848546117544174,0.05238129943609238,0.94,1,0.13926975429058075
native,303,195,2.0,1.0,22,1,1,success,23,13.80507554858923,0.04007913917303085,0.024260496720671654,0.88,1,0.25814348459243774
native,303,195,2.0,1.0,23,1,1,success,10,10.172420181334019,0.0758468359708786,0.05692397430539131,0.92,1,0.15768960118293762
native,303,195,2.0,1.0,24,1,1,success,12,5.690493155270815,0.07508137077093124,0.06563669443130493,0.86,1,0.07767235487699509
native,303,195,2.0,1.0,25,1,1,success,14,18.52584257721901,0.06520726531744003,0.050794582813978195,0.9,1,0.1973651498556137
native,303,195,2.0,1.0,26,1,1,success,17,6.634184159338474,0.07433299720287323,0.05311860516667366,0.82,1,0.08917342871427536
native,303,195,2.0,1.0,27,1,1,success,22,6.817481014877558,0.04047134891152382,0.032774418592453,0.92,1,0.3091537654399872
native,303,195,2.0,1.0,28,1,1,success,15,9.381422773003578,0.058967702090740204,0.046113088726997375,0.86,1,0.18218490481376648
native,303,195,2.0,1.0,29,1,1,success,24,9.283557534217834,0.05003255605697632,0.029716208577156067,0.92,1,0.27492502331733704
native,303,195,2.0,1.0,30,1,1,success,17,17.67870970070362,0.047668248414993286,0.04370447248220444,0.92,1,0.23650598526000977
native,303,195,2.0,1.0,31,1,1,success,23,11.765987612307072,0.08317666500806808,0.06868058443069458,0.92,1,0.2839309871196747
native,303,195,1.0,0.5,0,0,0,goal_not_reached_at_end,,370.6006407737732,0.3894692063331604,0.3126102685928345,0.08,4,0.019999895244836807
native,303,195,1.0,0.5,1,1,1,success,15,19.98101733624935,0.06610323488712311,0.04545947536826134,0.92,1,0.2187955230474472
native,303,195,1.0,0.5,2,1,1,success,9,2.670746063813567,0.06437217444181442,0.05442375689744949,0.94,1,0.08426381647586823
native,303,195,1.0,0.5,3,1,1,success,17,3.797513199970126,0.041811730712652206,0.031181158497929573,0.92,1,0.04696842283010483
native,303,195,1.0,0.5,4,0,0,goal_not_reached_at_end,,481.97248578071594,0.4523617923259735,0.27610209584236145,0.02,2,0.019999910145998
native,303,195,1.0,0.5,5,1,1,success,15,12.17667106539011,0.051746826618909836,0.03460291028022766,0.92,1,0.25456884503364563
native,303,195,1.0,0.5,6,1,1,success,19,8.166976273059845,0.03271528333425522,0.020744409412145615,0.8,1,0.03570696339011192
native,303,195,1.0,0.5,7,1,1,success,27,10.125313885509968,0.059675492346286774,0.030284719541668892,0.88,1,0.2612781524658203
native,303,195,1.0,0.5,8,1,1,success,15,16.266552731394768,0.0495157390832901,0.03782430663704872,0.92,1,0.2132571041584015
native,303,195,1.0,0.5,9,1,1,success,16,4.04303427785635,0.050527144223451614,0.04121123626828194,0.92,1,0.05215728282928467
native,303,195,1.0,0.5,10,1,1,success,11,14.539162628352642,0.03593271225690842,0.03126170113682747,0.9,1,0.17139951884746552
native,303,195,1.0,0.5,11,1,1,success,12,5.294410046190023,0.05863609537482262,0.05080494284629822,0.92,1,0.03009236603975296
native,303,195,1.0,0.5,12,1,1,success,24,15.366185456514359,0.06079782545566559,0.03740612044930458,0.82,1,0.2057139128446579
native,303,195,1.0,0.5,13,1,1,success,31,12.66581378877163,0.05569324642419815,0.03256997838616371,0.8,1,0.21149002015590668
native,303,195,1.0,0.5,14,1,1,success,24,22.767232730984688,0.027820101007819176,0.02183048240840435,0.94,1,0.3163776695728302
native,303,195,1.0,0.5,15,1,1,success,13,5.290864035487175,0.06740237027406693,0.0525396429002285,0.82,1,0.03185984119772911
native,303,195,1.0,0.5,16,0,0,goal_not_reached_at_end,,333.15807580947876,0.5042869448661804,0.33998796343803406,0.18,4,0.01999986357986927
native,303,195,1.0,0.5,17,1,1,success,18,21.92821353673935,0.04509154334664345,0.03026103414595127,0.9,1,0.20866750180721283
native,303,195,1.0,0.5,18,1,1,success,17,14.381149783730507,0.053449586033821106,0.037085920572280884,0.9,1,0.23981574177742004
native,303,195,1.0,0.5,19,1,1,success,16,21.12804725766182,0.04702319949865341,0.03417354077100754,0.88,1,0.17246168851852417
native,303,195,1.0,0.5,20,1,1,success,23,20.595313981175423,0.05865715816617012,0.041596680879592896,0.84,1,0.17772391438484192
native,303,195,1.0,0.5,21,1,1,success,9,13.820341788232327,0.0637151300907135,0.052843496203422546,0.94,1,0.14053012430667877
native,303,195,1.0,0.5,22,1,1,success,23,14.035134576261044,0.035616666078567505,0.017958762124180794,0.88,1,0.2583969235420227
native,303,195,1.0,0.5,23,1,1,success,10,11.484174989163876,0.06592456251382828,0.04765523225069046,0.92,1,0.15911339223384857
native,303,195,1.0,0.5,24,1,1,success,12,5.471959710121155,0.06187484785914421,0.054777976125478745,0.86,1,0.07877146452665329
native,303,195,1.0,0.5,25,1,1,success,14,19.155267626047134,0.05738093703985214,0.046001240611076355,0.9,1,0.1981200873851776
native,303,195,1.0,0.5,26,1,1,success,17,7.39616621285677,0.06423088908195496,0.04710958153009415,0.82,1,0.08983897417783737
native,303,195,1.0,0.5,27,1,1,success,22,8.441433310508728,0.029405999928712845,0.022811396047472954,0.92,1,0.3106445372104645
native,303,195,1.0,0.5,28,1,1,success,15,11.025254614651203,0.0552406832575798,0.03901846334338188,0.86,1,0.18330025672912598
native,303,195,1.0,0.5,29,1,1,success,24,9.272384457290173,0.0433657132089138,0.028715787455439568,0.92,1,0.27518612146377563
native,303,195,1.0,0.5,30,1,1,success,17,18.044665455818176,0.042924318462610245,0.03810162842273712,0.92,1,0.23740254342556
native,303,195,1.0,0.5,31,1,1,success,22,11.286704801023006,0.07905416190624237,0.06285524368286133,0.92,1,0.2845393121242523
native,303,195,2.0,0.5,0,0,0,goal_not_reached_at_end,,368.8915967941284,0.39760449528694153,0.3053664565086365,0.1,6,0.020000137388706207
native,303,195,2.0,0.5,1,1,1,success,15,19.59417574107647,0.07526516169309616,0.05217723548412323,0.92,1,0.2185291200876236
native,303,195,2.0,0.5,2,1,1,success,9,2.697395160794258,0.0811450183391571,0.06866852939128876,0.94,1,0.08371658623218536
native,303,195,2.0,0.5,3,1,1,success,17,4.687128122895956,0.05654961243271828,0.036943722516298294,0.92,1,0.046036623418331146
native,303,195,2.0,0.5,4,0,0,goal_not_reached_at_end,,427.50033736228943,0.31344667077064514,0.23118647933006287,0.02,2,0.019999869167804718
native,303,195,2.0,0.5,5,1,1,success,16,11.689886450767517,0.06296580284833908,0.04237731546163559,0.92,1,0.25396350026130676
native,303,195,2.0,0.5,6,1,1,success,20,7.824448868632317,0.03508279472589493,0.021849902346730232,0.8,1,0.03535746783018112
native,303,195,2.0,0.5,7,1,1,success,27,9.720760397613049,0.06103716418147087,0.03395596891641617,0.88,1,0.26113736629486084
native,303,195,2.0,0.5,8,1,1,success,15,16.29972830414772,0.060008611530065536,0.04971303790807724,0.92,1,0.21313904225826263
native,303,195,2.0,0.5,9,1,1,success,16,5.2442392334342,0.05770381912589073,0.04665720462799072,0.92,1,0.05144227668642998
native,303,195,2.0,0.5,10,1,1,success,11,13.533733785152435,0.04501036927103996,0.042432308197021484,0.9,1,0.1698235124349594
native,303,195,2.0,0.5,11,1,1,success,12,6.177420262247324,0.07436522096395493,0.05969943106174469,0.92,1,0.029978923499584198
native,303,195,2.0,0.5,12,1,1,success,24,14.965667389333248,0.06537672132253647,0.04308020696043968,0.82,1,0.20532578229904175
native,303,195,2.0,0.5,13,1,1,success,31,11.934204027056694,0.06169264763593674,0.03281199187040329,0.8,1,0.21081852912902832
native,303,195,2.0,0.5,14,1,1,success,24,21.636757999658585,0.04029759764671326,0.036005329340696335,0.94,1,0.314933180809021
native,303,195,2.0,0.5,15,1,1,success,13,6.091381888836622,0.0644097551703453,0.053386442363262177,0.82,1,0.032239969819784164
native,303,195,2.0,0.5,16,0,0,placed_nonstatic,,16.98349416255951,0.6397733688354492,0.4417671263217926,0.52,3,0.29205450415611267
native,303,195,2.0,0.5,17,1,1,success,18,21.2735403329134,0.04515126347541809,0.03024294041097164,0.9,1,0.20799104869365692
native,303,195,2.0,0.5,18,1,1,success,17,14.68451227992773,0.06498050689697266,0.04464046284556389,0.9,1,0.24001532793045044
native,303,195,2.0,0.5,19,1,1,success,16,19.95149441063404,0.049224309623241425,0.034029390662908554,0.88,1,0.17132627964019775
native,303,195,2.0,0.5,20,1,1,success,23,19.549569115042686,0.06630321592092514,0.04525221511721611,0.84,1,0.1771380752325058
native,303,195,2.0,0.5,21,1,1,success,9,12.680292129516602,0.06991227716207504,0.05391887575387955,0.94,1,0.13948166370391846
native,303,195,2.0,0.5,22,1,1,success,23,13.843351975083351,0.03791432827711105,0.020328950136899948,0.88,1,0.25819605588912964
native,303,195,2.0,0.5,23,1,1,success,10,10.247549042105675,0.07403220236301422,0.05563981086015701,0.92,1,0.15788890421390533
native,303,195,2.0,0.5,24,1,1,success,12,6.106437183916569,0.07429363578557968,0.06564097851514816,0.86,1,0.07760994881391525
native,303,195,2.0,0.5,25,1,1,success,14,18.536899238824844,0.06510825455188751,0.05104265734553337,0.9,1,0.19733034074306488
native,303,195,2.0,0.5,26,1,1,success,17,6.5523614175617695,0.07574930787086487,0.05673110485076904,0.82,1,0.08874434977769852
native,303,195,2.0,0.5,27,1,1,success,22,6.831159349530935,0.040498390793800354,0.032851941883563995,0.92,1,0.3091900944709778
native,303,195,2.0,0.5,28,1,1,success,15,9.597055613994598,0.06141058728098869,0.04720365256071091,0.86,1,0.18202760815620422
native,303,195,2.0,0.5,29,1,1,success,24,9.251546114683151,0.04912354424595833,0.02962661348283291,0.92,1,0.2749536633491516
native,303,195,2.0,0.5,30,1,1,success,17,17.756721004843712,0.047933317720890045,0.04383470118045807,0.92,1,0.23666523396968842
native,303,195,2.0,0.5,31,1,1,success,23,11.660718359053135,0.08217014372348785,0.06764691323041916,0.92,1,0.2840217649936676
no_grasp,101,97,1.0,1.0,0,1,1,success,30,7.744108326733112,0.050726138055324554,0.03101382590830326,0.78,1,0.22938935458660126
no_grasp,101,97,1.0,1.0,1,1,1,success,14,4.484277684241533,0.05300000309944153,0.03558344393968582,0.92,1,0.20883803069591522
no_grasp,101,97,1.0,1.0,2,1,1,success,10,8.139046840369701,0.10242117941379547,0.07703051716089249,0.92,1,0.09251964092254639
no_grasp,101,97,1.0,1.0,3,1,1,success,16,4.817795939743519,0.08794687688350677,0.07042960822582245,0.92,1,0.05307826027274132
no_grasp,101,97,1.0,1.0,4,1,1,success,34,11.480246670544147,0.05378769338130951,0.03347131237387657,0.74,1,0.32475945353507996
no_grasp,101,97,1.0,1.0,5,1,1,success,12,3.048518905416131,0.0638408437371254,0.04579884558916092,0.92,1,0.25088974833488464
no_grasp,101,97,1.0,1.0,6,1,1,success,19,7.8898826614022255,0.05480930581688881,0.03141247108578682,0.8,1,0.038067787885665894
no_grasp,101,97,1.0,1.0,7,1,1,success,23,9.474353864789009,0.05011644586920738,0.03110036626458168,0.86,1,0.2646738588809967
no_grasp,101,97,1.0,1.0,8,1,1,success,14,4.545126110315323,0.09813512861728668,0.07216329127550125,0.92,1,0.20450879633426666
no_grasp,101,97,1.0,1.0,9,1,1,success,13,5.498872138559818,0.07682472467422485,0.052533265203237534,0.92,1,0.05613086745142937
no_grasp,101,97,1.0,1.0,10,1,1,success,11,4.530578386038542,0.05756296589970589,0.04544541984796524,0.9,1,0.1637536883354187
no_grasp,101,97,1.0,1.0,11,1,1,success,11,6.451618857681751,0.04967944324016571,0.04088146612048149,0.92,1,0.03297225013375282
no_grasp,101,97,1.0,1.0,12,1,1,success,22,4.313720855861902,0.07259999215602875,0.04504057765007019,0.8,1,0.202837735414505
no_grasp,101,97,1.0,1.0,13,1,1,success,28,10.593191720545292,0.058607861399650574,0.03531777113676071,0.78,1,0.2075159251689911
no_grasp,101,97,1.0,1.0,14,1,1,success,20,7.309461943805218,0.08033670485019684,0.04795566946268082,0.92,1,0.29968366026878357
no_grasp,101,97,1.0,1.0,15,1,1,success,13,6.3473074696958065,0.0540798045694828,0.037405285984277725,0.82,1,0.03670782223343849
no_grasp,101,97,1.0,1.0,16,1,1,success,21,4.01399377733469,0.06128671020269394,0.05103634297847748,0.84,1,0.29702866077423096
no_grasp,101,97,1.0,1.0,17,1,1,success,17,6.950336508452892,0.05097072571516037,0.03121628612279892,0.88,1,0.196637824177742
no_grasp,101,97,1.0,1.0,18,1,1,success,14,4.180201329290867,0.08247023820877075,0.06603510677814484,0.9,1,0.23409222066402435
no_grasp,101,97,1.0,1.0,19,1,1,success,15,5.6740716099739075,0.046777814626693726,0.02587287873029709,0.88,1,0.1595723032951355
no_grasp,101,97,1.0,1.0,20,1,1,success,22,5.857264157384634,0.042455464601516724,0.027689382433891296,0.82,1,0.1656547635793686
no_grasp,101,97,1.0,1.0,21,1,1,success,10,1.1389253195375204,0.07232502847909927,0.0500338152050972,0.92,1,0.13361231982707977
no_grasp,101,97,1.0,1.0,22,1,1,success,21,3.793397918343544,0.04965398833155632,0.027066603302955627,0.86,1,0.24651002883911133
no_grasp,101,97,1.0,1.0,23,1,1,success,11,5.053282715380192,0.04600294306874275,0.02792820893228054,0.9,1,0.15287630259990692
no_grasp,101,97,1.0,1.0,24,1,1,success,13,3.0605890788137913,0.06580176949501038,0.059199344366788864,0.84,1,0.08163667470216751
no_grasp,101,97,1.0,1.0,25,1,1,success,14,2.9865563847124577,0.0566290058195591,0.029377145692706108,0.88,1,0.18883562088012695
no_grasp,101,97,1.0,1.0,26,1,1,success,17,2.666739048436284,0.05067149177193642,0.033046383410692215,0.82,1,0.0904432088136673
no_grasp,101,97,1.0,1.0,27,1,1,success,17,1.2606792151927948,0.05085337534546852,0.02936689555644989,0.9,1,0.30430734157562256
no_grasp,101,97,1.0,1.0,28,1,1,success,15,4.553129430860281,0.07824436575174332,0.055093854665756226,0.86,1,0.18243300914764404
no_grasp,101,97,1.0,1.0,29,1,1,success,20,5.896960385143757,0.08895966410636902,0.056695058941841125,0.9,1,0.27334314584732056
no_grasp,101,97,1.0,1.0,30,1,1,success,14,6.4914352260529995,0.09970078617334366,0.07898475229740143,0.9,1,0.22678250074386597
no_grasp,101,97,1.0,1.0,31,1,1,success,13,1.7889987211674452,0.06016415357589722,0.033065855503082275,0.92,1,0.2954695224761963
no_grasp,101,97,2.0,1.0,0,1,1,success,30,7.532165385782719,0.05069702863693237,0.03133692592382431,0.78,1,0.22863200306892395
no_grasp,101,97,2.0,1.0,1,1,1,success,14,3.7902435287833214,0.06661081314086914,0.052373576909303665,0.92,1,0.20784211158752441
no_grasp,101,97,2.0,1.0,2,1,1,success,10,7.982747629284859,0.11232072114944458,0.08701428771018982,0.92,1,0.09280309826135635
no_grasp,101,97,2.0,1.0,3,1,1,success,16,4.615726415067911,0.08112172782421112,0.05871431529521942,0.92,1,0.05249783769249916
no_grasp,101,97,2.0,1.0,4,1,1,success,34,11.48774940520525,0.057070665061473846,0.032461490482091904,0.74,1,0.3239889442920685
no_grasp,101,97,2.0,1.0,5,1,1,success,12,2.8231432661414146,0.08629333227872849,0.06638256460428238,0.92,1,0.2505458891391754
no_grasp,101,97,2.0,1.0,6,1,1,success,19,7.7001964673399925,0.056037720292806625,0.0326688326895237,0.8,1,0.03809334337711334
no_grasp,101,97,2.0,1.0,7,1,1,success,23,8.849432691931725,0.0499795563519001,0.029803339391946793,0.86,1,0.2637328803539276
no_grasp,101,97,2.0,1.0,8,1,1,success,14,4.779810551553965,0.11527033895254135,0.08883541822433472,0.92,1,0.2046455591917038
no_grasp,101,97,2.0,1.0,9,1,1,success,13,5.599070806056261,0.08493392914533615,0.06262511759996414,0.92,1,0.0550299733877182
no_grasp,101,97,2.0,1.0,10,1,1,success,11,5.620534066110849,0.06640634685754776,0.05865052342414856,0.9,1,0.16361136734485626
no_grasp,101,97,2.0,1.0,11,1,1,success,11,6.927811075001955,0.06479233503341675,0.061751991510391235,0.92,1,0.03246116638183594
no_grasp,101,97,2.0,1.0,12,1,1,success,22,3.887380938977003,0.0814654752612114,0.06071340665221214,0.8,1,0.2019321322441101
no_grasp,101,97,2.0,1.0,13,1,1,success,28,10.451137088239193,0.06098485738039017,0.03814658522605896,0.78,1,0.20710231363773346
no_grasp,101,97,2.0,1.0,14,1,1,success,20,6.608904339373112,0.10543288290500641,0.06941863149404526,0.92,1,0.2994152307510376
no_grasp,101,97,2.0,1.0,15,1,1,success,13,5.632455926388502,0.054768264293670654,0.03927450627088547,0.82,1,0.036019571125507355
no_grasp,101,97,2.0,1.0,16,1,1,success,21,1.6797106945887208,0.07255157083272934,0.054887328296899796,0.84,1,0.2937588095664978
no_grasp,101,97,2.0,1.0,17,1,1,success,17,6.494857370853424,0.04901906102895737,0.03012785315513611,0.88,1,0.19596748054027557
no_grasp,101,97,2.0,1.0,18,1,1,success,14,4.179289564490318,0.09618011862039566,0.07638177275657654,0.9,1,0.2340201586484909
no_grasp,101,97,2.0,1.0,19,1,1,success,15,4.982148762792349,0.05367268994450569,0.033534642308950424,0.88,1,0.1589113026857376
no_grasp,101,97,2.0,1.0,20,1,1,success,22,5.317367147654295,0.04916392266750336,0.03771602362394333,0.82,1,0.16483305394649506
no_grasp,101,97,2.0,1.0,21,1,1,success,10,0.7488670526072383,0.08468515425920486,0.05982311815023422,0.92,1,0.13273100554943085
no_grasp,101,97,2.0,1.0,22,1,1,success,21,3.8992988411337137,0.05580059811472893,0.035899121314287186,0.86,1,0.24568332731723785
no_grasp,101,97,2.0,1.0,23,1,1,success,11,4.568696487694979,0.042796406894922256,0.026632940396666527,0.9,1,0.15219925343990326
no_grasp,101,97,2.0,1.0,24,1,1,success,13,2.7844575233757496,0.07661128044128418,0.07169955968856812,0.84,1,0.0801653191447258
no_grasp,101,97,2.0,1.0,25,1,1,success,14,2.155757276341319,0.05613715201616287,0.03051058202981949,0.88,1,0.18794238567352295
no_grasp,101,97,2.0,1.0,26,1,1,success,17,2.109530149027705,0.059942565858364105,0.04497234895825386,0.82,1,0.08991245925426483
no_grasp,101,97,2.0,1.0,27,1,1,success,17,1.1558152036741376,0.06081901490688324,0.045666687190532684,0.9,1,0.3036384582519531
no_grasp,101,97,2.0,1.0,28,1,1,success,15,3.3027261961251497,0.08374321460723877,0.07228197902441025,0.86,1,0.18115931749343872
no_grasp,101,97,2.0,1.0,29,1,1,success,20,5.456390790641308,0.08564049750566483,0.07095517963171005,0.9,1,0.2727084159851074
no_grasp,101,97,2.0,1.0,30,1,1,success,14,6.522316485643387,0.11228924244642258,0.09235215187072754,0.9,1,0.2269643396139145
no_grasp,101,97,2.0,1.0,31,1,1,success,13,2.2969706915318966,0.06174221634864807,0.03460521623492241,0.92,1,0.2938078045845032
no_grasp,101,97,1.0,0.5,0,1,1,success,30,7.9063307493925095,0.050956275314092636,0.031148964539170265,0.78,1,0.2293936014175415
no_grasp,101,97,1.0,0.5,1,1,1,success,14,4.629794042557478,0.05378038436174393,0.03572143241763115,0.92,1,0.2088751196861267
no_grasp,101,97,1.0,0.5,2,1,1,success,10,8.133088238537312,0.09794741868972778,0.07333623617887497,0.92,1,0.09260012954473495
no_grasp,101,97,1.0,0.5,3,1,1,success,16,4.849057178944349,0.08923517167568207,0.07204126566648483,0.92,1,0.053137097507715225
no_grasp,101,97,1.0,0.5,4,1,1,success,34,11.572602204978466,0.05357113853096962,0.03310506045818329,0.74,1,0.3247523903846741
no_grasp,101,97,1.0,0.5,5,1,1,success,12,3.1222349498420954,0.0639568641781807,0.05805879458785057,0.92,1,0.2505979835987091
no_grasp,101,97,1.0,0.5,6,1,1,success,19,7.9770684242248535,0.05517150089144707,0.0313161239027977,0.8,1,0.03815574198961258
no_grasp,101,97,1.0,0.5,7,1,1,success,23,9.600840508937836,0.048906534910202026,0.03079408034682274,0.86,1,0.264663428068161
no_grasp,101,97,1.0,0.5,8,1,1,success,14,4.298065789043903,0.09901992231607437,0.07534053176641464,0.92,1,0.2044067233800888
no_grasp,101,97,1.0,0.5,9,1,1,success,13,5.736107937991619,0.07511255145072937,0.05049189552664757,0.92,1,0.056051354855298996
no_grasp,101,97,1.0,0.5,10,1,1,success,11,4.454248584806919,0.05641702935099602,0.04319083318114281,0.9,1,0.1636333018541336
no_grasp,101,97,1.0,0.5,11,1,1,success,10,6.3034347258508205,0.05057884752750397,0.0398360937833786,0.92,1,0.03255962207913399
no_grasp,101,97,1.0,0.5,12,1,1,success,22,4.895515274256468,0.07264809310436249,0.042542099952697754,0.8,1,0.20306946337223053
no_grasp,101,97,1.0,0.5,13,1,1,success,28,10.829567909240723,0.05952133610844612,0.036012277007102966,0.78,1,0.2077130526304245
no_grasp,101,97,1.0,0.5,14,1,1,success,20,7.057325914502144,0.07539013028144836,0.04501371830701828,0.92,1,0.2993054687976837
no_grasp,101,97,1.0,0.5,15,1,1,success,13,6.498396396636963,0.050954848527908325,0.03277384489774704,0.82,1,0.036868948489427567
no_grasp,101,97,1.0,0.5,16,1,1,success,21,3.995853941887617,0.06058395281434059,0.05048493295907974,0.84,1,0.2970814108848572
no_grasp,101,97,1.0,0.5,17,1,1,success,17,7.0060864090919495,0.050956107676029205,0.03105711005628109,0.88,1,0.1966242641210556
no_grasp,101,97,1.0,0.5,18,1,1,success,14,3.7466927897185087,0.08159162104129791,0.06537110358476639,0.9,1,0.2339225560426712
no_grasp,101,97,1.0,0.5,19,1,1,success,15,5.756645929068327,0.04624561965465546,0.0262712724506855,0.88,1,0.1595991998910904
no_grasp,101,97,1.0,0.5,20,1,1,success,22,6.738780066370964,0.028369497507810593,0.01721721701323986,0.82,1,0.16573217511177063
no_grasp,101,97,1.0,0.5,21,1,1,success,10,1.478973194025457,0.07205642014741898,0.05022670328617096,0.92,1,0.13384363055229187
no_grasp,101,97,1.0,0.5,22,1,1,success,21,4.243053495883942,0.04955090954899788,0.028897499665617943,0.86,1,0.24626779556274414
no_grasp,101,97,1.0,0.5,23,1,1,success,11,5.076161585748196,0.044164203107357025,0.027881121262907982,0.9,1,0.1529453843832016
no_grasp,101,97,1.0,0.5,24,1,1,success,13,3.175488207489252,0.0568806529045105,0.049443379044532776,0.84,1,0.08159857243299484
no_grasp,101,97,1.0,0.5,25,1,1,success,14,2.9930942691862583,0.05401860177516937,0.027151484042406082,0.88,1,0.18879462778568268
no_grasp,101,97,1.0,0.5,26,1,1,success,17,5.668902769684792,0.050681255757808685,0.027664583176374435,0.82,1,0.09044639021158218
no_grasp,101,97,1.0,0.5,27,1,1,success,17,1.2584369396790862,0.050942279398441315,0.028233569115400314,0.9,1,0.30423739552497864
no_grasp,101,97,1.0,0.5,28,1,1,success,15,4.338670987635851,0.0721258670091629,0.05584850534796715,0.86,1,0.18222030997276306
no_grasp,101,97,1.0,0.5,29,1,1,success,20,6.020032335072756,0.07355358451604843,0.05321282148361206,0.9,1,0.2732122242450714
no_grasp,101,97,1.0,0.5,30,1,1,success,14,5.768341012299061,0.0949980840086937,0.07708819210529327,0.9,1,0.2275322675704956
no_grasp,101,97,1.0,0.5,31,1,1,success,13,2.0045742858201265,0.057449180632829666,0.030951645225286484,0.92,1,0.29500511288642883
no_grasp,101,97,2.0,0.5,0,1,1,success,30,7.633956149220467,0.05073652043938637,0.031321920454502106,0.78,1,0.22864338755607605
no_grasp,101,97,2.0,0.5,1,1,1,success,14,3.932653460651636,0.06243335083127022,0.047754887491464615,0.92,1,0.2078646570444107
no_grasp,101,97,2.0,0.5,2,1,1,success,10,7.877045311033726,0.11096110194921494,0.08547856658697128,0.92,1,0.0926373228430748
no_grasp,101,97,2.0,0.5,3,1,1,success,16,4.610993433743715,0.0819387286901474,0.060120515525341034,0.92,1,0.0525321327149868
no_grasp,101,97,2.0,0.5,4,1,1,success,34,11.023486964404583,0.051740098744630814,0.031160224229097366,0.74,1,0.3240717053413391
no_grasp,101,97,2.0,0.5,5,1,1,success,12,2.230303827673197,0.08293332159519196,0.06325502693653107,0.92,1,0.249996155500412
no_grasp,101,97,2.0,0.5,6,1,1,success,19,7.648794911801815,0.05603817477822304,0.03121483325958252,0.8,1,0.03777194023132324
no_grasp,101,97,2.0,0.5,7,1,1,success,23,8.97998083382845,0.046362776309251785,0.029392018914222717,0.86,1,0.2637828290462494
no_grasp,101,97,2.0,0.5,8,1,1,success,14,4.453527275472879,0.1145060658454895,0.08916953951120377,0.92,1,0.20455271005630493
no_grasp,101,97,2.0,0.5,9,1,1,success,13,5.618900991976261,0.08632414788007736,0.06274134665727615,0.92,1,0.05514035373926163
no_grasp,101,97,2.0,0.5,10,1,1,success,11,5.332154221832752,0.06537897139787674,0.05708013102412224,0.9,1,0.16337090730667114
no_grasp,101,97,2.0,0.5,11,1,1,success,11,6.883083842694759,0.06494178622961044,0.06117844954133034,0.92,1,0.032426491379737854
no_grasp,101,97,2.0,0.5,12,1,1,success,22,4.538300912827253,0.0794205367565155,0.05488015338778496,0.8,1,0.2022363543510437
no_grasp,101,97,2.0,0.5,13,1,1,success,28,10.517813265323639,0.06138413026928902,0.03893160820007324,0.78,1,0.20720000565052032
no_grasp,101,97,2.0,0.5,14,1,1,success,20,6.427051033824682,0.09856919199228287,0.06437616795301437,0.92,1,0.29894116520881653
no_grasp,101,97,2.0,0.5,15,1,1,success,13,5.906318314373493,0.05547938123345375,0.03952992707490921,0.82,1,0.03625446930527687
no_grasp,101,97,2.0,0.5,16,1,1,success,21,3.435376565903425,0.07377787679433823,0.0678747296333313,0.84,1,0.2959916591644287
no_grasp,101,97,2.0,0.5,17,1,1,success,17,6.56049745157361,0.048904016613960266,0.02997419983148575,0.88,1,0.19598297774791718
no_grasp,101,97,2.0,0.5,18,1,1,success,14,3.8072671741247177,0.09753537178039551,0.07925351709127426,0.9,1,0.23373237252235413
no_grasp,101,97,2.0,0.5,19,1,1,success,15,5.084346979856491,0.05187216028571129,0.029583346098661423,0.88,1,0.15893688797950745
no_grasp,101,97,2.0,0.5,20,1,1,success,22,6.2159881927073,0.032573603093624115,0.019854996353387833,0.82,1,0.1651526242494583
no_grasp,101,97,2.0,0.5,21,1,1,success,10,0.9697424247860909,0.08337201923131943,0.05802040919661522,0.92,1,0.13302923738956451
no_grasp,101,97,2.0,0.5,22,1,1,success,21,4.13216557353735,0.04916929081082344,0.027404701337218285,0.86,1,0.2456987351179123
no_grasp,101,97,2.0,0.5,23,1,1,success,11,4.553672857582569,0.041281066834926605,0.02665966935455799,0.9,1,0.15228833258152008
no_grasp,101,97,2.0,0.5,24,1,1,success,13,2.6467530988156796,0.06916648894548416,0.06290698796510696,0.84,1,0.0807604119181633
no_grasp,101,97,2.0,0.5,25,1,1,success,14,2.173264743760228,0.05362585186958313,0.027613326907157898,0.88,1,0.18792574107646942
no_grasp,101,97,2.0,0.5,26,1,1,success,17,2.0824808161705732,0.06036560237407684,0.04558931663632393,0.82,1,0.08990302681922913
no_grasp,101,97,2.0,0.5,27,1,1,success,17,1.7603276064619422,0.058624740689992905,0.039854563772678375,0.9,1,0.30307722091674805
no_grasp,101,97,2.0,0.5,28,1,1,success,15,3.243237268179655,0.081416554749012,0.06775007396936417,0.86,1,0.18103569746017456
no_grasp,101,97,2.0,0.5,29,1,1,success,20,5.846010055392981,0.07243000715970993,0.052731823176145554,0.9,1,0.2727610170841217
no_grasp,101,97,2.0,0.5,30,1,1,success,14,6.385080050677061,0.11066688597202301,0.0902545228600502,0.9,1,0.22731372714042664
no_grasp,101,97,2.0,0.5,31,1,1,success,13,2.3889432195574045,0.06104589253664017,0.033031709492206573,0.92,1,0.29376858472824097
no_grasp,101,195,1.0,1.0,0,1,1,success,30,6.7106010392308235,0.08052871376276016,0.057103682309389114,0.78,1,0.23346656560897827
no_grasp,101,195,1.0,1.0,1,1,1,success,14,10.21843682974577,0.08748554438352585,0.06107795983552933,0.92,1,0.21018368005752563
no_grasp,101,195,1.0,1.0,2,1,1,success,9,6.441107951104641,0.048985619097948074,0.04209152236580849,0.92,1,0.08694162964820862
no_grasp,101,195,1.0,1.0,3,1,1,success,15,10.20859181880951,0.0934276431798935,0.08244140446186066,0.92,1,0.04260636866092682
no_grasp,101,195,1.0,1.0,4,1,1,success,34,15.824928879737854,0.061203379184007645,0.03378627449274063,0.74,1,0.3315514922142029
no_grasp,101,195,1.0,1.0,5,1,1,success,13,3.4024794586002827,0.0456194169819355,0.04016800597310066,0.9,1,0.24609676003456116
no_grasp,101,195,1.0,1.0,6,1,1,success,19,6.396609358489513,0.08866232633590698,0.08276229351758957,0.8,1,0.030810479074716568
no_grasp,101,195,1.0,1.0,7,1,1,success,23,15.199796296656132,0.05906449630856514,0.047850336879491806,0.86,1,0.2705633044242859
no_grasp,101,195,1.0,1.0,8,1,1,success,13,10.136425495147705,0.0946941077709198,0.07993246614933014,0.92,1,0.20604898035526276
no_grasp,101,195,1.0,1.0,9,1,1,success,14,12.8328213468194,0.10319589078426361,0.07209768891334534,0.92,1,0.05041949823498726
no_grasp,101,195,1.0,1.0,10,1,1,success,11,10.827608406543732,0.0697396770119667,0.05537497252225876,0.9,1,0.15984602272510529
no_grasp,101,195,1.0,1.0,11,1,1,success,10,9.432000108063221,0.054878074675798416,0.041956838220357895,0.92,1,0.025170285254716873
no_grasp,101,195,1.0,1.0,12,1,1,success,22,5.041714292019606,0.07622851431369781,0.06611131131649017,0.8,1,0.20459963381290436
no_grasp,101,195,1.0,1.0,13,1,1,success,28,13.626942411065102,0.03297428414225578,0.022364623844623566,0.78,1,0.21121051907539368
no_grasp,101,195,1.0,1.0,14,1,1,success,19,14.90952167659998,0.05583659186959267,0.04105473309755325,0.92,1,0.3059997856616974
no_grasp,101,195,1.0,1.0,15,1,1,success,13,8.757522329688072,0.10098903626203537,0.09567248076200485,0.82,1,0.02737022005021572
no_grasp,101,195,1.0,1.0,16,1,1,success,20,10.596550069749355,0.08547642081975937,0.06176747381687164,0.84,1,0.29843804240226746
no_grasp,101,195,1.0,1.0,17,1,1,success,17,4.807500168681145,0.05004233494400978,0.04345325753092766,0.88,1,0.19699545204639435
no_grasp,101,195,1.0,1.0,18,1,1,success,14,10.473310016095638,0.06688135117292404,0.06431897729635239,0.9,1,0.2334441989660263
no_grasp,101,195,1.0,1.0,19,1,1,success,15,8.113478310406208,0.02877628616988659,0.022587399929761887,0.88,1,0.15863555669784546
no_grasp,101,195,1.0,1.0,20,1,1,success,22,7.6643843203783035,0.05012480914592743,0.0386602059006691,0.82,1,0.16785076260566711
no_grasp,101,195,1.0,1.0,21,1,1,success,9,7.28508410975337,0.09843126684427261,0.06863755732774734,0.92,1,0.1303422898054123
no_grasp,101,195,1.0,1.0,22,1,1,success,20,5.350376479327679,0.017855092883110046,0.011806551367044449,0.86,1,0.2519223690032959
no_grasp,101,195,1.0,1.0,23,1,1,success,11,2.71780788898468,0.06357969343662262,0.05820811167359352,0.9,1,0.15017682313919067
no_grasp,101,195,1.0,1.0,24,1,1,success,13,5.743803456425667,0.0867687314748764,0.08412597328424454,0.84,1,0.07636190950870514
no_grasp,101,195,1.0,1.0,25,1,1,success,14,4.942281637340784,0.06409032642841339,0.05651921033859253,0.88,1,0.18971498310565948
no_grasp,101,195,1.0,1.0,26,1,1,success,16,9.16119385510683,0.053628962486982346,0.04071946442127228,0.82,1,0.08544474840164185
no_grasp,101,195,1.0,1.0,27,1,1,success,17,9.127149358391762,0.05652475729584694,0.051269467920064926,0.9,1,0.3119691014289856
no_grasp,101,195,1.0,1.0,28,1,1,success,15,7.794798817485571,0.08538810908794403,0.06077231466770172,0.86,1,0.1788926124572754
no_grasp,101,195,1.0,1.0,29,1,1,success,20,10.92465315014124,0.022103190422058105,0.012086530216038227,0.9,1,0.27868303656578064
no_grasp,101,195,1.0,1.0,30,1,1,success,14,10.223760269582272,0.08707622438669205,0.08112181723117828,0.9,1,0.2325439751148224
no_grasp,101,195,1.0,1.0,31,1,1,success,13,8.820826187729836,0.05597849190235138,0.04087154567241669,0.92,1,0.30214375257492065
no_grasp,101,195,2.0,1.0,0,1,1,success,30,5.699111148715019,0.09901074320077896,0.07332812994718552,0.78,1,0.23237761855125427
no_grasp,101,195,2.0,1.0,1,1,1,success,14,9.625681675970554,0.10280255228281021,0.07537182420492172,0.92,1,0.20884142816066742
no_grasp,101,195,2.0,1.0,2,1,1,success,9,7.113249506801367,0.06697165220975876,0.05800757184624672,0.92,1,0.08637441694736481
no_grasp,101,195,2.0,1.0,3,1,1,success,15,10.734478943049908,0.08801291882991791,0.07361719757318497,0.92,1,0.04199345037341118
no_grasp,101,195,2.0,1.0,4,0,0,goal_not_reached_at_end,,329.41141724586487,0.6387080550193787,0.39884981513023376,0.3,6,0.01999993622303009
no_grasp,101,195,2.0,1.0,5,1,1,success,13,4.120567813515663,0.0488361231982708,0.0391811802983284,0.9,1,0.24543125927448273
no_grasp,101,195,2.0,1.0,6,1,1,success,19,6.758948788046837,0.08311720192432404,0.07635883241891861,0.8,1,0.030171392485499382
no_grasp,101,195,2.0,1.0,7,1,1,success,23,14.307009056210518,0.059466127306222916,0.054045625030994415,0.86,1,0.269632488489151
no_grasp,101,195,2.0,1.0,8,1,1,success,13,10.906289331614971,0.10835758596658707,0.09136326611042023,0.92,1,0.206198051571846
no_grasp,101,195,2.0,1.0,9,1,1,success,14,13.757951557636261,0.11528488993644714,0.0897703468799591,0.92,1,0.04889139533042908
no_grasp,101,195,2.0,1.0,10,1,1,success,11,11.777197010815144,0.07155600190162659,0.0647607296705246,0.9,1,0.15934798121452332
no_grasp,101,195,2.0,1.0,11,1,1,success,10,10.118204168975353,0.07272133976221085,0.06389922648668289,0.92,1,0.02539852075278759
no_grasp,101,195,2.0,1.0,12,1,1,success,22,4.360395949333906,0.09553088247776031,0.07649289071559906,0.8,1,0.2033199965953827
no_grasp,101,195,2.0,1.0,13,1,1,success,28,13.118667528033257,0.03409571945667267,0.025033798068761826,0.78,1,0.21052347123622894
no_grasp,101,195,2.0,1.0,14,1,1,success,19,14.904310926795006,0.07518797367811203,0.05821070820093155,0.92,1,0.30547672510147095
no_grasp,101,195,2.0,1.0,15,1,1,success,13,8.983612060546875,0.10359635204076767,0.09789685904979706,0.82,1,0.026541726663708687
no_grasp,101,195,2.0,1.0,16,1,1,success,20,10.495619848370552,0.10336644947528839,0.07947781682014465,0.84,1,0.29776009917259216
no_grasp,101,195,2.0,1.0,17,1,1,success,17,4.129619803279638,0.046794403344392776,0.04025683552026749,0.88,1,0.19623079895973206
no_grasp,101,195,2.0,1.0,18,1,1,success,14,10.71970071643591,0.07735215872526169,0.07353334128856659,0.9,1,0.2329019457101822
no_grasp,101,195,2.0,1.0,19,1,1,success,15,7.8628407791256905,0.024512795731425285,0.015572059899568558,0.88,1,0.15784285962581635
no_grasp,101,195,2.0,1.0,20,1,1,success,22,6.894112098962069,0.06563027948141098,0.04817226901650429,0.82,1,0.1669253408908844
no_grasp,101,195,2.0,1.0,21,1,1,success,9,7.662071846425533,0.11317182332277298,0.08159422874450684,0.92,1,0.12917350232601166
no_grasp,101,195,2.0,1.0,22,1,1,success,20,4.318444058299065,0.014118836261332035,0.007643520832061768,0.86,1,0.2508791983127594
no_grasp,101,195,2.0,1.0,23,1,1,success,11,3.314108122140169,0.06348034739494324,0.05864997208118439,0.9,1,0.1493496149778366
no_grasp,101,195,2.0,1.0,24,1,1,success,13,5.751464981585741,0.09944111853837967,0.09685011953115463,0.84,1,0.07619719952344894
no_grasp,101,195,2.0,1.0,25,1,1,success,14,4.281159956008196,0.07183114439249039,0.06686040759086609,0.88,1,0.18874026834964752
no_grasp,101,195,2.0,1.0,26,1,1,success,16,9.379565715789795,0.05837123095989227,0.05299520492553711,0.82,1,0.08480557054281235
no_grasp,101,195,2.0,1.0,27,1,1,success,17,8.652560412883759,0.06855612248182297,0.06507013738155365,0.9,1,0.311193585395813
no_grasp,101,195,2.0,1.0,28,1,1,success,15,7.716506253927946,0.10161891579627991,0.07600082457065582,0.86,1,0.17753876745700836
no_grasp,101,195,2.0,1.0,29,1,1,success,20,10.443154722452164,0.028507953509688377,0.02220086380839348,0.9,1,0.27804064750671387
no_grasp,101,195,2.0,1.0,30,1,1,success,14,10.482304729521275,0.10062207281589508,0.0928797796368599,0.9,1,0.2322477251291275
no_grasp,101,195,2.0,1.0,31,1,1,success,13,8.031412027776241,0.05792195349931717,0.0428185760974884,0.92,1,0.30077600479125977
no_grasp,101,195,1.0,0.5,0,1,1,success,30,8.255799300968647,0.07332863658666611,0.05126253888010979,0.78,1,0.23472321033477783
no_grasp,101,195,1.0,0.5,1,1,1,success,14,10.242610238492489,0.08648530393838882,0.05985477194190025,0.92,1,0.2102121114730835
no_grasp,101,195,1.0,0.5,2,1,1,success,9,6.272784899920225,0.047237202525138855,0.040688127279281616,0.92,1,0.08693593740463257
no_grasp,101,195,1.0,0.5,3,1,1,success,15,10.166659951210022,0.0945691168308258,0.08408235758543015,0.92,1,0.04258690029382706
no_grasp,101,195,1.0,0.5,4,1,1,success,34,12.478237971663475,0.05772434547543526,0.037330757826566696,0.74,1,0.3288700580596924
no_grasp,101,195,1.0,0.5,5,1,1,success,13,3.1360050197690725,0.0431339293718338,0.038195423781871796,0.9,1,0.246127650141716
no_grasp,101,195,1.0,0.5,6,1,1,success,19,7.031228858977556,0.09542694687843323,0.08707848936319351,0.8,1,0.03030792996287346
no_grasp,101,195,1.0,0.5,7,1,1,success,23,14.878293499350548,0.048447318375110626,0.039910271763801575,0.86,1,0.2703586518764496
no_grasp,101,195,1.0,0.5,8,1,1,success,13,9.73134208470583,0.09242888540029526,0.07900683581829071,0.92,1,0.205448716878891
no_grasp,101,195,1.0,0.5,9,1,1,success,14,12.557921931147575,0.10415875911712646,0.07120225578546524,0.92,1,0.050121430307626724
no_grasp,101,195,1.0,0.5,10,1,1,success,11,10.753578506410122,0.0696762427687645,0.05445050075650215,0.9,1,0.15982958674430847
no_grasp,101,195,1.0,0.5,11,1,1,success,10,9.423837997019291,0.05485747009515762,0.04133187606930733,0.92,1,0.02516031824052334
no_grasp,101,195,1.0,0.5,12,1,1,success,22,4.628982860594988,0.07084715366363525,0.06203516572713852,0.8,1,0.20443415641784668
no_grasp,101,195,1.0,0.5,13,1,1,success,28,13.589538633823395,0.032600730657577515,0.022333871573209763,0.78,1,0.21118035912513733
no_grasp,101,195,1.0,0.5,14,1,1,success,19,14.757195487618446,0.05416199192404747,0.03994695469737053,0.92,1,0.3058597445487976
no_grasp,101,195,1.0,0.5,15,1,1,success,13,8.688120171427727,0.09501346945762634,0.08954504877328873,0.82,1,0.027166103944182396
no_grasp,101,195,1.0,0.5,16,1,1,success,20,10.50509512424469,0.08355642110109329,0.05962568148970604,0.84,1,0.29822906851768494
no_grasp,101,195,1.0,0.5,17,1,1,success,17,4.846757743507624,0.04983524605631828,0.04334939271211624,0.88,1,0.19700519740581512
no_grasp,101,195,1.0,0.5,18,1,1,success,14,10.395387187600136,0.0681464672088623,0.0659342110157013,0.9,1,0.2332111895084381
no_grasp,101,195,1.0,0.5,19,1,1,success,15,8.11422523111105,0.029943034052848816,0.023837894201278687,0.88,1,0.15864548087120056
no_grasp,101,195,1.0,0.5,20,1,1,success,22,7.718105800449848,0.04772460088133812,0.03866635262966156,0.82,1,0.16786672174930573
no_grasp,101,195,1.0,0.5,21,1,1,success,9,7.159895729273558,0.09737247228622437,0.06863513588905334,0.92,1,0.13037799298763275
no_grasp,101,195,1.0,0.5,22,1,1,success,20,5.267809610813856,0.028610708191990852,0.02284868434071541,0.86,1,0.25187215209007263
no_grasp,101,195,1.0,0.5,23,1,1,success,11,2.7409314643591642,0.062419213354587555,0.056890979409217834,0.9,1,0.15017014741897583
no_grasp,101,195,1.0,0.5,24,1,1,success,13,5.265823565423489,0.07799456268548965,0.0739700049161911,0.84,1,0.076502725481987
no_grasp,101,195,1.0,0.5,25,1,1,success,14,4.863859619945288,0.061559319496154785,0.05348899960517883,0.88,1,0.1897774189710617
no_grasp,101,195,1.0,0.5,26,1,1,success,16,8.944024331867695,0.054454635828733444,0.04045528918504715,0.82,1,0.08545547723770142
no_grasp,101,195,1.0,0.5,27,1,1,success,17,8.795095607638359,0.05526887625455856,0.04943498969078064,0.9,1,0.3117099106311798
no_grasp,101,195,1.0,0.5,28,1,1,success,15,7.8591881319880486,0.08031509071588516,0.07255443930625916,0.86,1,0.1792832612991333
no_grasp,101,195,1.0,0.5,29,1,1,success,20,10.49770601093769,0.025864049792289734,0.01612943783402443,0.9,1,0.2783772349357605
no_grasp,101,195,1.0,0.5,30,1,1,success,14,9.445461444556713,0.08304593712091446,0.07854171097278595,0.9,1,0.23181107640266418
no_grasp,101,195,1.0,0.5,31,1,1,success,13,8.767197839915752,0.05586162954568863,0.04106398671865463,0.92,1,0.3021366000175476
no_grasp,101,195,2.0,0.5,0,1,1,success,30,7.45857460424304,0.08549079298973083,0.058571815490722656,0.78,1,0.23387660086154938
no_grasp,101,195,2.0,0.5,1,1,1,success,14,9.581354446709156,0.10168858617544174,0.07213564962148666,0.92,1,0.20895537734031677
no_grasp,101,195,2.0,0.5,2,1,1,success,9,6.831283215433359,0.06473714858293533,0.057989899069070816,0.92,1,0.0864187628030777
no_grasp,101,195,2.0,0.5,3,1,1,success,15,10.687345638871193,0.08981956541538239,0.07624711841344833,0.92,1,0.04195951670408249
no_grasp,101,195,2.0,0.5,4,1,1,success,34,15.733806416392326,0.07396960258483887,0.04825970530509949,0.74,1,0.3312125504016876
no_grasp,101,195,2.0,0.5,5,1,1,success,13,3.775852033868432,0.04198937490582466,0.03688040003180504,0.9,1,0.24545688927173615
no_grasp,101,195,2.0,0.5,6,1,1,success,19,6.887278985232115,0.08638108521699905,0.07980778068304062,0.8,1,0.030203748494386673
no_grasp,101,195,2.0,0.5,7,1,1,success,23,14.036104083061218,0.05001126229763031,0.04482802748680115,0.86,1,0.26948389410972595
no_grasp,101,195,2.0,0.5,8,1,1,success,13,10.360964573919773,0.10682270675897598,0.09079495072364807,0.92,1,0.20566020905971527
no_grasp,101,195,2.0,0.5,9,1,1,success,14,13.647852465510368,0.11533670872449875,0.08906301856040955,0.92,1,0.048957161605358124
no_grasp,101,195,2.0,0.5,10,1,1,success,11,11.723147705197334,0.07134559005498886,0.06403213739395142,0.9,1,0.1593036651611328
no_grasp,101,195,2.0,0.5,11,1,1,success,10,6.912640295922756,0.054036449640989304,0.05221957340836525,0.92,1,0.024826129898428917
no_grasp,101,195,2.0,0.5,12,1,1,success,22,4.360801540315151,0.09279726445674896,0.07624862343072891,0.8,1,0.20346471667289734
no_grasp,101,195,2.0,0.5,13,1,1,success,28,13.103325851261616,0.03296417370438576,0.023910680785775185,0.78,1,0.21055854856967926
no_grasp,101,195,2.0,0.5,14,1,1,success,19,14.709828421473503,0.07366311550140381,0.05733250826597214,0.92,1,0.3053075075149536
no_grasp,101,195,2.0,0.5,15,1,1,success,13,9.00052860379219,0.0985322892665863,0.09195038676261902,0.82,1,0.02640545181930065
no_grasp,101,195,2.0,0.5,16,1,1,success,20,10.378344915807247,0.10000693798065186,0.07568630576133728,0.84,1,0.29752081632614136
no_grasp,101,195,2.0,0.5,17,1,1,success,17,4.0614721365273,0.047462668269872665,0.04118707403540611,0.88,1,0.19615988433361053
no_grasp,101,195,2.0,0.5,18,1,1,success,14,10.600034147500992,0.08027321845293045,0.07671033591032028,0.9,1,0.23261885344982147
no_grasp,101,195,2.0,0.5,19,1,1,success,15,7.831159047782421,0.026232939213514328,0.017867635935544968,0.88,1,0.15785185992717743
no_grasp,101,195,2.0,0.5,20,1,1,success,22,6.770619191229343,0.07137593626976013,0.06463545560836792,0.82,1,0.1666460782289505
no_grasp,101,195,2.0,0.5,21,1,1,success,9,7.666082587093115,0.11185917258262634,0.08030342310667038,0.92,1,0.12933436036109924
no_grasp,101,195,2.0,0.5,22,1,1,success,20,4.18806541711092,0.02520015835762024,0.018332697451114655,0.86,1,0.2508116066455841
no_grasp,101,195,2.0,0.5,23,1,1,success,11,3.329603932797909,0.05901987850666046,0.053706780076026917,0.9,1,0.14935818314552307
no_grasp,101,195,2.0,0.5,24,1,1,success,13,5.52799180150032,0.08762103319168091,0.08347070962190628,0.84,1,0.07616860419511795
no_grasp,101,195,2.0,0.5,25,1,1,success,14,4.141835030168295,0.06541397422552109,0.05952991917729378,0.88,1,0.18886977434158325
no_grasp,101,195,2.0,0.5,26,1,1,success,16,9.364435449242592,0.05903816223144531,0.053808923810720444,0.82,1,0.08478210121393204
no_grasp,101,195,2.0,0.5,27,1,1,success,17,8.169692009687424,0.0659148246049881,0.061513274908065796,0.9,1,0.3108196258544922
no_grasp,101,195,2.0,0.5,28,1,1,success,15,7.452052086591721,0.09995311498641968,0.0731346383690834,0.86,1,0.17759662866592407
no_grasp,101,195,2.0,0.5,29,1,1,success,20,10.17316710203886,0.0266689732670784,0.018034890294075012,0.9,1,0.27790048718452454
no_grasp,101,195,2.0,0.5,30,1,1,success,14,9.888611733913422,0.0974549949169159,0.09103286266326904,0.9,1,0.23163975775241852
no_grasp,101,195,2.0,0.5,31,1,1,success,13,7.995929569005966,0.057115308940410614,0.04185100644826889,0.92,1,0.3007435202598572
no_grasp,202,97,1.0,1.0,0,1,1,success,29,8.28435830771923,0.036994270980358124,0.02328772097826004,0.78,1,0.23007717728614807
no_grasp,202,97,1.0,1.0,1,1,1,success,15,4.481284879148006,0.03979795053601265,0.03172896429896355,0.9,1,0.20672425627708435
no_grasp,202,97,1.0,1.0,2,1,1,success,10,13.655350543558598,0.08719558268785477,0.06132126599550247,0.92,1,0.09761006385087967
no_grasp,202,97,1.0,1.0,3,1,1,success,17,4.000414162874222,0.046667713671922684,0.032077472656965256,0.92,1,0.051812127232551575
no_grasp,202,97,1.0,1.0,4,1,1,success,32,5.625278688967228,0.09645091742277145,0.08156251907348633,0.78,1,0.3227962255477905
no_grasp,202,97,1.0,1.0,5,1,1,success,13,1.590536325238645,0.06533312797546387,0.04146474599838257,0.9,1,0.24803286790847778
no_grasp,202,97,1.0,1.0,6,1,1,success,19,12.761742807924747,0.03885821998119354,0.025469372048974037,0.8,1,0.04286827892065048
no_grasp,202,97,1.0,1.0,7,1,1,success,23,5.530311726033688,0.057850487530231476,0.03481214866042137,0.86,1,0.2611965239048004
no_grasp,202,97,1.0,1.0,8,1,1,success,13,5.990026984363794,0.05708659067749977,0.04147069901227951,0.92,1,0.2039901614189148
no_grasp,202,97,1.0,1.0,9,1,1,success,17,8.165509440004826,0.04911067336797714,0.04373243451118469,0.92,1,0.05799730494618416
no_grasp,202,97,1.0,1.0,10,1,1,success,11,2.3643833119422197,0.0509430468082428,0.03697158023715019,0.9,1,0.16530510783195496
no_grasp,202,97,1.0,1.0,11,1,1,success,11,10.01360546797514,0.05453146621584892,0.04376468062400818,0.92,1,0.0366441085934639
no_grasp,202,97,1.0,1.0,12,1,1,success,22,7.3995767161250114,0.05789147689938545,0.047960102558135986,0.8,1,0.20665068924427032
no_grasp,202,97,1.0,1.0,13,1,1,success,29,8.74773133546114,0.05792098119854927,0.04764730855822563,0.78,1,0.20461425185203552
no_grasp,202,97,1.0,1.0,14,1,1,success,19,8.000333793461323,0.09953245520591736,0.06979148089885712,0.92,1,0.3005134165287018
no_grasp,202,97,1.0,1.0,15,1,1,success,13,8.033270947635174,0.02453635260462761,0.022424250841140747,0.82,1,0.03533957153558731
no_grasp,202,97,1.0,1.0,16,1,1,success,20,9.679782204329967,0.06579899787902832,0.05679681897163391,0.84,1,0.2973595857620239
no_grasp,202,97,1.0,1.0,17,1,1,success,17,6.537267006933689,0.03614732250571251,0.023186635226011276,0.88,1,0.19630171358585358
no_grasp,202,97,1.0,1.0,18,1,1,success,14,5.972101353108883,0.09093111008405685,0.06612323224544525,0.9,1,0.2352863848209381
no_grasp,202,97,1.0,1.0,19,1,1,success,16,7.704253774136305,0.04527681693434715,0.03706030547618866,0.86,1,0.15782511234283447
no_grasp,202,97,1.0,1.0,20,1,1,success,22,6.2939501367509365,0.046536028385162354,0.027104422450065613,0.82,1,0.1632957011461258
no_grasp,202,97,1.0,1.0,21,1,1,success,10,6.872082129120827,0.05524228885769844,0.04704159498214722,0.92,1,0.13491447269916534
no_grasp,202,97,1.0,1.0,22,1,1,success,20,5.424213595688343,0.04236138239502907,0.024137398228049278,0.86,1,0.24934574961662292
no_grasp,202,97,1.0,1.0,23,1,1,success,11,6.2927864491939545,0.03201557695865631,0.02015012316405773,0.9,1,0.14896270632743835
no_grasp,202,97,1.0,1.0,24,1,1,success,13,6.8155573680996895,0.016823433339595795,0.011323156766593456,0.84,1,0.07783568650484085
no_grasp,202,97,1.0,1.0,25,1,1,success,14,4.66298870742321,0.027748845517635345,0.021599674597382545,0.88,1,0.18304434418678284
no_grasp,202,97,1.0,1.0,26,1,1,success,17,8.535478264093399,0.07126802206039429,0.049582622945308685,0.82,1,0.09289898723363876
no_grasp,202,97,1.0,1.0,27,1,1,success,16,3.885112702846527,0.04701806977391243,0.042068228125572205,0.9,1,0.3062097430229187
no_grasp,202,97,1.0,1.0,28,1,1,success,14,3.863914869725704,0.04680327698588371,0.043947555124759674,0.86,1,0.17907138168811798
no_grasp,202,97,1.0,1.0,29,1,1,success,20,6.982094142585993,0.049347035586833954,0.032571256160736084,0.9,1,0.2739206850528717
no_grasp,202,97,1.0,1.0,30,1,1,success,14,6.738012190908194,0.08898226916790009,0.07439681142568588,0.9,1,0.2315264791250229
no_grasp,202,97,1.0,1.0,31,1,1,success,14,5.196938291192055,0.0391506664454937,0.034724846482276917,0.9,1,0.29076021909713745
no_grasp,202,97,2.0,1.0,0,1,1,success,29,7.924645207822323,0.037320319563150406,0.023647919297218323,0.78,1,0.22934085130691528
no_grasp,202,97,2.0,1.0,1,1,1,success,15,4.52912924811244,0.03795994073152542,0.028066322207450867,0.9,1,0.20586363971233368
no_grasp,202,97,2.0,1.0,2,1,1,success,10,13.138825073838234,0.10103156417608261,0.07313321530818939,0.92,1,0.09759151935577393
no_grasp,202,97,2.0,1.0,3,1,1,success,17,3.4904866479337215,0.06847996264696121,0.052116937935352325,0.92,1,0.05116864666342735
no_grasp,202,97,2.0,1.0,4,1,1,success,32,5.118930246680975,0.10156244784593582,0.08851505815982819,0.78,1,0.32198822498321533
no_grasp,202,97,2.0,1.0,5,1,1,success,13,1.2873811647295952,0.08702856302261353,0.05842903256416321,0.9,1,0.24750474095344543
no_grasp,202,97,2.0,1.0,6,1,1,success,19,11.725357733666897,0.04474997520446777,0.02739943377673626,0.8,1,0.041855428367853165
no_grasp,202,97,2.0,1.0,7,1,1,success,23,5.246033426374197,0.06458590924739838,0.04398486018180847,0.86,1,0.260648638010025
no_grasp,202,97,2.0,1.0,8,1,1,success,13,5.344213917851448,0.058994825929403305,0.044492609798908234,0.92,1,0.2027425318956375
no_grasp,202,97,2.0,1.0,9,1,1,success,16,8.748163469135761,0.06003277376294136,0.05462486296892166,0.92,1,0.05749204009771347
no_grasp,202,97,2.0,1.0,10,1,1,success,11,2.108469372615218,0.06873106211423874,0.052327778190374374,0.9,1,0.16479426622390747
no_grasp,202,97,2.0,1.0,11,1,1,success,11,9.918194264173508,0.07798345386981964,0.06648661196231842,0.92,1,0.036596424877643585
no_grasp,202,97,2.0,1.0,12,1,1,success,22,6.889353971928358,0.06736598163843155,0.05684996023774147,0.8,1,0.20612837374210358
no_grasp,202,97,2.0,1.0,13,1,1,success,29,9.083571843802929,0.08170051127672195,0.0751897394657135,0.78,1,0.20452281832695007
no_grasp,202,97,2.0,1.0,14,1,1,success,19,6.5916539169847965,0.12492137402296066,0.09061730653047562,0.92,1,0.2993770241737366
no_grasp,202,97,2.0,1.0,15,1,1,success,13,7.327944505959749,0.026998957619071007,0.024802343919873238,0.82,1,0.03450876474380493
no_grasp,202,97,2.0,1.0,16,1,1,success,21,5.947791505604982,0.11033576726913452,0.07930862158536911,0.82,1,0.2922514081001282
no_grasp,202,97,2.0,1.0,17,1,1,success,17,6.2903291545808315,0.034955646842718124,0.024815484881401062,0.88,1,0.19589824974536896
no_grasp,202,97,2.0,1.0,18,1,1,success,14,5.676771514117718,0.10571417957544327,0.07438285648822784,0.9,1,0.23466439545154572
no_grasp,202,97,2.0,1.0,19,1,1,success,16,7.456802297383547,0.04712001606822014,0.038925640285015106,0.86,1,0.157194584608078
no_grasp,202,97,2.0,1.0,20,1,1,success,22,6.733401212841272,0.05487247556447983,0.04198252409696579,0.82,1,0.1625809371471405
no_grasp,202,97,2.0,1.0,21,1,1,success,10,7.001736667007208,0.06535512208938599,0.057731110602617264,0.92,1,0.13430655002593994
no_grasp,202,97,2.0,1.0,22,1,1,success,20,5.128667689859867,0.048367809504270554,0.03430050611495972,0.86,1,0.24873340129852295
no_grasp,202,97,2.0,1.0,23,1,1,success,11,6.533236708492041,0.026149824261665344,0.014806821011006832,0.9,1,0.14833833277225494
no_grasp,202,97,2.0,1.0,24,1,1,success,13,6.889558397233486,0.022113226354122162,0.013967059552669525,0.84,1,0.07738512009382248
no_grasp,202,97,2.0,1.0,25,1,1,success,14,5.247483495622873,0.025406932458281517,0.01812220737338066,0.88,1,0.1823025643825531
no_grasp,202,97,2.0,1.0,26,1,1,success,17,7.9329004511237144,0.08933858573436737,0.06033652648329735,0.82,1,0.09264065325260162
no_grasp,202,97,2.0,1.0,27,1,1,success,16,3.739194246008992,0.0662146806716919,0.06357000023126602,0.9,1,0.30517640709877014
no_grasp,202,97,2.0,1.0,28,1,1,success,14,4.193441476672888,0.05778200551867485,0.05535995215177536,0.86,1,0.17851778864860535
no_grasp,202,97,2.0,1.0,29,1,1,success,20,6.4179981127381325,0.05931716784834862,0.046362727880477905,0.9,1,0.273097425699234
no_grasp,202,97,2.0,1.0,30,1,1,success,14,6.49121031165123,0.10546468943357468,0.08887746185064316,0.9,1,0.23091624677181244
no_grasp,202,97,2.0,1.0,31,1,1,success,14,5.915568675845861,0.04168156534433365,0.03496488183736801,0.9,1,0.2899840772151947
no_grasp,202,97,1.0,0.5,0,1,1,success,29,8.316638879477978,0.037121813744306564,0.023216573521494865,0.78,1,0.2300460934638977
no_grasp,202,97,1.0,0.5,1,1,1,success,15,4.461591597646475,0.038149941712617874,0.02935280092060566,0.9,1,0.2065410017967224
no_grasp,202,97,1.0,0.5,2,1,1,success,10,14.165633358061314,0.08454098552465439,0.058725837618112564,0.92,1,0.09820921719074249
no_grasp,202,97,1.0,0.5,3,1,1,success,17,3.5606445744633675,0.0511627234518528,0.03720401972532272,0.92,1,0.051391519606113434
no_grasp,202,97,1.0,0.5,4,1,1,success,32,5.6234244257211685,0.09623733907938004,0.08124905079603195,0.78,1,0.3228122591972351
no_grasp,202,97,1.0,0.5,5,1,1,success,13,1.5505386982113123,0.0633835643529892,0.04058916121721268,0.9,1,0.24786071479320526
no_grasp,202,97,1.0,0.5,6,1,1,success,19,12.12907861918211,0.043842069804668427,0.029471952468156815,0.8,1,0.04236043244600296
no_grasp,202,97,1.0,0.5,7,1,1,success,23,5.35231176763773,0.055695828050374985,0.03559859097003937,0.86,1,0.26059842109680176
no_grasp,202,97,1.0,0.5,8,1,1,success,13,5.977792665362358,0.05730694904923439,0.04168378934264183,0.92,1,0.2039678543806076
no_grasp,202,97,1.0,0.5,9,1,1,success,17,8.036098442971706,0.04835720732808113,0.042970217764377594,0.92,1,0.05809267610311508
no_grasp,202,97,1.0,0.5,10,1,1,success,11,2.2518648765981197,0.05522826313972473,0.04169574752449989,0.9,1,0.16516682505607605
no_grasp,202,97,1.0,0.5,11,1,1,success,11,9.747477248311043,0.055607497692108154,0.045074958354234695,0.92,1,0.03646174445748329
no_grasp,202,97,1.0,0.5,12,1,1,success,22,7.084613665938377,0.05570311099290848,0.04326112940907478,0.8,1,0.20651838183403015
no_grasp,202,97,1.0,0.5,13,1,1,success,29,8.37001670151949,0.049415070563554764,0.030347200110554695,0.78,1,0.20441722869873047
no_grasp,202,97,1.0,0.5,14,1,1,success,19,8.13436508178711,0.09861075133085251,0.06923647969961166,0.92,1,0.30035924911499023
no_grasp,202,97,1.0,0.5,15,1,1,success,13,7.715819403529167,0.024750612676143646,0.023268338292837143,0.82,1,0.035208359360694885
no_grasp,202,97,1.0,0.5,16,1,1,success,20,9.693481959402561,0.06610701978206635,0.05707423761487007,0.84,1,0.2973979115486145
no_grasp,202,97,1.0,0.5,17,1,1,success,17,6.762027274817228,0.03527072072029114,0.024532679468393326,0.88,1,0.19666418433189392
no_grasp,202,97,1.0,0.5,18,1,1,success,14,5.998981650918722,0.09029705077409744,0.06569324433803558,0.9,1,0.23531708121299744
no_grasp,202,97,1.0,0.5,19,1,1,success,16,7.5523220002651215,0.039166588336229324,0.02500946819782257,0.86,1,0.15760749578475952
no_grasp,202,97,1.0,0.5,20,1,1,success,22,6.465315818786621,0.04142682999372482,0.026330776512622833,0.82,1,0.16208919882774353
no_grasp,202,97,1.0,0.5,21,1,1,success,10,6.700584199279547,0.05385779216885567,0.045854561030864716,0.92,1,0.1348782479763031
no_grasp,202,97,1.0,0.5,22,1,1,success,20,5.239671096205711,0.039890825748443604,0.026481006294488907,0.86,1,0.24927383661270142
no_grasp,202,97,1.0,0.5,23,1,1,success,11,6.253927014768124,0.03540694713592529,0.024804798886179924,0.9,1,0.14895717799663544
no_grasp,202,97,1.0,0.5,24,1,1,success,13,6.352843251079321,0.019848844036459923,0.01153505314141512,0.84,1,0.07756844162940979
no_grasp,202,97,1.0,0.5,25,1,1,success,14,4.744244739413261,0.027645399793982506,0.02112577110528946,0.88,1,0.18295907974243164
no_grasp,202,97,1.0,0.5,26,1,1,success,17,8.493443951010704,0.0704709142446518,0.04822307825088501,0.82,1,0.09296651184558868
no_grasp,202,97,1.0,0.5,27,1,1,success,16,4.034972749650478,0.040562208741903305,0.03555598855018616,0.9,1,0.3063375651836395
no_grasp,202,97,1.0,0.5,28,1,1,success,14,3.7700599059462547,0.046048350632190704,0.04304255545139313,0.86,1,0.17903998494148254
no_grasp,202,97,1.0,0.5,29,1,1,success,20,6.528837606310844,0.04411295801401138,0.02490847371518612,0.9,1,0.27317991852760315
no_grasp,202,97,1.0,0.5,30,1,1,success,14,7.0600006729364395,0.08735127747058868,0.07371082156896591,0.9,1,0.23200494050979614
no_grasp,202,97,1.0,0.5,31,1,1,success,14,4.9937935546040535,0.04350532218813896,0.037785470485687256,0.9,1,0.29123371839523315
no_grasp,202,97,2.0,0.5,0,1,1,success,29,7.910390384495258,0.03745889291167259,0.0235170666128397,0.78,1,0.22929947078227997
no_grasp,202,97,2.0,0.5,1,1,1,success,15,4.470635671168566,0.0355084054172039,0.02550474926829338,0.9,1,0.20561911165714264
no_grasp,202,97,2.0,0.5,2,1,1,success,10,13.420420698821545,0.0995839387178421,0.07241600751876831,0.92,1,0.0978575199842453
no_grasp,202,97,2.0,0.5,3,1,1,success,17,3.4157298505306244,0.06728557497262955,0.05141593515872955,0.92,1,0.051104478538036346
no_grasp,202,97,2.0,0.5,4,1,1,success,32,5.1104724407196045,0.10197121649980545,0.08852519094944,0.78,1,0.3220732808113098
no_grasp,202,97,2.0,0.5,5,1,1,success,13,1.4684799825772643,0.08177708834409714,0.05513995885848999,0.9,1,0.24711619317531586
no_grasp,202,97,2.0,0.5,6,1,1,success,19,12.105920352041721,0.04136278107762337,0.026107987388968468,0.8,1,0.04217267036437988
no_grasp,202,97,2.0,0.5,7,1,1,success,23,5.077538080513477,0.0611056424677372,0.038056910037994385,0.86,1,0.26018044352531433
no_grasp,202,97,2.0,0.5,8,1,1,success,13,5.290692206472158,0.05969734489917755,0.045261234045028687,0.92,1,0.2027318924665451
no_grasp,202,97,2.0,0.5,9,1,1,success,16,8.446743711829185,0.05867116153240204,0.05360865592956543,0.92,1,0.057625796645879745
no_grasp,202,97,2.0,0.5,10,1,1,success,11,2.0666844211518764,0.06805246323347092,0.05198051035404205,0.9,1,0.16477002203464508
no_grasp,202,97,2.0,0.5,11,1,1,success,11,9.874220937490463,0.07897796481847763,0.06726685166358948,0.92,1,0.036642029881477356
no_grasp,202,97,2.0,0.5,12,1,1,success,22,6.425040774047375,0.06351194530725479,0.05105501040816307,0.8,1,0.20586246252059937
no_grasp,202,97,2.0,0.5,13,1,1,success,29,8.689449168741703,0.07373166084289551,0.0670071393251419,0.78,1,0.20425675809383392
no_grasp,202,97,2.0,0.5,14,1,1,success,19,7.163202855736017,0.12044205516576767,0.08706069737672806,0.92,1,0.29968541860580444
no_grasp,202,97,2.0,0.5,15,1,1,success,13,6.947108544409275,0.025158429518342018,0.02370433881878853,0.82,1,0.0342608280479908
no_grasp,202,97,2.0,0.5,16,1,1,success,20,8.120836690068245,0.07773135602474213,0.06723231077194214,0.84,1,0.29564613103866577
no_grasp,202,97,2.0,0.5,17,1,1,success,17,6.323333363980055,0.03480323776602745,0.025084830820560455,0.88,1,0.19587348401546478
no_grasp,202,97,2.0,0.5,18,1,1,success,14,5.662043578922749,0.10519770532846451,0.07418839633464813,0.9,1,0.23466037213802338
no_grasp,202,97,2.0,0.5,19,1,1,success,16,7.48111167922616,0.037557147443294525,0.023944305256009102,0.86,1,0.15732701122760773
no_grasp,202,97,2.0,0.5,20,1,1,success,22,6.512316409498453,0.04590780660510063,0.028346607461571693,0.82,1,0.16156144440174103
no_grasp,202,97,2.0,0.5,21,1,1,success,10,6.833738647401333,0.06426810473203659,0.05687284842133522,0.92,1,0.13425876200199127
no_grasp,202,97,2.0,0.5,22,1,1,success,20,4.84146224334836,0.04337037727236748,0.02572479471564293,0.86,1,0.24839824438095093
no_grasp,202,97,2.0,0.5,23,1,1,success,11,6.511413957923651,0.03146890178322792,0.019848961383104324,0.9,1,0.14826340973377228
no_grasp,202,97,2.0,0.5,24,1,1,success,13,6.6443984396755695,0.017748242244124413,0.011847374029457569,0.84,1,0.0771784707903862
no_grasp,202,97,2.0,0.5,25,1,1,success,14,5.313960835337639,0.024911683052778244,0.01766158640384674,0.88,1,0.1822025030851364
no_grasp,202,97,2.0,0.5,26,1,1,success,17,8.062758482992649,0.08816554397344589,0.059640102088451385,0.82,1,0.09278769791126251
no_grasp,202,97,2.0,0.5,27,1,1,success,16,3.936666063964367,0.05493080988526344,0.05209997296333313,0.9,1,0.3054349422454834
no_grasp,202,97,2.0,0.5,28,1,1,success,14,3.7542192731052637,0.06039745733141899,0.05803621560335159,0.86,1,0.1784595400094986
no_grasp,202,97,2.0,0.5,29,1,1,success,20,5.89048583060503,0.04931489750742912,0.031784579157829285,0.9,1,0.27225109934806824
no_grasp,202,97,2.0,0.5,30,1,1,success,14,6.877121981233358,0.10389967262744904,0.08836589753627777,0.9,1,0.23154516518115997
no_grasp,202,97,2.0,0.5,31,1,1,success,14,5.951319355517626,0.0408819280564785,0.034375324845314026,0.9,1,0.28989356756210327
no_grasp,202,195,1.0,1.0,0,1,1,success,29,8.595162071287632,0.0883336290717125,0.06230587512254715,0.78,1,0.22832989692687988
no_grasp,202,195,1.0,1.0,1,1,1,success,13,12.865593656897545,0.052255094051361084,0.034457508474588394,0.92,1,0.21256205439567566
no_grasp,202,195,1.0,1.0,2,1,1,success,9,2.9295298736542463,0.025627335533499718,0.016486283391714096,0.92,1,0.08764351159334183
no_grasp,202,195,1.0,1.0,3,1,1,success,13,8.710743859410286,0.0518200546503067,0.025037802755832672,0.92,1,0.04068554937839508
no_grasp,202,195,1.0,1.0,4,0,0,goal_not_reached_at_end,,268.94521713256836,0.7107098698616028,0.6201066374778748,0.38,4,0.1516086608171463
no_grasp,202,195,1.0,1.0,5,1,1,success,12,9.218617342412472,0.06802161037921906,0.056489426642656326,0.92,1,0.2512003779411316
no_grasp,202,195,1.0,1.0,6,1,1,success,19,2.748214639723301,0.04259559512138367,0.027711737900972366,0.8,1,0.030566228553652763
no_grasp,202,195,1.0,1.0,7,1,1,success,22,11.244206689298153,0.06034605950117111,0.04473472386598587,0.86,1,0.2645830810070038
no_grasp,202,195,1.0,1.0,8,1,1,success,13,10.856535285711288,0.04939749464392662,0.028947820886969566,0.92,1,0.20758119225502014
no_grasp,202,195,1.0,1.0,9,1,1,success,13,6.99264882132411,0.07515707612037659,0.04605404660105705,0.92,1,0.04748476296663284
no_grasp,202,195,1.0,1.0,10,1,1,success,11,8.688714355230331,0.04870416596531868,0.03651559725403786,0.9,1,0.16398222744464874
no_grasp,202,195,1.0,1.0,11,1,1,success,10,6.769392639398575,0.04377608746290207,0.03341243043541908,0.92,1,0.02326180785894394
no_grasp,202,195,1.0,1.0,12,1,1,success,22,6.256479304283857,0.08018478751182556,0.05079479143023491,0.8,1,0.20193196833133698
no_grasp,202,195,1.0,1.0,13,1,1,success,28,5.994265899062157,0.07194515317678452,0.060154009610414505,0.78,1,0.20448635518550873
no_grasp,202,195,1.0,1.0,14,1,1,success,19,12.010009028017521,0.06054507568478584,0.04188753291964531,0.92,1,0.301457017660141
no_grasp,202,195,1.0,1.0,15,1,1,success,13,7.376822642982006,0.033393170684576035,0.026477251201868057,0.82,1,0.023393310606479645
no_grasp,202,195,1.0,1.0,16,1,1,success,20,11.242303065955639,0.059115029871463776,0.04302091896533966,0.84,1,0.3012610375881195
no_grasp,202,195,1.0,1.0,17,1,1,success,17,7.315458729863167,0.04136081784963608,0.029252873733639717,0.88,1,0.19592905044555664
no_grasp,202,195,1.0,1.0,18,1,1,success,14,11.302709579467773,0.08072721213102341,0.07039625942707062,0.9,1,0.23697884380817413
no_grasp,202,195,1.0,1.0,19,1,1,success,16,4.336732439696789,0.0369456484913826,0.034456219524145126,0.86,1,0.15722469985485077
no_grasp,202,195,1.0,1.0,20,1,1,success,22,4.27752872928977,0.07262347638607025,0.04955897480249405,0.82,1,0.16133350133895874
no_grasp,202,195,1.0,1.0,21,1,1,success,9,4.38197236508131,0.07894318550825119,0.06581319868564606,0.92,1,0.1303090900182724
no_grasp,202,195,1.0,1.0,22,1,1,success,20,6.778140552341938,0.036099448800086975,0.02104557678103447,0.86,1,0.24907918274402618
no_grasp,202,195,1.0,1.0,23,1,1,success,11,9.27579402923584,0.03512754291296005,0.033504780381917953,0.9,1,0.1432267129421234
no_grasp,202,195,1.0,1.0,24,1,1,success,13,11.453239247202873,0.05263882130384445,0.0329931266605854,0.84,1,0.06943292915821075
no_grasp,202,195,1.0,1.0,25,1,1,success,14,5.869751796126366,0.03646057844161987,0.03090869076550007,0.88,1,0.18471385538578033
no_grasp,202,195,1.0,1.0,26,1,1,success,16,2.3974282667040825,0.05689847841858864,0.042260803282260895,0.82,1,0.08768677711486816
no_grasp,202,195,1.0,1.0,27,1,1,success,16,13.076774775981903,0.04793175309896469,0.033821769058704376,0.9,1,0.31073328852653503
no_grasp,202,195,1.0,1.0,28,1,1,success,14,6.355456076562405,0.06873077899217606,0.05544384941458702,0.86,1,0.17686115205287933
no_grasp,202,195,1.0,1.0,29,1,1,success,19,15.274488367140293,0.04459916055202484,0.023455694317817688,0.92,1,0.27764537930488586
no_grasp,202,195,1.0,1.0,30,1,1,success,14,10.591014288365841,0.09569591283798218,0.0770406424999237,0.9,1,0.22952179610729218
no_grasp,202,195,1.0,1.0,31,1,1,success,13,9.954237379133701,0.04515121877193451,0.032687366008758545,0.92,1,0.29744789004325867
no_grasp,202,195,2.0,1.0,0,1,1,success,29,9.027969092130661,0.09844204783439636,0.07314643263816833,0.78,1,0.2275146245956421
no_grasp,202,195,2.0,1.0,1,1,1,success,13,12.512430548667908,0.060527246445417404,0.04613238945603371,0.92,1,0.21174058318138123
no_grasp,202,195,2.0,1.0,2,1,1,success,9,2.7510346844792366,0.028159592300653458,0.019364874809980392,0.92,1,0.08710335195064545
no_grasp,202,195,2.0,1.0,3,1,1,success,13,9.291032329201698,0.05798359960317612,0.03952047601342201,0.92,1,0.040098149329423904
no_grasp,202,195,2.0,1.0,4,0,0,goal_not_reached_at_end,,442.11649894714355,0.4768226742744446,0.2588691711425781,0.16,2,0.020000169053673744
no_grasp,202,195,2.0,1.0,5,1,1,success,12,7.979672402143478,0.09484411031007767,0.0879417285323143,0.92,1,0.24842970073223114
no_grasp,202,195,2.0,1.0,6,1,1,success,19,3.1150970607995987,0.03996571898460388,0.026560811325907707,0.8,1,0.030208870768547058
no_grasp,202,195,2.0,1.0,7,1,1,success,22,10.724672116339207,0.07194484770298004,0.06066279858350754,0.86,1,0.26372841000556946
no_grasp,202,195,2.0,1.0,8,1,1,success,13,10.207148268818855,0.051812950521707535,0.032121263444423676,0.92,1,0.20667563378810883
no_grasp,202,195,2.0,1.0,9,1,1,success,13,7.35632237046957,0.07881093770265579,0.05512681603431702,0.92,1,0.04708801954984665
no_grasp,202,195,2.0,1.0,10,1,1,success,11,8.58631357550621,0.060206931084394455,0.0436241552233696,0.9,1,0.16298891603946686
no_grasp,202,195,2.0,1.0,11,1,1,success,10,6.705392152070999,0.03485564514994621,0.026439225301146507,0.92,1,0.02336186170578003
no_grasp,202,195,2.0,1.0,12,1,1,success,22,6.114169489592314,0.09246991574764252,0.06576225906610489,0.8,1,0.20118463039398193
no_grasp,202,195,2.0,1.0,13,1,1,success,28,5.238880403339863,0.08576302975416183,0.07636737823486328,0.78,1,0.2036990374326706
no_grasp,202,195,2.0,1.0,14,1,1,success,19,11.275983415544033,0.0859699472784996,0.07243680208921432,0.92,1,0.30020323395729065
no_grasp,202,195,2.0,1.0,15,1,1,success,13,7.923644967377186,0.0342232845723629,0.026939116418361664,0.82,1,0.02282062917947769
no_grasp,202,195,2.0,1.0,16,1,1,success,20,10.207151994109154,0.0601639561355114,0.04407207667827606,0.84,1,0.2997865676879883
no_grasp,202,195,2.0,1.0,17,1,1,success,17,6.797045469284058,0.039292894303798676,0.030015859752893448,0.88,1,0.1951376348733902
no_grasp,202,195,2.0,1.0,18,1,1,success,14,10.135358199477196,0.09767085313796997,0.08979132026433945,0.9,1,0.23511040210723877
no_grasp,202,195,2.0,1.0,19,1,1,success,16,3.9309305138885975,0.037292443215847015,0.035204119980335236,0.86,1,0.15657898783683777
no_grasp,202,195,2.0,1.0,20,1,1,success,22,5.514251999557018,0.1306207925081253,0.100173719227314,0.82,1,0.1611054688692093
no_grasp,202,195,2.0,1.0,21,1,1,success,9,4.824155010282993,0.09084419906139374,0.08123872429132462,0.92,1,0.12966033816337585
no_grasp,202,195,2.0,1.0,22,1,1,success,20,6.246267352253199,0.033300451934337616,0.019936760887503624,0.86,1,0.24825340509414673
no_grasp,202,195,2.0,1.0,23,1,1,success,11,10.040034539997578,0.03401201218366623,0.03291964903473854,0.9,1,0.14243289828300476
no_grasp,202,195,2.0,1.0,24,1,1,success,13,11.973438784480095,0.062307145446538925,0.046464212238788605,0.84,1,0.06885214895009995
no_grasp,202,195,2.0,1.0,25,1,1,success,14,5.9820543974637985,0.03710798919200897,0.03069964423775673,0.88,1,0.183908149600029
no_grasp,202,195,2.0,1.0,26,1,1,success,16,2.4405589792877436,0.07148934155702591,0.0471612848341465,0.82,1,0.08691464364528656
no_grasp,202,195,2.0,1.0,27,1,1,success,16,12.687651440501213,0.06404034048318863,0.05554434284567833,0.9,1,0.3094009459018707
no_grasp,202,195,2.0,1.0,28,1,1,success,14,6.849154364317656,0.08489388227462769,0.07505636662244797,0.86,1,0.17532971501350403
no_grasp,202,195,2.0,1.0,29,1,1,success,19,14.192483387887478,0.05950133875012398,0.04287039116024971,0.92,1,0.27606356143951416
no_grasp,202,195,2.0,1.0,30,1,1,success,14,10.676044970750809,0.11023379117250443,0.08991026878356934,0.9,1,0.22837746143341064
no_grasp,202,195,2.0,1.0,31,1,1,success,13,9.65406559407711,0.04321395605802536,0.033353302627801895,0.92,1,0.2959904670715332
no_grasp,202,195,1.0,0.5,0,1,1,success,30,8.894682861864567,0.08269777148962021,0.05715592950582504,0.78,1,0.22888672351837158
no_grasp,202,195,1.0,0.5,1,1,1,success,13,12.851737439632416,0.051382992416620255,0.033356521278619766,0.92,1,0.2125665694475174
no_grasp,202,195,1.0,0.5,2,1,1,success,9,2.8595803305506706,0.025499790906906128,0.01646731048822403,0.92,1,0.08758479356765747
no_grasp,202,195,1.0,0.5,3,1,1,success,13,8.647727780044079,0.05065083131194115,0.025374073535203934,0.92,1,0.040756721049547195
no_grasp,202,195,1.0,0.5,4,1,1,success,42,1.241360791027546,0.08900971710681915,0.07011540234088898,0.64,1,0.3166906535625458
no_grasp,202,195,1.0,0.5,5,1,1,success,12,9.468073956668377,0.06405884027481079,0.05233898013830185,0.92,1,0.2515886127948761
no_grasp,202,195,1.0,0.5,6,1,1,success,19,2.676357515156269,0.040376681834459305,0.026443004608154297,0.8,1,0.03070155531167984
no_grasp,202,195,1.0,0.5,7,1,1,success,22,11.107302270829678,0.05729207769036293,0.041626669466495514,0.86,1,0.2644866704940796
no_grasp,202,195,1.0,0.5,8,1,1,success,13,10.853996500372887,0.04954852908849716,0.02867293544113636,0.92,1,0.20758555829524994
no_grasp,202,195,1.0,0.5,9,1,1,success,13,6.816586945205927,0.07461882382631302,0.04438268393278122,0.92,1,0.047674328088760376
no_grasp,202,195,1.0,0.5,10,1,1,success,11,8.609994314610958,0.05007994920015335,0.03688422217965126,0.9,1,0.16381846368312836
no_grasp,202,195,1.0,0.5,11,1,1,success,10,6.845289375633001,0.03690328076481819,0.026773761957883835,0.92,1,0.023237794637680054
no_grasp,202,195,1.0,0.5,12,1,1,success,22,6.445757579058409,0.07774385064840317,0.05007096379995346,0.8,1,0.20213675498962402
no_grasp,202,195,1.0,0.5,13,1,1,success,28,6.444100756198168,0.0681232437491417,0.05663422867655754,0.78,1,0.20491613447666168
no_grasp,202,195,1.0,0.5,14,1,1,success,19,11.970612220466137,0.054885707795619965,0.03493143245577812,0.92,1,0.30151501297950745
no_grasp,202,195,1.0,0.5,15,1,1,success,13,7.39192683249712,0.03293709084391594,0.02652541734278202,0.82,1,0.02338794246315956
no_grasp,202,195,1.0,0.5,16,1,1,success,20,13.448474928736687,0.07364436239004135,0.05070081353187561,0.84,1,0.3022761940956116
no_grasp,202,195,1.0,0.5,17,1,1,success,17,7.255608681589365,0.04202399402856827,0.029270227998495102,0.88,1,0.1958630383014679
no_grasp,202,195,1.0,0.5,18,1,1,success,14,11.522294022142887,0.07898648828268051,0.06836903095245361,0.9,1,0.2372586727142334
no_grasp,202,195,1.0,0.5,19,1,1,success,16,4.332289565354586,0.03770562633872032,0.03464053198695183,0.86,1,0.1572156399488449
no_grasp,202,195,1.0,0.5,20,1,1,success,22,4.868979565799236,0.07289529591798782,0.05001991242170334,0.82,1,0.1616627275943756
no_grasp,202,195,1.0,0.5,21,1,1,success,9,3.955781925469637,0.07388586550951004,0.0496525838971138,0.92,1,0.13071326911449432
no_grasp,202,195,1.0,0.5,22,1,1,success,20,6.756576243788004,0.03817695379257202,0.02125072479248047,0.86,1,0.24903728067874908
no_grasp,202,195,1.0,0.5,23,1,1,success,11,9.320734068751335,0.03474752604961395,0.03338289633393288,0.9,1,0.14319376647472382
no_grasp,202,195,1.0,0.5,24,1,1,success,13,11.569321155548096,0.04156148061156273,0.027537694200873375,0.84,1,0.0693155899643898
no_grasp,202,195,1.0,0.5,25,1,1,success,14,5.740591324865818,0.034980837255716324,0.030838143080472946,0.88,1,0.18473809957504272
no_grasp,202,195,1.0,0.5,26,1,1,success,16,2.3484048433601856,0.05669250711798668,0.041941069066524506,0.82,1,0.08757666498422623
no_grasp,202,195,1.0,0.5,27,1,1,success,16,13.231806457042694,0.04621497169137001,0.032071106135845184,0.9,1,0.31095078587532043
no_grasp,202,195,1.0,0.5,28,1,1,success,14,6.264752242714167,0.06871753931045532,0.05544353276491165,0.86,1,0.17679040133953094
no_grasp,202,195,1.0,0.5,29,1,1,success,19,15.228248201310635,0.04274342954158783,0.020932091400027275,0.92,1,0.2777244448661804
no_grasp,202,195,1.0,0.5,30,1,1,success,14,10.869278572499752,0.09252416342496872,0.07520227879285812,0.9,1,0.2300645262002945
no_grasp,202,195,1.0,0.5,31,1,1,success,13,9.939434006810188,0.0453997477889061,0.03273379057645798,0.92,1,0.2974316477775574
no_grasp,202,195,2.0,0.5,0,1,1,success,30,9.34487022459507,0.09154930710792542,0.06799300014972687,0.78,1,0.2284407913684845
no_grasp,202,195,2.0,0.5,1,1,1,success,13,12.477614916861057,0.05942166596651077,0.04468247666954994,0.92,1,0.21173574030399323
no_grasp,202,195,2.0,0.5,2,1,1,success,9,2.7693710289895535,0.027132969349622726,0.018716640770435333,0.92,1,0.08708833903074265
no_grasp,202,195,2.0,0.5,3,1,1,success,13,9.214874356985092,0.05433692783117294,0.03510217368602753,0.92,1,0.04018574580550194
no_grasp,202,195,2.0,0.5,4,0,0,goal_not_reached_at_end,,244.51826512813568,1.1125367879867554,0.6881113052368164,0.36,5,0.1494925171136856
no_grasp,202,195,2.0,0.5,5,1,1,success,12,8.367449976503849,0.08699184656143188,0.07994837313890457,0.92,1,0.2497805953025818
no_grasp,202,195,2.0,0.5,6,1,1,success,19,3.139494452625513,0.040282875299453735,0.02670939639210701,0.8,1,0.0301982332020998
no_grasp,202,195,2.0,0.5,7,1,1,success,22,10.528638027608395,0.06586593389511108,0.05413217470049858,0.86,1,0.2636195421218872
no_grasp,202,195,2.0,0.5,8,1,1,success,13,10.16691792756319,0.0516950786113739,0.03218789026141167,0.92,1,0.2066618949174881
no_grasp,202,195,2.0,0.5,9,1,1,success,13,7.196006830781698,0.07838532328605652,0.053442515432834625,0.92,1,0.0472545400261879
no_grasp,202,195,2.0,0.5,10,1,1,success,11,8.549124002456665,0.06036495044827461,0.0437474325299263,0.9,1,0.1627970039844513
no_grasp,202,195,2.0,0.5,11,1,1,success,10,6.721863988786936,0.035384200513362885,0.026185380294919014,0.92,1,0.023357709869742393
no_grasp,202,195,2.0,0.5,12,1,1,success,22,6.342902313917875,0.08796930313110352,0.05695846304297447,0.8,1,0.20147518813610077
no_grasp,202,195,2.0,0.5,13,1,1,success,28,5.753722973167896,0.08061163127422333,0.0713966116309166,0.78,1,0.2041439563035965
no_grasp,202,195,2.0,0.5,14,1,1,success,19,11.484107933938503,0.07228493690490723,0.05829068645834923,0.92,1,0.30066704750061035
no_grasp,202,195,2.0,0.5,15,1,1,success,12,7.921700365841389,0.03445347398519516,0.02709180861711502,0.82,1,0.022824948653578758
no_grasp,202,195,2.0,0.5,16,1,1,success,20,10.265766642987728,0.05983170494437218,0.04382116347551346,0.84,1,0.29983898997306824
no_grasp,202,195,2.0,0.5,17,1,1,success,17,6.773932836949825,0.040063753724098206,0.030020760372281075,0.88,1,0.1951003074645996
no_grasp,202,195,2.0,0.5,18,1,1,success,14,10.344170965254307,0.09542951732873917,0.08737721294164658,0.9,1,0.23545901477336884
no_grasp,202,195,2.0,0.5,19,1,1,success,16,3.8986066356301308,0.037447165697813034,0.035425156354904175,0.86,1,0.15654003620147705
no_grasp,202,195,2.0,0.5,20,1,1,success,22,5.073088686913252,0.07855989038944244,0.0629461407661438,0.82,1,0.1619846224784851
no_grasp,202,195,2.0,0.5,21,1,1,success,9,4.734908230602741,0.08856517821550369,0.07905419170856476,0.92,1,0.12979714572429657
no_grasp,202,195,2.0,0.5,22,1,1,success,20,6.247307173907757,0.03338233008980751,0.02084752358496189,0.86,1,0.24820999801158905
no_grasp,202,195,2.0,0.5,23,1,1,success,11,10.057682171463966,0.033907197415828705,0.03278614953160286,0.9,1,0.14242860674858093
no_grasp,202,195,2.0,0.5,24,1,1,success,13,12.102577835321426,0.05082153528928757,0.033171381801366806,0.84,1,0.06872859597206116
no_grasp,202,195,2.0,0.5,25,1,1,success,14,5.993455648422241,0.0358741469681263,0.03047938086092472,0.88,1,0.18388770520687103
no_grasp,202,195,2.0,0.5,26,1,1,success,16,2.4082374293357134,0.07250035554170609,0.048266321420669556,0.82,1,0.08682072907686234
no_grasp,202,195,2.0,0.5,27,1,1,success,16,12.854808010160923,0.059342458844184875,0.050368908792734146,0.9,1,0.30971449613571167
no_grasp,202,195,2.0,0.5,28,1,1,success,14,6.627903785556555,0.08309724926948547,0.0730133205652237,0.86,1,0.1759553849697113
no_grasp,202,195,2.0,0.5,29,1,1,success,19,14.193172566592693,0.053691085427999496,0.03605620935559273,0.92,1,0.27618494629859924
no_grasp,202,195,2.0,0.5,30,1,1,success,14,10.989753529429436,0.10597149282693863,0.08795064687728882,0.9,1,0.22923116385936737
no_grasp,202,195,2.0,0.5,31,1,1,success,13,9.622148238122463,0.04460861161351204,0.03457288816571236,0.92,1,0.29597771167755127
no_grasp,303,97,1.0,1.0,0,1,1,success,41,15.775876119732857,0.08544609695672989,0.04961756616830826,0.78,1,0.24143391847610474
no_grasp,303,97,1.0,1.0,1,1,1,success,34,23.512328043580055,0.08658812940120697,0.062274158000946045,0.92,1,0.22692427039146423
no_grasp,303,97,1.0,1.0,2,1,1,success,12,10.628514923155308,0.1338614970445633,0.09028224647045135,0.92,1,0.09510774910449982
no_grasp,303,97,1.0,1.0,3,1,1,success,16,3.8909001741558313,0.04329331964254379,0.03592662513256073,0.9,1,0.052689045667648315
no_grasp,303,97,1.0,1.0,4,0,0,goal_not_reached_at_end,,409.9166989326477,0.26119324564933777,0.16712947189807892,0.02,2,0.020002156496047974
no_grasp,303,97,1.0,1.0,5,1,1,success,29,20.987560972571373,0.10162506252527237,0.0660972148180008,0.9,1,0.2676346004009247
no_grasp,303,97,1.0,1.0,6,1,1,success,21,11.889268644154072,0.021066240966320038,0.013738678768277168,0.78,1,0.043263521045446396
no_grasp,303,97,1.0,1.0,7,1,1,success,35,13.6306993663311,0.061966218054294586,0.03775840625166893,0.86,1,0.26972272992134094
no_grasp,303,97,1.0,1.0,8,0,0,placed_nonstatic,,21.380910649895668,0.8927884101867676,0.7376530170440674,0.92,1,0.21444101631641388
no_grasp,303,97,1.0,1.0,9,1,1,success,16,8.029617369174957,0.025428853929042816,0.01416982151567936,0.92,1,0.061468303203582764
no_grasp,303,97,1.0,1.0,10,1,1,success,24,7.412313017994165,0.107091523706913,0.08009058982133865,0.88,1,0.15618333220481873
no_grasp,303,97,1.0,1.0,11,1,1,success,10,2.272792859002948,0.04703265428543091,0.03042484074831009,0.92,1,0.02880888618528843
no_grasp,303,97,1.0,1.0,12,1,1,success,47,23.17565493285656,0.17939063906669617,0.13426785171031952,0.8,1,0.22257958352565765
no_grasp,303,97,1.0,1.0,13,0,0,placed_nonstatic,,8.335316553711891,1.0012153387069702,0.7642167806625366,0.78,1,0.19204366207122803
no_grasp,303,97,1.0,1.0,14,1,1,success,30,5.544909276068211,0.0645110234618187,0.046521492302417755,0.92,1,0.29882797598838806
no_grasp,303,97,1.0,1.0,15,1,1,success,13,2.0502833649516106,0.029195426031947136,0.014452377334237099,0.82,1,0.030825182795524597
no_grasp,303,97,1.0,1.0,16,1,1,success,27,12.93813344091177,0.0857154130935669,0.06611782312393188,0.82,1,0.30453479290008545
no_grasp,303,97,1.0,1.0,17,0,1,left_after_success,37,9.982723742723465,0.8212626576423645,0.7316662669181824,0.88,1,0.2015753537416458
no_grasp,303,97,1.0,1.0,18,1,1,success,34,22.221900522708893,0.1010422483086586,0.06828740239143372,0.88,1,0.2513043284416199
no_grasp,303,97,1.0,1.0,19,1,1,success,28,12.328504584729671,0.1305839717388153,0.08285510540008545,0.86,1,0.1438557207584381
no_grasp,303,97,1.0,1.0,20,1,1,success,41,18.74403841793537,0.1675562858581543,0.12094974517822266,0.82,1,0.1437903642654419
no_grasp,303,97,1.0,1.0,21,1,1,success,14,6.266598589718342,0.08184061199426651,0.06078185886144638,0.92,1,0.12676742672920227
no_grasp,303,97,1.0,1.0,22,1,1,success,31,16.345378011465073,0.06124816834926605,0.037510063499212265,0.86,1,0.2630370557308197
no_grasp,303,97,1.0,1.0,23,0,1,left_after_success,29,6.453545764088631,0.8164374828338623,0.6938708424568176,0.9,1,0.15561482310295105
no_grasp,303,97,1.0,1.0,24,1,1,success,13,3.1425124034285545,0.057184819132089615,0.03966120257973671,0.84,1,0.07873265445232391
no_grasp,303,97,1.0,1.0,25,0,1,left_after_success,39,18.68453063070774,0.801337480545044,0.6824138164520264,0.88,1,0.19634632766246796
no_grasp,303,97,1.0,1.0,26,1,1,success,20,8.137072436511517,0.08191269636154175,0.05967486649751663,0.82,1,0.0802091509103775
no_grasp,303,97,1.0,1.0,27,1,1,success,28,4.255343694239855,0.09801121056079865,0.08064068853855133,0.9,1,0.30522429943084717
no_grasp,303,97,1.0,1.0,28,0,0,placed_nonstatic,,9.924731217324734,0.727655827999115,0.5883516073226929,0.84,1,0.1762147694826126
no_grasp,303,97,1.0,1.0,29,1,1,success,34,12.149736285209656,0.0601930171251297,0.041088175028562546,0.9,1,0.2792699337005615
no_grasp,303,97,1.0,1.0,30,0,1,left_after_success,34,26.030635461211205,0.07431674003601074,0.04638655483722687,0.9,1,0.2506333589553833
no_grasp,303,97,1.0,1.0,31,1,1,success,27,10.801730677485466,0.08165302127599716,0.050657209008932114,0.9,1,0.30387386679649353
no_grasp,303,97,2.0,1.0,0,1,1,success,41,15.234769321978092,0.08564992994070053,0.049744702875614166,0.78,1,0.24095453321933746
no_grasp,303,97,2.0,1.0,1,1,1,success,34,23.382360115647316,0.09014920145273209,0.06198027357459068,0.92,1,0.2266828715801239
no_grasp,303,97,2.0,1.0,2,1,1,success,12,10.54764911532402,0.14815574884414673,0.10691864788532257,0.92,1,0.09487318247556686
no_grasp,303,97,2.0,1.0,3,1,1,success,16,3.3471696078777313,0.05018966272473335,0.04428432136774063,0.9,1,0.05209212005138397
no_grasp,303,97,2.0,1.0,4,0,0,goal_not_reached_at_end,,410.7009172439575,0.26298782229423523,0.16630621254444122,0.02,2,0.02000751532614231
no_grasp,303,97,2.0,1.0,5,1,1,success,29,21.045731380581856,0.11022434383630753,0.0800962746143341,0.9,1,0.2677918076515198
no_grasp,303,97,2.0,1.0,6,1,1,success,21,11.495823971927166,0.026045195758342743,0.021215107291936874,0.78,1,0.04301808029413223
no_grasp,303,97,2.0,1.0,7,1,1,success,35,13.387715443968773,0.06274659186601639,0.03729315847158432,0.86,1,0.2695513665676117
no_grasp,303,97,2.0,1.0,8,0,0,goal_not_reached_at_end,,25.941260159015656,0.8664507269859314,0.7351146340370178,0.92,1,0.22387558221817017
no_grasp,303,97,2.0,1.0,9,1,1,success,16,8.663945831358433,0.0351891815662384,0.025317521765828133,0.92,1,0.06196712702512741
no_grasp,303,97,2.0,1.0,10,1,1,success,24,7.619315292686224,0.1178639680147171,0.09318351745605469,0.88,1,0.15598100423812866
no_grasp,303,97,2.0,1.0,11,1,1,success,10,2.8639021329581738,0.05106665566563606,0.031973693519830704,0.92,1,0.027862299233675003
no_grasp,303,97,2.0,1.0,12,0,1,left_after_success,47,13.88877909630537,0.7468788623809814,0.6576728224754333,0.8,1,0.210183247923851
no_grasp,303,97,2.0,1.0,13,0,0,placed_nonstatic,,7.999725639820099,0.8569314479827881,0.7509603500366211,0.78,1,0.19495932757854462
no_grasp,303,97,2.0,1.0,14,1,1,success,31,4.9205259419977665,0.07378511130809784,0.05734933540225029,0.92,1,0.2981692850589752
no_grasp,303,97,2.0,1.0,15,1,1,success,13,1.7194036627188325,0.03418921306729317,0.019845284521579742,0.82,1,0.030557192862033844
no_grasp,303,97,2.0,1.0,16,1,1,success,27,13.273735530674458,0.0919414609670639,0.06593278795480728,0.82,1,0.30460530519485474
no_grasp,303,97,2.0,1.0,17,0,1,left_after_success,37,18.20576749742031,0.3739219903945923,0.3087843060493469,0.88,1,0.21055829524993896
no_grasp,303,97,2.0,1.0,18,1,1,success,34,21.384675055742264,0.11042161285877228,0.08035464584827423,0.88,1,0.25010716915130615
no_grasp,303,97,2.0,1.0,19,1,1,success,28,12.5302504748106,0.1363038420677185,0.09179661422967911,0.86,1,0.1436096578836441
no_grasp,303,97,2.0,1.0,20,1,1,success,41,18.74210126698017,0.16654451191425323,0.12384399026632309,0.82,1,0.1437443345785141
no_grasp,303,97,2.0,1.0,21,1,1,success,14,7.179622072726488,0.0767434760928154,0.05585648864507675,0.92,1,0.12595073878765106
no_grasp,303,97,2.0,1.0,22,1,1,success,34,16.0587877035141,0.06728652864694595,0.038617510348558426,0.86,1,0.26277297735214233
no_grasp,303,97,2.0,1.0,23,0,1,left_after_success,29,6.347925402224064,0.8116948008537292,0.6894822120666504,0.9,1,0.1551392376422882
no_grasp,303,97,2.0,1.0,24,1,1,success,13,3.0211322009563446,0.05523763969540596,0.03835646063089371,0.84,1,0.07886948436498642
no_grasp,303,97,2.0,1.0,25,0,1,left_after_success,40,18.80263164639473,0.9311619400978088,0.726556122303009,0.88,1,0.18926024436950684
no_grasp,303,97,2.0,1.0,26,1,1,success,20,7.795765995979309,0.0974888727068901,0.07185633480548859,0.82,1,0.08058087527751923
no_grasp,303,97,2.0,1.0,27,1,1,success,28,3.8219490088522434,0.10670974105596542,0.09309013932943344,0.9,1,0.3048657178878784
no_grasp,303,97,2.0,1.0,28,0,0,placed_nonstatic,,10.46555582433939,0.720034658908844,0.5808179378509521,0.84,1,0.17528298497200012
no_grasp,303,97,2.0,1.0,29,1,1,success,34,11.78810279816389,0.06842190772294998,0.05230005085468292,0.9,1,0.27898091077804565
no_grasp,303,97,2.0,1.0,30,0,1,left_after_success,34,19.07622069120407,0.7680841088294983,0.6223503351211548,0.9,1,0.23589091002941132
no_grasp,303,97,2.0,1.0,31,1,1,success,27,9.985224343836308,0.08361060917377472,0.05179634690284729,0.9,1,0.30291038751602173
no_grasp,303,97,1.0,0.5,0,1,1,success,41,15.915747731924057,0.08572925627231598,0.04935416951775551,0.78,1,0.24157105386257172
no_grasp,303,97,1.0,0.5,1,1,1,success,36,23.36851693689823,0.08639666438102722,0.06236455589532852,0.92,1,0.2268545925617218
no_grasp,303,97,1.0,0.5,2,1,1,success,12,11.594647541642189,0.13351242244243622,0.08983471989631653,0.92,1,0.0960383489727974
no_grasp,303,97,1.0,0.5,3,1,1,success,16,3.669449593871832,0.039532631635665894,0.03139130771160126,0.9,1,0.052439622581005096
no_grasp,303,97,1.0,0.5,4,0,0,goal_not_reached_at_end,,383.7727904319763,0.268119752407074,0.19972814619541168,0.04,4,0.019999781623482704
no_grasp,303,97,1.0,0.5,5,1,1,success,29,20.769495517015457,0.1013437882065773,0.06499596685171127,0.9,1,0.2674994170665741
no_grasp,303,97,1.0,0.5,6,1,1,success,21,12.384639121592045,0.015857912600040436,0.009893139824271202,0.78,1,0.044153064489364624
no_grasp,303,97,1.0,0.5,7,1,1,success,35,13.481896370649338,0.06308301538228989,0.03874948248267174,0.86,1,0.2695426344871521
no_grasp,303,97,1.0,0.5,8,0,0,placed_nonstatic,,22.23062701523304,0.8931272029876709,0.7369634509086609,0.92,1,0.21552127599716187
no_grasp,303,97,1.0,0.5,9,1,1,success,16,8.52111168205738,0.024239709600806236,0.013152115978300571,0.92,1,0.062006544321775436
no_grasp,303,97,1.0,0.5,10,1,1,success,24,7.513510994613171,0.10503572225570679,0.07718196511268616,0.88,1,0.15612056851387024
no_grasp,303,97,1.0,0.5,11,1,1,success,10,2.602917840704322,0.049875352531671524,0.031174680218100548,0.92,1,0.028302093967795372
no_grasp,303,97,1.0,0.5,12,1,1,success,49,24.008115753531456,0.1499188244342804,0.10978618264198303,0.8,1,0.22363780438899994
no_grasp,303,97,1.0,0.5,13,0,0,placed_nonstatic,,8.57475120574236,1.0007364749908447,0.7640975713729858,0.78,1,0.1918124109506607
no_grasp,303,97,1.0,0.5,14,1,1,success,30,5.490024108439684,0.06430291384458542,0.04597734287381172,0.92,1,0.29873979091644287
no_grasp,303,97,1.0,0.5,15,1,1,success,13,2.6989032048732042,0.029648082330822945,0.021108996123075485,0.82,1,0.032868511974811554
no_grasp,303,97,1.0,0.5,16,1,1,success,27,12.833832763135433,0.08461536467075348,0.06564663350582123,0.82,1,0.30443644523620605
no_grasp,303,97,1.0,0.5,17,0,1,left_after_success,37,10.228556580841541,0.8204823136329651,0.7314635515213013,0.88,1,0.2021990269422531
no_grasp,303,97,1.0,0.5,18,1,1,success,34,22.17414230108261,0.10007146000862122,0.06612411141395569,0.88,1,0.251286119222641
no_grasp,303,97,1.0,0.5,19,1,1,success,28,12.386194430291653,0.1288851648569107,0.08089875429868698,0.86,1,0.1438283771276474
no_grasp,303,97,1.0,0.5,20,1,1,success,41,18.866680562496185,0.16795653104782104,0.1204175055027008,0.82,1,0.14371486008167267
no_grasp,303,97,1.0,0.5,21,1,1,success,14,5.814725998789072,0.08212192356586456,0.06159142032265663,0.92,1,0.12722104787826538
no_grasp,303,97,1.0,0.5,22,1,1,success,31,16.406942158937454,0.0597807802259922,0.037070132791996,0.86,1,0.2631029486656189
no_grasp,303,97,1.0,0.5,23,1,1,success,29,14.798223972320557,0.13851411640644073,0.09762192517518997,0.9,1,0.1392783224582672
no_grasp,303,97,1.0,0.5,24,1,1,success,13,2.6507042348384857,0.05465628579258919,0.03801511973142624,0.84,1,0.07947918772697449
no_grasp,303,97,1.0,0.5,25,0,1,left_after_success,39,18.469832837581635,0.8015032410621643,0.6821244955062866,0.88,1,0.19614750146865845
no_grasp,303,97,1.0,0.5,26,1,1,success,20,8.081914857029915,0.08239147812128067,0.060400523245334625,0.82,1,0.08025262504816055
no_grasp,303,97,1.0,0.5,27,1,1,success,28,4.320964217185974,0.09763560444116592,0.0799153670668602,0.9,1,0.30536404252052307
no_grasp,303,97,1.0,0.5,28,0,0,placed_nonstatic,,9.50419157743454,0.7229435443878174,0.5892667770385742,0.84,1,0.17638805508613586
no_grasp,303,97,1.0,0.5,29,1,1,success,34,12.190932407975197,0.05929587781429291,0.0391533300280571,0.9,1,0.27928832173347473
no_grasp,303,97,1.0,0.5,30,0,1,left_after_success,33,18.412712961435318,0.9737039804458618,0.7290908694267273,0.9,1,0.22977694869041443
no_grasp,303,97,1.0,0.5,31,1,1,success,27,10.954751633107662,0.08150757104158401,0.0506967268884182,0.9,1,0.30410319566726685
no_grasp,303,97,2.0,0.5,0,1,1,success,41,15.379322692751884,0.08595301955938339,0.04952728748321533,0.78,1,0.24109666049480438
no_grasp,303,97,2.0,0.5,1,1,1,success,34,23.298906162381172,0.089927077293396,0.06203271821141243,0.92,1,0.22662480175495148
no_grasp,303,97,2.0,0.5,2,1,1,success,12,10.617312975227833,0.1468721628189087,0.10456432402133942,0.92,1,0.09511003643274307
no_grasp,303,97,2.0,0.5,3,1,1,success,16,3.1565495301038027,0.04433385282754898,0.03743083029985428,0.9,1,0.051851537078619
no_grasp,303,97,2.0,0.5,4,0,0,goal_not_reached_at_end,,395.4319357872009,0.2640132009983063,0.18683944642543793,0.02,2,0.01999959722161293
no_grasp,303,97,2.0,0.5,5,1,1,success,29,20.25769278407097,0.10618262737989426,0.07430155575275421,0.9,1,0.2669556438922882
no_grasp,303,97,2.0,0.5,6,1,1,success,21,11.83133851736784,0.016528472304344177,0.011364982463419437,0.78,1,0.04350604861974716
no_grasp,303,97,2.0,0.5,7,1,1,success,35,13.214665465056896,0.06292125582695007,0.03830252215266228,0.86,1,0.26934483647346497
no_grasp,303,97,2.0,0.5,8,0,0,goal_not_reached_at_end,,25.62960423529148,0.8655744194984436,0.734980583190918,0.92,1,0.2237650752067566
no_grasp,303,97,2.0,0.5,9,1,1,success,16,8.69249738752842,0.03489832207560539,0.024886436760425568,0.92,1,0.062021560966968536
no_grasp,303,97,2.0,0.5,10,1,1,success,24,7.848862558603287,0.1142624020576477,0.08869974315166473,0.88,1,0.15579313039779663
no_grasp,303,97,2.0,0.5,11,1,1,success,10,2.785976277664304,0.051178477704524994,0.0318167619407177,0.92,1,0.028015274554491043
no_grasp,303,97,2.0,0.5,12,1,1,success,47,22.368930280208588,0.17735153436660767,0.13834986090660095,0.8,1,0.22179614007472992
no_grasp,303,97,2.0,0.5,13,0,0,placed_nonstatic,,8.127108216285706,0.8549736738204956,0.7509730458259583,0.78,1,0.1948229968547821
no_grasp,303,97,2.0,0.5,14,1,1,success,31,4.879333078861237,0.07401590794324875,0.05770272761583328,0.92,1,0.298117071390152
no_grasp,303,97,2.0,0.5,15,1,1,success,13,1.8236914183944464,0.03041684255003929,0.014324216172099113,0.82,1,0.0305309034883976
no_grasp,303,97,2.0,0.5,16,1,1,success,27,13.114907778799534,0.09033554047346115,0.06537926942110062,0.82,1,0.3044917583465576
no_grasp,303,97,2.0,0.5,17,0,1,left_after_success,37,18.230367451906204,0.3727811872959137,0.30946141481399536,0.88,1,0.21058118343353271
no_grasp,303,97,2.0,0.5,18,1,1,success,31,21.09481208026409,0.10589627921581268,0.07264356315135956,0.88,1,0.2497815638780594
no_grasp,303,97,2.0,0.5,19,1,1,success,28,12.581543996930122,0.13277408480644226,0.08528278768062592,0.86,1,0.14362479746341705
no_grasp,303,97,2.0,0.5,20,1,1,success,41,19.220655784010887,0.16696825623512268,0.12266336381435394,0.82,1,0.1433703899383545
no_grasp,303,97,2.0,0.5,21,1,1,success,13,7.087205071002245,0.07608655840158463,0.055089425295591354,0.92,1,0.1260753720998764
no_grasp,303,97,2.0,0.5,22,1,1,success,31,16.077052801847458,0.064005047082901,0.03786058723926544,0.86,1,0.26279640197753906
no_grasp,303,97,2.0,0.5,23,1,1,success,29,15.049466863274574,0.1370774805545807,0.09640837460756302,0.9,1,0.13905417919158936
no_grasp,303,97,2.0,0.5,24,1,1,success,13,3.4412851091474295,0.05659463629126549,0.03962119296193123,0.84,1,0.07844164967536926
no_grasp,303,97,2.0,0.5,25,0,1,left_after_success,40,18.652187660336494,0.9312083721160889,0.726509690284729,0.88,1,0.18913213908672333
no_grasp,303,97,2.0,0.5,26,1,1,success,20,7.722265552729368,0.09824196249246597,0.0726638212800026,0.82,1,0.08063649386167526
no_grasp,303,97,2.0,0.5,27,1,1,success,28,3.9472542703151703,0.10463833063840866,0.09034276753664017,0.9,1,0.30506160855293274
no_grasp,303,97,2.0,0.5,28,0,0,placed_nonstatic,,8.359326981008053,0.7730417251586914,0.653484046459198,0.84,1,0.1824444681406021
no_grasp,303,97,2.0,0.5,29,1,1,success,34,11.677457951009274,0.06443147361278534,0.04550449550151825,0.9,1,0.2787887156009674
no_grasp,303,97,2.0,0.5,30,0,1,left_after_success,34,18.687240779399872,0.7665441632270813,0.6221771240234375,0.9,1,0.23659366369247437
no_grasp,303,97,2.0,0.5,31,1,1,success,27,10.110658593475819,0.08336521685123444,0.051755793392658234,0.9,1,0.3031091094017029
no_grasp,303,195,1.0,1.0,0,1,1,success,33,7.107628509402275,0.0612795390188694,0.03952602297067642,0.78,1,0.23083341121673584
no_grasp,303,195,1.0,1.0,1,1,1,success,16,10.882409289479256,0.07906422764062881,0.05527878552675247,0.92,1,0.21003995835781097
no_grasp,303,195,1.0,1.0,2,1,1,success,10,9.301193989813328,0.07924788445234299,0.0665227472782135,0.94,1,0.08006725460290909
no_grasp,303,195,1.0,1.0,3,1,1,success,14,11.900858022272587,0.08085665851831436,0.06841874867677689,0.92,1,0.04109680652618408
no_grasp,303,195,1.0,1.0,4,0,0,goal_not_reached_at_end,,393.783301115036,0.26134178042411804,0.2152564376592636,0.0,0,0.019999805837869644
no_grasp,303,195,1.0,1.0,5,1,1,success,15,6.966318003833294,0.06645385175943375,0.0575249046087265,0.9,1,0.24950842559337616
no_grasp,303,195,1.0,1.0,6,1,1,success,20,9.144017472863197,0.05922386795282364,0.03596367686986923,0.8,1,0.027631234377622604
no_grasp,303,195,1.0,1.0,7,1,1,success,28,4.680457524955273,0.08457717299461365,0.06334428489208221,0.86,1,0.2612805664539337
no_grasp,303,195,1.0,1.0,8,1,1,success,16,11.212351731956005,0.06758518517017365,0.06503263860940933,0.92,1,0.20501986145973206
no_grasp,303,195,1.0,1.0,9,1,1,success,11,14.247044920921326,0.04958418011665344,0.04331188648939133,0.84,3,0.04116721823811531
no_grasp,303,195,1.0,1.0,10,1,1,success,11,12.503554113209248,0.05595409870147705,0.045051611959934235,0.9,1,0.16657128930091858
no_grasp,303,195,1.0,1.0,11,1,1,success,10,6.924561690539122,0.051790960133075714,0.03772496432065964,0.92,1,0.02688259445130825
no_grasp,303,195,1.0,1.0,12,1,1,success,23,9.084144607186317,0.05453766509890556,0.04399454593658447,0.8,1,0.20361286401748657
no_grasp,303,195,1.0,1.0,13,1,1,success,32,7.533184252679348,0.05092223361134529,0.038094405084848404,0.78,1,0.20624598860740662
no_grasp,303,195,1.0,1.0,14,1,1,success,24,12.14093528687954,0.062275249511003494,0.04571229964494705,0.92,1,0.30412939190864563
no_grasp,303,195,1.0,1.0,15,1,1,success,14,11.077807284891605,0.058671120554208755,0.05131812393665314,0.82,1,0.026561681181192398
no_grasp,303,195,1.0,1.0,16,1,1,success,23,15.709318220615387,0.07314330339431763,0.04889749735593796,0.84,1,0.30533677339553833
no_grasp,303,195,1.0,1.0,17,1,1,success,19,14.202238060534,0.03930246829986572,0.031152406707406044,0.88,1,0.20083460211753845
no_grasp,303,195,1.0,1.0,18,1,1,success,17,7.271426264196634,0.04780595377087593,0.03209911659359932,0.88,1,0.2347765564918518
no_grasp,303,195,1.0,1.0,19,1,1,success,18,13.957874849438667,0.023280305787920952,0.019217634573578835,0.86,1,0.16362249851226807
no_grasp,303,195,1.0,1.0,20,1,1,success,24,11.480920016765594,0.11535382270812988,0.08990532904863358,0.82,1,0.17092587053775787
no_grasp,303,195,1.0,1.0,21,1,1,success,9,10.972533375024796,0.07393348217010498,0.05688806250691414,0.94,1,0.13270659744739532
no_grasp,303,195,1.0,1.0,22,1,1,success,23,10.852916166186333,0.04532705992460251,0.03079015389084816,0.86,1,0.25438061356544495
no_grasp,303,195,1.0,1.0,23,1,1,success,10,13.628585264086723,0.043613992631435394,0.030962763354182243,0.92,1,0.16044975817203522
no_grasp,303,195,1.0,1.0,24,1,1,success,12,6.161775439977646,0.03228706866502762,0.026282012462615967,0.86,1,0.08104309439659119
no_grasp,303,195,1.0,1.0,25,1,1,success,15,12.208320200443268,0.03287752717733383,0.03019734099507332,0.88,1,0.1939910501241684
no_grasp,303,195,1.0,1.0,26,1,1,success,17,12.661343440413475,0.054108645766973495,0.03731568902730942,0.82,1,0.0776333138346672
no_grasp,303,195,1.0,1.0,27,1,1,success,23,22.373931482434273,0.07144483923912048,0.043054986745119095,0.9,1,0.3255186975002289
no_grasp,303,195,1.0,1.0,28,1,1,success,16,11.215650476515293,0.05501656234264374,0.040846001356840134,0.86,1,0.18367169797420502
no_grasp,303,195,1.0,1.0,29,1,1,success,24,8.048717863857746,0.040836259722709656,0.026836667209863663,0.9,1,0.27560311555862427
no_grasp,303,195,1.0,1.0,30,1,1,success,16,9.532516822218895,0.07352762669324875,0.0655985102057457,0.9,1,0.22534514963626862
no_grasp,303,195,1.0,1.0,31,1,1,success,21,6.978052668273449,0.07230856269598007,0.04069099575281143,0.9,1,0.3012399971485138
no_grasp,303,195,2.0,1.0,0,1,1,success,33,7.053191307932138,0.06016547977924347,0.0396248884499073,0.78,1,0.23035015165805817
no_grasp,303,195,2.0,1.0,1,1,1,success,16,11.092149652540684,0.08960846811532974,0.06380051374435425,0.92,1,0.21055695414543152
no_grasp,303,195,2.0,1.0,2,1,1,success,10,9.913801215589046,0.09626408666372299,0.08098427206277847,0.94,1,0.07890605926513672
no_grasp,303,195,2.0,1.0,3,1,1,success,14,12.351175770163536,0.09928728640079498,0.08447146415710449,0.92,1,0.04054306447505951
no_grasp,303,195,2.0,1.0,4,0,0,goal_not_reached_at_end,,393.58046650886536,0.2615796625614166,0.2155255675315857,0.0,0,0.019999820739030838
no_grasp,303,195,2.0,1.0,5,1,1,success,15,6.729661021381617,0.07914803922176361,0.06633251905441284,0.9,1,0.24900302290916443
no_grasp,303,195,2.0,1.0,6,1,1,success,20,9.281753562390804,0.05983768031001091,0.036996856331825256,0.8,1,0.027250731363892555
no_grasp,303,195,2.0,1.0,7,1,1,success,28,4.593540448695421,0.09620753675699234,0.07951166480779648,0.86,1,0.2608918249607086
no_grasp,303,195,2.0,1.0,8,1,1,success,16,11.455575935542583,0.08013059943914413,0.07692860066890717,0.92,1,0.20399624109268188
no_grasp,303,195,2.0,1.0,9,0,1,left_after_success,11,173.87346923351288,0.7647292017936707,0.6123866438865662,0.3,12,0.019999800249934196
no_grasp,303,195,2.0,1.0,10,1,1,success,11,12.445662170648575,0.0686141774058342,0.05659463256597519,0.9,1,0.1650659739971161
no_grasp,303,195,2.0,1.0,11,1,1,success,10,7.043428719043732,0.05300624296069145,0.03852997347712517,0.92,1,0.026499370113015175
no_grasp,303,195,2.0,1.0,12,1,1,success,23,9.06575657427311,0.060627710074186325,0.04577876627445221,0.8,1,0.2038375735282898
no_grasp,303,195,2.0,1.0,13,1,1,success,32,6.859100423753262,0.05924607813358307,0.03725534677505493,0.78,1,0.20525652170181274
no_grasp,303,195,2.0,1.0,14,1,1,success,24,11.757703498005867,0.06624073535203934,0.04509032145142555,0.92,1,0.3037205934524536
no_grasp,303,195,2.0,1.0,15,1,1,success,13,11.117829009890556,0.06257283687591553,0.055041633546352386,0.82,1,0.026267489418387413
no_grasp,303,195,2.0,1.0,16,1,1,success,23,7.830962538719177,0.08097628504037857,0.0486006885766983,0.82,1,0.29721003770828247
no_grasp,303,195,2.0,1.0,17,1,1,success,19,13.75921256840229,0.037105776369571686,0.027336351573467255,0.88,1,0.20023520290851593
no_grasp,303,195,2.0,1.0,18,1,1,success,17,6.896998733282089,0.055290546268224716,0.04414983466267586,0.88,1,0.2335798591375351
no_grasp,303,195,2.0,1.0,19,1,1,success,18,13.430088758468628,0.024051284417510033,0.020447537302970886,0.86,1,0.16291691362857819
no_grasp,303,195,2.0,1.0,20,1,1,success,24,10.661915875971317,0.12926419079303741,0.09751676023006439,0.82,1,0.16976404190063477
no_grasp,303,195,2.0,1.0,21,1,1,success,9,10.834730230271816,0.0757368728518486,0.057727888226509094,0.94,1,0.13294082880020142
no_grasp,303,195,2.0,1.0,22,1,1,success,23,10.688979178667068,0.03995974734425545,0.030237114056944847,0.86,1,0.25406932830810547
no_grasp,303,195,2.0,1.0,23,1,1,success,10,13.423444703221321,0.051368389278650284,0.03651438653469086,0.92,1,0.15946011245250702
no_grasp,303,195,2.0,1.0,24,1,1,success,13,4.816052038222551,0.0434943325817585,0.03718329966068268,0.84,1,0.07960445433855057
no_grasp,303,195,2.0,1.0,25,1,1,success,15,11.649935506284237,0.04205187410116196,0.04021937772631645,0.88,1,0.19334560632705688
no_grasp,303,195,2.0,1.0,26,1,1,success,17,13.41861393302679,0.07493668049573898,0.05276302993297577,0.82,1,0.07652856409549713
no_grasp,303,195,2.0,1.0,27,1,1,success,23,20.851394161581993,0.08472567051649094,0.059216082096099854,0.9,1,0.3237628936767578
no_grasp,303,195,2.0,1.0,28,1,1,success,16,11.387084610760212,0.06642317771911621,0.048125896602869034,0.86,1,0.18392784893512726
no_grasp,303,195,2.0,1.0,29,1,1,success,24,7.438143715262413,0.042179688811302185,0.027247225865721703,0.9,1,0.2750614583492279
no_grasp,303,195,2.0,1.0,30,1,1,success,16,10.614242404699326,0.08419693261384964,0.07609371095895767,0.9,1,0.22327770292758942
no_grasp,303,195,2.0,1.0,31,1,1,success,21,8.008900098502636,0.07117779552936554,0.03841148689389229,0.9,1,0.30223754048347473
no_grasp,303,195,1.0,0.5,0,1,1,success,33,7.198086008429527,0.060718365013599396,0.0391126349568367,0.78,1,0.2310740053653717
no_grasp,303,195,1.0,0.5,1,1,1,success,16,11.031062342226505,0.07918589562177658,0.05523591488599777,0.92,1,0.21029217541217804
no_grasp,303,195,1.0,0.5,2,1,1,success,10,9.171362966299057,0.08413313329219818,0.07067669183015823,0.94,1,0.0799349918961525
no_grasp,303,195,1.0,0.5,3,1,1,success,14,11.982630006968975,0.07864807546138763,0.06580382585525513,0.92,1,0.04122709110379219
no_grasp,303,195,1.0,0.5,4,0,0,goal_not_reached_at_end,,393.9049243927002,0.2612271010875702,0.21514612436294556,0.0,0,0.019999878481030464
no_grasp,303,195,1.0,0.5,5,1,1,success,15,7.247972767800093,0.06495624780654907,0.05620225518941879,0.9,1,0.25020429491996765
no_grasp,303,195,1.0,0.5,6,1,1,success,20,9.029170498251915,0.05846501886844635,0.03490599989891052,0.8,1,0.02779616415500641
no_grasp,303,195,1.0,0.5,7,1,1,success,28,5.456455051898956,0.07729151844978333,0.051758281886577606,0.86,1,0.2625984251499176
no_grasp,303,195,1.0,0.5,8,1,1,success,16,12.049631215631962,0.06830776482820511,0.06564746052026749,0.92,1,0.2066831737756729
no_grasp,303,195,1.0,0.5,9,1,1,success,11,15.70514403283596,0.04334688186645508,0.0263313390314579,0.72,5,0.039508067071437836
no_grasp,303,195,1.0,0.5,10,1,1,success,11,12.773723341524601,0.05519116297364235,0.04525023698806763,0.9,1,0.16713714599609375
no_grasp,303,195,1.0,0.5,11,1,1,success,10,6.942215375602245,0.051562581211328506,0.037144072353839874,0.92,1,0.026909347623586655
no_grasp,303,195,1.0,0.5,12,1,1,success,23,9.386071935296059,0.05453933775424957,0.044824596494436264,0.8,1,0.20393668115139008
no_grasp,303,195,1.0,0.5,13,1,1,success,32,7.940961979329586,0.05160186067223549,0.03859304264187813,0.78,1,0.20670869946479797
no_grasp,303,195,1.0,0.5,14,1,1,success,24,12.409772723913193,0.06276874244213104,0.04588793218135834,0.92,1,0.30442678928375244
no_grasp,303,195,1.0,0.5,15,1,1,success,14,10.960796847939491,0.05802444368600845,0.04978597164154053,0.82,1,0.026870565488934517
no_grasp,303,195,1.0,0.5,16,1,1,success,23,15.919705852866173,0.0728079155087471,0.04887886717915535,0.84,1,0.3055547773838043
no_grasp,303,195,1.0,0.5,17,1,1,success,19,14.170657843351364,0.03971051424741745,0.03151547536253929,0.88,1,0.2008812427520752
no_grasp,303,195,1.0,0.5,18,1,1,success,17,7.870536297559738,0.04609830304980278,0.029116414487361908,0.88,1,0.23532956838607788
no_grasp,303,195,1.0,0.5,19,1,1,success,18,13.9675447717309,0.024406984448432922,0.018200354650616646,0.86,1,0.1636553406715393
no_grasp,303,195,1.0,0.5,20,1,1,success,24,11.953270062804222,0.10968030244112015,0.08625736832618713,0.82,1,0.17163461446762085
no_grasp,303,195,1.0,0.5,21,1,1,success,9,11.19069755077362,0.07366430759429932,0.056035079061985016,0.94,1,0.13327285647392273
no_grasp,303,195,1.0,0.5,22,1,1,success,23,10.951605625450611,0.04754086956381798,0.030804695561528206,0.86,1,0.2545037269592285
no_grasp,303,195,1.0,0.5,23,1,1,success,10,13.600838370621204,0.044174470007419586,0.03125518560409546,0.92,1,0.16038191318511963
no_grasp,303,195,1.0,0.5,24,1,1,success,12,6.174529902637005,0.03152311220765114,0.02534293383359909,0.86,1,0.08110470324754715
no_grasp,303,195,1.0,0.5,25,1,1,success,15,12.371484190225601,0.030692245811223984,0.02765626832842827,0.88,1,0.19418178498744965
no_grasp,303,195,1.0,0.5,26,1,1,success,17,12.63812929391861,0.05464167147874832,0.03748249262571335,0.82,1,0.07764124125242233
no_grasp,303,195,1.0,0.5,27,1,1,success,23,22.37083949148655,0.07050800323486328,0.04304739087820053,0.9,1,0.325572669506073
no_grasp,303,195,1.0,0.5,28,1,1,success,16,11.582450941205025,0.0548982173204422,0.041469015181064606,0.86,1,0.18405699729919434
no_grasp,303,195,1.0,0.5,29,1,1,success,24,8.540257811546326,0.044400423765182495,0.026985641568899155,0.9,1,0.27573162317276
no_grasp,303,195,1.0,0.5,30,1,1,success,16,9.63375810533762,0.07379547506570816,0.06589807569980621,0.9,1,0.2261449247598648
no_grasp,303,195,1.0,0.5,31,1,1,success,20,6.9362809881567955,0.07149478048086166,0.03949284553527832,0.9,1,0.30120596289634705
no_grasp,303,195,2.0,0.5,0,1,1,success,33,7.085773628205061,0.05916920676827431,0.03941642493009567,0.78,1,0.23052790760993958
no_grasp,303,195,2.0,0.5,1,1,1,success,16,11.248639784753323,0.08893311023712158,0.06314169615507126,0.92,1,0.2107035368680954
no_grasp,303,195,2.0,0.5,2,1,1,success,10,9.820861741900444,0.09710251539945602,0.08136843144893646,0.94,1,0.07887306064367294
no_grasp,303,195,2.0,0.5,3,1,1,success,14,12.390825897455215,0.09751885384321213,0.08245562016963959,0.92,1,0.040679313242435455
no_grasp,303,195,2.0,0.5,4,0,0,goal_not_reached_at_end,,393.95979046821594,0.2610822021961212,0.21495410799980164,0.0,0,0.019999805837869644
no_grasp,303,195,2.0,0.5,5,1,1,success,15,7.204627618193626,0.0772198885679245,0.06494978070259094,0.9,1,0.24987754225730896
no_grasp,303,195,2.0,0.5,6,1,1,success,20,9.225467219948769,0.06074903532862663,0.03827425837516785,0.8,1,0.027502428740262985
no_grasp,303,195,2.0,0.5,7,1,1,success,28,5.601787008345127,0.08688091486692429,0.06720911711454391,0.86,1,0.2626422047615051
no_grasp,303,195,2.0,0.5,8,1,1,success,16,12.416963465511799,0.08129829168319702,0.0774785578250885,0.92,1,0.20632384717464447
no_grasp,303,195,2.0,0.5,9,0,1,left_after_success,11,289.8099422454834,0.4837874174118042,0.28351256251335144,0.26,12,0.01998939737677574
no_grasp,303,195,2.0,0.5,10,1,1,success,11,12.631497345864773,0.06803617626428604,0.05621624365448952,0.9,1,0.16570134460926056
no_grasp,303,195,2.0,0.5,11,1,1,success,10,7.334537338465452,0.056222252547740936,0.04275718331336975,0.92,1,0.02646896429359913
no_grasp,303,195,2.0,0.5,12,1,1,success,23,9.403923526406288,0.060531843453645706,0.04674142226576805,0.8,1,0.20416581630706787
no_grasp,303,195,2.0,0.5,13,1,1,success,32,7.265293039381504,0.059557463973760605,0.03820261359214783,0.78,1,0.20575949549674988
no_grasp,303,195,2.0,0.5,14,1,1,success,24,10.437636636197567,0.060281068086624146,0.04858890920877457,0.92,1,0.3023390471935272
no_grasp,303,195,2.0,0.5,15,1,1,success,13,11.120349168777466,0.062221914529800415,0.05446084588766098,0.82,1,0.02640722692012787
no_grasp,303,195,2.0,0.5,16,1,1,success,23,8.015689440071583,0.0792052298784256,0.04835478961467743,0.82,1,0.2975984513759613
no_grasp,303,195,2.0,0.5,17,1,1,success,19,13.751175254583359,0.03839446231722832,0.029019638895988464,0.88,1,0.2002936452627182
no_grasp,303,195,2.0,0.5,18,1,1,success,17,7.3523917235434055,0.05299392715096474,0.04091022536158562,0.88,1,0.2340327352285385
no_grasp,303,195,2.0,0.5,19,1,1,success,18,13.473748229444027,0.024152042344212532,0.019645538181066513,0.86,1,0.16296285390853882
no_grasp,303,195,2.0,0.5,20,1,1,success,24,11.708902195096016,0.10443057119846344,0.08362891525030136,0.82,1,0.1716376692056656
no_grasp,303,195,2.0,0.5,21,1,1,success,9,11.056674644351006,0.08074367046356201,0.06379690766334534,0.94,1,0.13307340443134308
no_grasp,303,195,2.0,0.5,22,1,1,success,23,10.728989727795124,0.042709968984127045,0.030130134895443916,0.86,1,0.2542094588279724
no_grasp,303,195,2.0,0.5,23,1,1,success,10,13.459453359246254,0.05093029886484146,0.035878557711839676,0.92,1,0.15957097709178925
no_grasp,303,195,2.0,0.5,24,1,1,success,12,6.053074263036251,0.04172627255320549,0.03615940362215042,0.86,1,0.07992175221443176
no_grasp,303,195,2.0,0.5,25,1,1,success,15,11.892568320035934,0.03477044776082039,0.03240033984184265,0.88,1,0.1935257464647293
no_grasp,303,195,2.0,0.5,26,1,1,success,17,13.406535610556602,0.07583186030387878,0.053919896483421326,0.82,1,0.0765012726187706
no_grasp,303,195,2.0,0.5,27,1,1,success,23,20.845845341682434,0.08350134640932083,0.058920662850141525,0.9,1,0.3238191306591034
no_grasp,303,195,2.0,0.5,28,1,1,success,16,11.831712909042835,0.06504235416650772,0.045798808336257935,0.86,1,0.18442094326019287
no_grasp,303,195,2.0,0.5,29,1,1,success,24,7.972588762640953,0.043847497552633286,0.027192406356334686,0.9,1,0.27521130442619324
no_grasp,303,195,2.0,0.5,30,1,1,success,16,10.425811633467674,0.08493804186582565,0.0769629180431366,0.9,1,0.22450049221515656
no_grasp,303,195,2.0,0.5,31,1,1,success,21,8.482802659273148,0.07063830643892288,0.03736496716737747,0.9,1,0.3027699887752533
half,101,97,1.0,1.0,0,1,1,success,34,11.88876572996378,0.08771414309740067,0.05520517751574516,0.78,1,0.21772052347660065
half,101,97,1.0,1.0,1,1,1,success,18,8.936475031077862,0.10618790984153748,0.06756968796253204,0.92,1,0.19904781877994537
half,101,97,1.0,1.0,2,1,1,success,12,9.79420356452465,0.04183734953403473,0.030984653159976006,0.94,1,0.07777197659015656
half,101,97,1.0,1.0,3,1,1,success,17,8.502417244017124,0.07581265270709991,0.04599250108003616,0.92,1,0.05563364923000336
half,101,97,1.0,1.0,4,1,1,success,41,9.762310422956944,0.17207202315330505,0.1266116350889206,0.8,1,0.31028854846954346
half,101,97,1.0,1.0,5,1,1,success,21,6.244440097361803,0.13096506893634796,0.08359470218420029,0.92,1,0.2514875829219818
half,101,97,1.0,1.0,6,1,1,success,22,4.330161027610302,0.030718360096216202,0.0196183230727911,0.8,1,0.03265070170164108
half,101,97,1.0,1.0,7,1,1,success,28,17.02161319553852,0.1028076708316803,0.07669372111558914,0.88,1,0.24127760529518127
half,101,97,1.0,1.0,8,1,1,success,19,3.0988065991550684,0.09762051701545715,0.06852113455533981,0.92,1,0.20178061723709106
half,101,97,1.0,1.0,9,1,1,success,23,19.859077408909798,0.07421374320983887,0.05358514562249184,0.92,1,0.07085148990154266
half,101,97,1.0,1.0,10,1,1,success,17,1.4004491968080401,0.10651879012584686,0.07507127523422241,0.9,1,0.16456449031829834
half,101,97,1.0,1.0,11,1,1,success,10,3.871456254273653,0.04175030440092087,0.024897366762161255,0.92,1,0.026503104716539383
half,101,97,1.0,1.0,12,1,1,success,26,5.597415380179882,0.0996888056397438,0.06972644478082657,0.82,1,0.19624485075473785
half,101,97,1.0,1.0,13,1,1,success,33,9.728475473821163,0.06995753943920135,0.0474742092192173,0.78,1,0.19531680643558502
half,101,97,1.0,1.0,14,1,1,success,28,15.564747154712677,0.13227371871471405,0.07966125756502151,0.94,1,0.2791234850883484
half,101,97,1.0,1.0,15,1,1,success,15,0.68331987131387,0.03930767625570297,0.024224966764450073,0.82,1,0.030720815062522888
half,101,97,1.0,1.0,16,1,1,success,29,4.085465334355831,0.11947481334209442,0.07485732436180115,0.84,1,0.2940831184387207
half,101,97,1.0,1.0,17,1,1,success,19,11.808698065578938,0.08466837555170059,0.055217888206243515,0.9,1,0.18306154012680054
half,101,97,1.0,1.0,18,1,1,success,22,3.853227710351348,0.12139260023832321,0.07986921817064285,0.9,1,0.2304273545742035
half,101,97,1.0,1.0,19,1,1,success,18,10.536237619817257,0.06590937077999115,0.045254647731781006,0.88,1,0.1470067948102951
half,101,97,1.0,1.0,20,1,1,success,24,6.593548227101564,0.08000379055738449,0.045514434576034546,0.84,1,0.16092011332511902
half,101,97,1.0,1.0,21,1,1,success,13,4.5669483952224255,0.0846032127737999,0.05645693093538284,0.94,1,0.12825194001197815
half,101,97,1.0,1.0,22,1,1,success,25,10.71652676910162,0.09212847054004669,0.06091722846031189,0.88,1,0.23642350733280182
half,101,97,1.0,1.0,23,1,1,success,13,10.63055545091629,0.057503603398799896,0.035673148930072784,0.9,1,0.15300750732421875
half,101,97,1.0,1.0,24,1,1,success,14,4.685959313064814,0.054096296429634094,0.029624110087752342,0.86,1,0.07878091186285019
half,101,97,1.0,1.0,25,1,1,success,18,14.861444011330605,0.08957052230834961,0.054532717913389206,0.9,1,0.17507559061050415
half,101,97,1.0,1.0,26,1,1,success,20,9.006299078464508,0.10447220504283905,0.0571725033223629,0.82,1,0.09577325731515884
half,101,97,1.0,1.0,27,1,1,success,32,20.433304831385612,0.11009112745523453,0.0822051540017128,0.92,1,0.2866078019142151
half,101,97,1.0,1.0,28,1,1,success,19,4.717660136520863,0.10796169936656952,0.07015792280435562,0.86,1,0.17564760148525238
half,101,97,1.0,1.0,29,1,1,success,25,9.01858787983656,0.10558940470218658,0.0681169405579567,0.92,1,0.2607441544532776
half,101,97,1.0,1.0,30,1,1,success,22,4.711735527962446,0.10914124548435211,0.06805308908224106,0.92,1,0.22352607548236847
half,101,97,1.0,1.0,31,1,1,success,21,14.541365206241608,0.10381308197975159,0.0677221491932869,0.92,1,0.2899070680141449
half,101,97,2.0,1.0,0,1,1,success,34,14.18278831988573,0.09065784513950348,0.058961473405361176,0.78,1,0.21514758467674255
half,101,97,2.0,1.0,1,1,1,success,18,11.028770357370377,0.10281291604042053,0.06537052989006042,0.92,1,0.19632887840270996
half,101,97,2.0,1.0,2,1,1,success,13,10.339783504605293,0.08752913028001785,0.0702291801571846,0.94,1,0.07878945022821426
half,101,97,2.0,1.0,3,1,1,success,17,7.761748973280191,0.09069342166185379,0.04621720314025879,0.92,1,0.05444968864321709
half,101,97,2.0,1.0,4,1,1,success,44,9.084817953407764,0.19477996230125427,0.1395946592092514,0.8,1,0.3158130347728729
half,101,97,2.0,1.0,5,1,1,success,23,5.833687260746956,0.1435539871454239,0.08478158712387085,0.92,1,0.2497105449438095
half,101,97,2.0,1.0,6,1,1,success,22,4.696439951658249,0.033159103244543076,0.020450208336114883,0.8,1,0.030792124569416046
half,101,97,2.0,1.0,7,1,1,success,29,18.114959821105003,0.10246460139751434,0.07602382451295853,0.88,1,0.2400842308998108
half,101,97,2.0,1.0,8,1,1,success,20,4.036686848849058,0.11291646957397461,0.07175425440073013,0.92,1,0.20170548558235168
half,101,97,2.0,1.0,9,1,1,success,25,21.73168957233429,0.07928697019815445,0.05683401599526405,0.92,1,0.0724930390715599
half,101,97,2.0,1.0,10,1,1,success,19,1.7640730366110802,0.11849905550479889,0.07615137845277786,0.9,1,0.1640053391456604
half,101,97,2.0,1.0,11,1,1,success,10,5.510317161679268,0.038672707974910736,0.02385665848851204,0.92,1,0.024235982447862625
half,101,97,2.0,1.0,12,1,1,success,26,6.4829024486243725,0.10111559927463531,0.06794653087854385,0.82,1,0.1952027678489685
half,101,97,2.0,1.0,13,1,1,success,32,10.548016987740993,0.07783203572034836,0.0516514927148819,0.78,1,0.19278809428215027
half,101,97,2.0,1.0,14,1,1,success,29,15.791421756148338,0.13834969699382782,0.08018568158149719,0.94,1,0.2789151966571808
half,101,97,2.0,1.0,15,1,1,success,15,1.5711376909166574,0.06727124005556107,0.04233201965689659,0.82,1,0.031381916254758835
half,101,97,2.0,1.0,16,1,1,success,28,3.627343336120248,0.1149480864405632,0.07463858276605606,0.84,1,0.29401928186416626
half,101,97,2.0,1.0,17,1,1,success,19,11.601406149566174,0.08974818885326385,0.057675983756780624,0.9,1,0.18305405974388123
half,101,97,2.0,1.0,18,1,1,success,23,4.844443406909704,0.1282629519701004,0.07940077036619186,0.9,1,0.22874751687049866
half,101,97,2.0,1.0,19,1,1,success,18,9.8589938133955,0.07144956290721893,0.04906304180622101,0.88,1,0.14724166691303253
half,101,97,2.0,1.0,20,1,1,success,24,6.720154546201229,0.08802033215761185,0.05419805645942688,0.84,1,0.15992173552513123
half,101,97,2.0,1.0,21,1,1,success,13,3.8925018161535263,0.09398985654115677,0.06054757162928581,0.94,1,0.12938593327999115
half,101,97,2.0,1.0,22,1,1,success,25,9.525172412395477,0.09786542505025864,0.0650155320763588,0.88,1,0.23766174912452698
half,101,97,2.0,1.0,23,1,1,success,14,11.44137978553772,0.06788382679224014,0.0420798696577549,0.92,1,0.1461176574230194
half,101,97,2.0,1.0,24,1,1,success,15,3.8781471084803343,0.0756588876247406,0.04499317705631256,0.84,1,0.0825221836566925
half,101,97,2.0,1.0,25,1,1,success,18,16.517704352736473,0.0935431644320488,0.05388405919075012,0.9,1,0.17330233752727509
half,101,97,2.0,1.0,26,1,1,success,20,5.483680870383978,0.12010440230369568,0.07424203306436539,0.82,1,0.09172194451093674
half,101,97,2.0,1.0,27,1,1,success,31,20.28573863208294,0.11023243516683578,0.08315183967351913,0.92,1,0.28688743710517883
half,101,97,2.0,1.0,28,1,1,success,19,4.354111850261688,0.11264088749885559,0.07073277980089188,0.86,1,0.175213024020195
half,101,97,2.0,1.0,29,1,1,success,25,9.97336208820343,0.10648781806230545,0.06786996871232986,0.92,1,0.2596413195133209
half,101,97,2.0,1.0,30,1,1,success,23,6.317751947790384,0.11162924021482468,0.0712638795375824,0.92,1,0.221879243850708
half,101,97,2.0,1.0,31,1,1,success,21,14.83806036412716,0.1044587716460228,0.06741932779550552,0.92,1,0.28858324885368347
half,101,97,1.0,0.5,0,1,1,success,34,11.850773356854916,0.08222747594118118,0.049732547253370285,0.78,1,0.2178298532962799
half,101,97,1.0,0.5,1,1,1,success,18,9.075567126274109,0.10504429042339325,0.06711895763874054,0.92,1,0.19884130358695984
half,101,97,1.0,0.5,2,1,1,success,12,10.124864056706429,0.03521926701068878,0.026590382680296898,0.92,1,0.07828580588102341
half,101,97,1.0,0.5,3,1,1,success,17,8.18562600761652,0.07272598147392273,0.04448225349187851,0.92,1,0.055471137166023254
half,101,97,1.0,0.5,4,1,1,success,41,10.848679579794407,0.16874165832996368,0.12507019937038422,0.8,1,0.30883586406707764
half,101,97,1.0,0.5,5,1,1,success,20,6.231863051652908,0.12476654350757599,0.08156569302082062,0.92,1,0.2514607310295105
half,101,97,1.0,0.5,6,1,1,success,22,4.375104326754808,0.03013557381927967,0.02001231536269188,0.8,1,0.03359610587358475
half,101,97,1.0,0.5,7,1,1,success,28,17.226455733180046,0.10255496203899384,0.07616990804672241,0.88,1,0.24108001589775085
half,101,97,1.0,0.5,8,1,1,success,19,3.112015314400196,0.09764733165502548,0.06857546418905258,0.92,1,0.20166534185409546
half,101,97,1.0,0.5,9,1,1,success,21,17.421256750822067,0.07090723514556885,0.05025407299399376,0.92,1,0.06824572384357452
half,101,97,1.0,0.5,10,1,1,success,17,1.0880852350965142,0.10420829802751541,0.07312972843647003,0.9,1,0.16433069109916687
half,101,97,1.0,0.5,11,1,1,success,10,4.737681243568659,0.03606140986084938,0.020967938005924225,0.92,1,0.024986205622553825
half,101,97,1.0,0.5,12,1,1,success,26,6.388749927282333,0.09813215583562851,0.0683237835764885,0.82,1,0.19531528651714325
half,101,97,1.0,0.5,13,1,1,success,33,10.366016067564487,0.06736408919095993,0.04540904983878136,0.78,1,0.19498559832572937
half,101,97,1.0,0.5,14,1,1,success,28,14.554506167769432,0.13008275628089905,0.07866232842206955,0.94,1,0.28014475107192993
half,101,97,1.0,0.5,15,1,1,success,15,0.7380482857115567,0.039848774671554565,0.02359473705291748,0.82,1,0.030417807400226593
half,101,97,1.0,0.5,16,1,1,success,29,3.8815473672002554,0.11863494664430618,0.07495950162410736,0.84,1,0.293735533952713
half,101,97,1.0,0.5,17,1,1,success,19,11.34494598954916,0.08409246057271957,0.0557878352701664,0.9,1,0.18361592292785645
half,101,97,1.0,0.5,18,1,1,success,22,3.713862271979451,0.11940624564886093,0.0790160596370697,0.9,1,0.23041370511054993
half,101,97,1.0,0.5,19,1,1,success,18,10.509793646633625,0.06698111444711685,0.044815778732299805,0.88,1,0.1471201479434967
half,101,97,1.0,0.5,20,1,1,success,24,6.675229407846928,0.06395795196294785,0.039935383945703506,0.84,1,0.1617458164691925
half,101,97,1.0,0.5,21,1,1,success,13,4.556967876851559,0.08363156765699387,0.0560077540576458,0.94,1,0.12826229631900787
half,101,97,1.0,0.5,22,1,1,success,25,9.187686257064342,0.09354957193136215,0.0627773255109787,0.88,1,0.23822510242462158
half,101,97,1.0,0.5,23,1,1,success,13,10.625631548464298,0.05570325627923012,0.03533026948571205,0.9,1,0.15304499864578247
half,101,97,1.0,0.5,24,1,1,success,15,4.647576715797186,0.055263932794332504,0.03102141246199608,0.84,1,0.08267056941986084
half,101,97,1.0,0.5,25,1,1,success,18,15.17918985337019,0.0880223736166954,0.05400199815630913,0.9,1,0.1746993511915207
half,101,97,1.0,0.5,26,1,1,success,20,10.274023748934269,0.09381531178951263,0.0487862229347229,0.82,1,0.09684130549430847
half,101,97,1.0,0.5,27,1,1,success,32,20.417073741555214,0.11041364073753357,0.08234166353940964,0.92,1,0.28666409850120544
half,101,97,1.0,0.5,28,1,1,success,19,4.907385446131229,0.10737618058919907,0.0697508305311203,0.86,1,0.1751217246055603
half,101,97,1.0,0.5,29,1,1,success,25,9.767568670213223,0.10012742877006531,0.06585129350423813,0.92,1,0.25993284583091736
half,101,97,1.0,0.5,30,1,1,success,22,5.0850058905780315,0.10822949558496475,0.06765983998775482,0.92,1,0.22336798906326294
half,101,97,1.0,0.5,31,1,1,success,21,14.635156840085983,0.10327837616205215,0.06746959686279297,0.92,1,0.28973400592803955
half,101,97,2.0,0.5,0,1,1,success,34,13.985910452902317,0.089182548224926,0.05755236744880676,0.78,1,0.21528266370296478
half,101,97,2.0,0.5,1,1,1,success,18,10.202453471720219,0.10830257087945938,0.06613793969154358,0.92,1,0.19741833209991455
half,101,97,2.0,0.5,2,1,1,success,13,10.372690856456757,0.08817634731531143,0.07168847322463989,0.94,1,0.07917645573616028
half,101,97,2.0,0.5,3,1,1,success,17,7.5929234735667706,0.08680817484855652,0.04505547136068344,0.92,1,0.05451767146587372
half,101,97,2.0,0.5,4,1,1,success,41,14.239800162613392,0.15051163733005524,0.09294228255748749,0.8,1,0.30578920245170593
half,101,97,2.0,0.5,5,1,1,success,22,5.628420040011406,0.1338801234960556,0.08180242776870728,0.92,1,0.25019606947898865
half,101,97,2.0,0.5,6,1,1,success,22,4.391181748360395,0.031134692952036858,0.020277153700590134,0.8,1,0.03162641078233719
half,101,97,2.0,0.5,7,1,1,success,28,18.347257748246193,0.10211875289678574,0.07514670491218567,0.88,1,0.2398776113986969
half,101,97,2.0,0.5,8,1,1,success,20,3.7317504175007343,0.11103229969739914,0.07059292495250702,0.92,1,0.20174413919448853
half,101,97,2.0,0.5,9,1,1,success,24,21.21496945619583,0.07809105515480042,0.055487215518951416,0.92,1,0.07200716435909271
half,101,97,2.0,0.5,10,1,1,success,19,0.8638415019959211,0.11486890912055969,0.07319213449954987,0.9,1,0.16371944546699524
half,101,97,2.0,0.5,11,1,1,success,10,5.396397318691015,0.03678571432828903,0.022034674882888794,0.92,1,0.024255244061350822
half,101,97,2.0,0.5,12,1,1,success,26,8.165826089680195,0.09708189964294434,0.06472993642091751,0.82,1,0.19317781925201416
half,101,97,2.0,0.5,13,1,1,success,33,11.216920800507069,0.06651536375284195,0.04466041550040245,0.78,1,0.19354979693889618
half,101,97,2.0,0.5,14,1,1,success,28,15.016972087323666,0.137674018740654,0.080331951379776,0.94,1,0.27972960472106934
half,101,97,2.0,0.5,15,1,1,success,15,1.0409851092845201,0.04421968013048172,0.025282040238380432,0.82,1,0.029455307871103287
half,101,97,2.0,0.5,16,1,1,success,29,4.204440861940384,0.11722955107688904,0.07527362555265427,0.84,1,0.29298457503318787
half,101,97,2.0,0.5,17,1,1,success,19,11.040977202355862,0.08575677871704102,0.057056088000535965,0.9,1,0.1837603747844696
half,101,97,2.0,0.5,18,1,1,success,23,4.729353357106447,0.12704302370548248,0.07879199087619781,0.9,1,0.2288089394569397
half,101,97,2.0,0.5,19,1,1,success,18,9.496433660387993,0.07106557488441467,0.047920748591423035,0.88,1,0.1478426307439804
half,101,97,2.0,0.5,20,1,1,success,24,7.019935175776482,0.06854512542486191,0.04157857596874237,0.84,1,0.15980035066604614
half,101,97,2.0,0.5,21,1,1,success,13,4.229608923196793,0.09065932035446167,0.05849470570683479,0.94,1,0.12880602478981018
half,101,97,2.0,0.5,22,1,1,success,25,10.653317905962467,0.09343534708023071,0.06254373490810394,0.88,1,0.23656870424747467
half,101,97,2.0,0.5,23,1,1,success,13,10.454054921865463,0.05563029646873474,0.0352231040596962,0.9,1,0.15235599875450134
half,101,97,2.0,0.5,24,1,1,success,15,4.500011447817087,0.0553530789911747,0.030267419293522835,0.84,1,0.08124156296253204
half,101,97,2.0,0.5,25,1,1,success,18,16.37960597872734,0.09164365381002426,0.05311936140060425,0.9,1,0.17339535057544708
half,101,97,2.0,0.5,26,1,1,success,20,7.48769287019968,0.1092105358839035,0.06354962289333344,0.82,1,0.09387335926294327
half,101,97,2.0,0.5,27,1,1,success,32,20.546628162264824,0.11012726277112961,0.08302410691976547,0.92,1,0.2866598963737488
half,101,97,2.0,0.5,28,1,1,success,19,5.008968990296125,0.11107435822486877,0.06897489726543427,0.86,1,0.1745978146791458
half,101,97,2.0,0.5,29,1,1,success,25,10.73485054075718,0.10057239234447479,0.06571898609399796,0.92,1,0.25880125164985657
half,101,97,2.0,0.5,30,1,1,success,23,6.282863672822714,0.1114397943019867,0.07140498608350754,0.92,1,0.22203993797302246
half,101,97,2.0,0.5,31,1,1,success,21,14.826794154942036,0.1040487140417099,0.06742843985557556,0.92,1,0.2885375916957855
half,101,195,1.0,1.0,0,1,1,success,30,17.269590869545937,0.047381691634655,0.028483867645263672,0.78,1,0.2339148223400116
half,101,195,1.0,1.0,1,1,1,success,14,19.898580387234688,0.0356811061501503,0.023410284891724586,0.92,1,0.21839389204978943
half,101,195,1.0,1.0,2,1,1,success,10,15.030540525913239,0.034874383360147476,0.022171204909682274,0.94,1,0.09617925435304642
half,101,195,1.0,1.0,3,1,1,success,18,4.740106873214245,0.06016028672456741,0.05358363687992096,0.92,1,0.051448918879032135
half,101,195,1.0,1.0,4,0,0,placed_nonstatic,,20.40643058717251,0.5115848779678345,0.3161250352859497,0.62,3,0.32213521003723145
half,101,195,1.0,1.0,5,1,1,success,13,14.062648639082909,0.06776532530784607,0.04802551493048668,0.92,1,0.2547277510166168
half,101,195,1.0,1.0,6,1,1,success,20,7.10870698094368,0.06609098613262177,0.05900178104639053,0.8,1,0.0377206951379776
half,101,195,1.0,1.0,7,1,1,success,23,19.03335377573967,0.059402305632829666,0.0327121838927269,0.88,1,0.2712525427341461
half,101,195,1.0,1.0,8,1,1,success,14,16.807634383440018,0.032578080892562866,0.01777135767042637,0.92,1,0.21059754490852356
half,101,195,1.0,1.0,9,1,1,success,20,12.869633734226227,0.09856736660003662,0.07555510103702545,0.92,1,0.05776871740818024
half,101,195,1.0,1.0,10,1,1,success,12,9.047024883329868,0.04371212422847748,0.02411501109600067,0.9,1,0.16635127365589142
half,101,195,1.0,1.0,11,1,1,success,14,14.031213708221912,0.07849889248609543,0.06608394533395767,0.92,1,0.039589934051036835
half,101,195,1.0,1.0,12,1,1,success,22,15.91431349515915,0.05164552479982376,0.034876830875873566,0.82,1,0.21111756563186646
half,101,195,1.0,1.0,13,1,1,success,29,14.689801260828972,0.06093208119273186,0.04020112380385399,0.8,1,0.2074948251247406
half,101,195,1.0,1.0,14,0,1,left_after_success,19,27.70772948861122,0.08479715883731842,0.04883302375674248,0.94,1,0.300741046667099
half,101,195,1.0,1.0,15,1,1,success,13,6.430787034332752,0.0517575666308403,0.04269319772720337,0.82,1,0.034034986048936844
half,101,195,1.0,1.0,16,1,1,success,20,22.211924195289612,0.06365083158016205,0.03893164545297623,0.84,1,0.30641043186187744
half,101,195,1.0,1.0,17,1,1,success,17,17.002524808049202,0.024249032139778137,0.014933722093701363,0.9,1,0.2052225023508072
half,101,195,1.0,1.0,18,1,1,success,14,18.599437549710274,0.05137103050947189,0.03644353896379471,0.9,1,0.24146680533885956
half,101,195,1.0,1.0,19,1,1,success,16,14.07544780522585,0.02389463223516941,0.011210160329937935,0.88,1,0.16539403796195984
half,101,195,1.0,1.0,20,1,1,success,23,15.422401949763298,0.044308584183454514,0.02980724722146988,0.84,1,0.17053095996379852
half,101,195,1.0,1.0,21,1,1,success,9,11.721866205334663,0.07501030713319778,0.051138803362846375,0.94,1,0.1377873569726944
half,101,195,1.0,1.0,22,1,1,success,20,16.002781689167023,0.02403155341744423,0.015167271718382835,0.88,1,0.25610488653182983
half,101,195,1.0,1.0,23,1,1,success,12,3.9552473463118076,0.031491611152887344,0.019977381452918053,0.9,1,0.15060317516326904
half,101,195,1.0,1.0,24,1,1,success,13,5.209617782384157,0.07489945739507675,0.04643829166889191,0.86,1,0.07564666867256165
half,101,195,1.0,1.0,25,1,1,success,14,9.754963219165802,0.033513180911540985,0.016287781298160553,0.88,1,0.19139623641967773
half,101,195,1.0,1.0,26,1,1,success,17,3.9132186211645603,0.054622262716293335,0.03269069641828537,0.82,1,0.08949180692434311
half,101,195,1.0,1.0,27,1,1,success,16,13.143356889486313,0.06205430254340172,0.04555804654955864,0.92,1,0.3146961033344269
half,101,195,1.0,1.0,28,1,1,success,16,10.711546055972576,0.05398622527718544,0.03545786067843437,0.86,1,0.18230564892292023
half,101,195,1.0,1.0,29,1,1,success,20,22.098200395703316,0.052728794515132904,0.03439822793006897,0.92,1,0.2826686501502991
half,101,195,1.0,1.0,30,1,1,success,14,16.640082001686096,0.09476184844970703,0.0832352489233017,0.92,1,0.24078689515590668
half,101,195,1.0,1.0,31,1,1,success,14,13.580846600234509,0.04699565842747688,0.026480557397007942,0.92,1,0.3038673996925354
half,101,195,2.0,1.0,0,1,1,success,30,16.555236652493477,0.05667049437761307,0.03387797623872757,0.78,1,0.23167620599269867
half,101,195,2.0,1.0,1,1,1,success,14,19.44989524781704,0.03979302570223808,0.02873222343623638,0.92,1,0.21772097051143646
half,101,195,2.0,1.0,2,1,1,success,10,13.981818221509457,0.03888950124382973,0.02555510401725769,0.94,1,0.09518670290708542
half,101,195,2.0,1.0,3,1,1,success,18,6.088354624807835,0.06936164200305939,0.05645037814974785,0.92,1,0.05173658952116966
half,101,195,2.0,1.0,4,1,1,success,33,14.277917332947254,0.09471795707941055,0.04701076075434685,0.8,1,0.326587438583374
half,101,195,2.0,1.0,5,1,1,success,13,13.529215939342976,0.08152171969413757,0.05994761735200882,0.92,1,0.25346097350120544
half,101,195,2.0,1.0,6,1,1,success,20,6.616446655243635,0.0671287402510643,0.059669431298971176,0.8,1,0.037012435495853424
half,101,195,2.0,1.0,7,1,1,success,23,18.319789320230484,0.06323085725307465,0.03807636350393295,0.88,1,0.2702549695968628
half,101,195,2.0,1.0,8,1,1,success,14,15.820233151316643,0.03626338392496109,0.022890210151672363,0.92,1,0.20907828211784363
half,101,195,2.0,1.0,9,1,1,success,20,12.913178652524948,0.10543367266654968,0.08077797293663025,0.92,1,0.05764959380030632
half,101,195,2.0,1.0,10,1,1,success,12,8.048963733017445,0.05597811937332153,0.038731686770915985,0.9,1,0.16519132256507874
half,101,195,2.0,1.0,11,1,1,success,15,14.574384316802025,0.08432542532682419,0.07417887449264526,0.92,1,0.04040706902742386
half,101,195,2.0,1.0,12,1,1,success,23,16.30510948598385,0.03677232563495636,0.026313647627830505,0.82,1,0.2125849574804306
half,101,195,2.0,1.0,13,1,1,success,29,14.10768274217844,0.06498758494853973,0.051551513373851776,0.8,1,0.20672957599163055
half,101,195,2.0,1.0,14,0,1,left_after_success,19,36.756884306669235,0.11118026822805405,0.0636468231678009,0.94,1,0.29014143347740173
half,101,195,2.0,1.0,15,1,1,success,13,5.149501375854015,0.06108444929122925,0.04842153564095497,0.82,1,0.032834891229867935
half,101,195,2.0,1.0,16,1,1,success,20,22.986091673374176,0.06931992620229721,0.045264050364494324,0.84,1,0.30602559447288513
half,101,195,2.0,1.0,17,1,1,success,17,15.46271052211523,0.024772867560386658,0.013604600913822651,0.88,1,0.20347853004932404
half,101,195,2.0,1.0,18,1,1,success,14,17.556818202137947,0.06744242459535599,0.0499691516160965,0.9,1,0.23998330533504486
half,101,195,2.0,1.0,19,1,1,success,16,14.107473194599152,0.024301860481500626,0.011999686248600483,0.88,1,0.16497530043125153
half,101,195,2.0,1.0,20,1,1,success,23,16.59107394516468,0.05036698281764984,0.039363835006952286,0.84,1,0.17012856900691986
half,101,195,2.0,1.0,21,1,1,success,9,11.967817321419716,0.0819070115685463,0.05608326569199562,0.94,1,0.13730905950069427
half,101,195,2.0,1.0,22,1,1,success,20,15.494871884584427,0.02525557018816471,0.015367850661277771,0.88,1,0.2552485167980194
half,101,195,2.0,1.0,23,1,1,success,12,4.185797646641731,0.03194160386919975,0.02172309160232544,0.9,1,0.15014299750328064
half,101,195,2.0,1.0,24,1,1,success,14,5.679760593920946,0.09035659581422806,0.06378188729286194,0.84,1,0.07564697414636612
half,101,195,2.0,1.0,25,1,1,success,14,8.998784236609936,0.03348277509212494,0.01671386882662773,0.88,1,0.19050243496894836
half,101,195,2.0,1.0,26,1,1,success,17,4.262737929821014,0.0726412907242775,0.03923396021127701,0.82,1,0.08908203989267349
half,101,195,2.0,1.0,27,1,1,success,17,11.958090588450432,0.03804584965109825,0.022782564163208008,0.9,1,0.31368640065193176
half,101,195,2.0,1.0,28,1,1,success,16,11.19472086429596,0.06296691298484802,0.040392372757196426,0.86,1,0.18230122327804565
half,101,195,2.0,1.0,29,1,1,success,20,21.181434392929077,0.057864438742399216,0.04280228912830353,0.92,1,0.28163740038871765
half,101,195,2.0,1.0,30,1,1,success,14,16.358619555830956,0.084841288626194,0.07526054978370667,0.92,1,0.2387235164642334
half,101,195,2.0,1.0,31,1,1,success,14,13.080517761409283,0.04661072790622711,0.02588803321123123,0.92,1,0.3030136227607727
half,101,195,1.0,0.5,0,1,1,success,30,17.81875267624855,0.04657160863280296,0.03141672536730766,0.78,1,0.23588493466377258
half,101,195,1.0,0.5,1,1,1,success,14,19.855080172419548,0.035582613199949265,0.02320781722664833,0.92,1,0.21838095784187317
half,101,195,1.0,0.5,2,1,1,success,10,14.936817809939384,0.034408096224069595,0.021867787465453148,0.94,1,0.09616786241531372
half,101,195,1.0,0.5,3,1,1,success,18,4.735377617180347,0.059342481195926666,0.05265311896800995,0.92,1,0.05157836154103279
half,101,195,1.0,0.5,4,0,0,goal_not_reached_at_end,,65.70091098546982,1.1922777891159058,0.683857262134552,0.58,5,0.28567108511924744
half,101,195,1.0,0.5,5,1,1,success,13,15.012454241514206,0.06540589779615402,0.045929789543151855,0.92,1,0.2560015916824341
half,101,195,1.0,0.5,6,1,1,success,20,7.586765103042126,0.06329625099897385,0.05782186985015869,0.8,1,0.038172390311956406
half,101,195,1.0,0.5,7,1,1,success,23,18.527043983340263,0.05813722684979439,0.031828660517930984,0.88,1,0.2710634171962738
half,101,195,1.0,0.5,8,1,1,success,14,16.760405153036118,0.03299401327967644,0.017766466364264488,0.92,1,0.21061256527900696
half,101,195,1.0,0.5,9,1,1,success,20,12.5320078805089,0.09744853526353836,0.07449078559875488,0.92,1,0.05754102021455765
half,101,195,1.0,0.5,10,1,1,success,12,8.802181109786034,0.04321388900279999,0.024003325030207634,0.9,1,0.16633711755275726
half,101,195,1.0,0.5,11,1,1,success,14,13.675681315362453,0.07702220231294632,0.06316573917865753,0.92,1,0.03929664567112923
half,101,195,1.0,0.5,12,1,1,success,23,15.897944569587708,0.0365806482732296,0.021778790280222893,0.82,1,0.21235983073711395
half,101,195,1.0,0.5,13,1,1,success,29,14.74668737500906,0.058445822447538376,0.03800968825817108,0.8,1,0.208359956741333
half,101,195,1.0,0.5,14,1,1,success,29,10.235837660729885,0.06101607531309128,0.04718269035220146,0.82,3,0.29638245701789856
half,101,195,1.0,0.5,15,1,1,success,13,6.851154379546642,0.04992949217557907,0.043151624500751495,0.82,1,0.03454208001494408
half,101,195,1.0,0.5,16,1,1,success,20,21.853281185030937,0.06388644874095917,0.03810855373740196,0.84,1,0.3068048357963562
half,101,195,1.0,0.5,17,1,1,success,17,16.92122593522072,0.024823030456900597,0.015823980793356895,0.9,1,0.20516705513000488
half,101,195,1.0,0.5,18,1,1,success,14,18.962332978844643,0.051257405430078506,0.03658474236726761,0.9,1,0.24194367229938507
half,101,195,1.0,0.5,19,1,1,success,16,13.815561309456825,0.02364305779337883,0.010810526087880135,0.88,1,0.16526149213314056
half,101,195,1.0,0.5,20,1,1,success,23,15.090938657522202,0.046501561999320984,0.03165959194302559,0.84,1,0.1705140769481659
half,101,195,1.0,0.5,21,1,1,success,9,11.772846803069115,0.0737815797328949,0.05007023364305496,0.94,1,0.13782043755054474
half,101,195,1.0,0.5,22,1,1,success,20,15.881376340985298,0.023969246074557304,0.01529975887387991,0.88,1,0.2562566101551056
half,101,195,1.0,0.5,23,1,1,success,12,4.10979799926281,0.03169388324022293,0.01993091031908989,0.9,1,0.1506291627883911
half,101,195,1.0,0.5,24,1,1,success,13,5.344721954315901,0.06837873160839081,0.04433639720082283,0.86,1,0.07565309852361679
half,101,195,1.0,0.5,25,1,1,success,14,9.622986428439617,0.032805826514959335,0.016404256224632263,0.88,1,0.1913267970085144
half,101,195,1.0,0.5,26,1,1,success,17,4.2079961858689785,0.05346015468239784,0.03211488202214241,0.82,1,0.09017394483089447
half,101,195,1.0,0.5,27,1,1,success,16,15.208232216536999,0.05828917771577835,0.040054548531770706,0.92,1,0.3167405426502228
half,101,195,1.0,0.5,28,1,1,success,16,10.459023527801037,0.05350543186068535,0.03399316221475601,0.86,1,0.18225763738155365
half,101,195,1.0,0.5,29,1,1,success,20,21.39720693230629,0.052599772810935974,0.030777208507061005,0.92,1,0.2827971577644348
half,101,195,1.0,0.5,30,1,1,success,14,16.730831936001778,0.0988442674279213,0.08706998825073242,0.92,1,0.24118727445602417
half,101,195,1.0,0.5,31,1,1,success,14,13.539220206439495,0.04676983505487442,0.025733500719070435,0.92,1,0.303873211145401
half,101,195,2.0,0.5,0,1,1,success,30,17.68898218870163,0.05337711423635483,0.031412526965141296,0.78,1,0.23512554168701172
half,101,195,2.0,0.5,1,1,1,success,14,19.40597966313362,0.039498426020145416,0.028193620964884758,0.92,1,0.2177063226699829
half,101,195,2.0,0.5,2,1,1,success,10,13.933341018855572,0.03869420662522316,0.0252792127430439,0.94,1,0.09522176533937454
half,101,195,2.0,0.5,3,1,1,success,18,5.890717264264822,0.06717167794704437,0.055571019649505615,0.92,1,0.05173683911561966
half,101,195,2.0,0.5,4,1,1,success,33,13.82697094231844,0.09903211891651154,0.04951631277799606,0.8,1,0.32692351937294006
half,101,195,2.0,0.5,5,1,1,success,13,13.793716207146645,0.07935702055692673,0.05728084221482277,0.92,1,0.25415340065956116
half,101,195,2.0,0.5,6,1,1,success,20,6.721194367855787,0.0621170848608017,0.057259298861026764,0.8,1,0.037286315113306046
half,101,195,2.0,0.5,7,1,1,success,23,17.579061910510063,0.059582777321338654,0.034655507653951645,0.88,1,0.2697921395301819
half,101,195,2.0,0.5,8,1,1,success,14,15.713974833488464,0.03675461560487747,0.023190118372440338,0.92,1,0.20929743349552155
half,101,195,2.0,0.5,9,1,1,success,19,12.41888478398323,0.10369262844324112,0.07933695614337921,0.92,1,0.05724174529314041
half,101,195,2.0,0.5,10,1,1,success,12,8.093765005469322,0.055446505546569824,0.03902477025985718,0.9,1,0.1653727889060974
half,101,195,2.0,0.5,11,1,1,success,14,14.192158356308937,0.08405959606170654,0.07256492227315903,0.92,1,0.04000687971711159
half,101,195,2.0,0.5,12,1,1,success,23,15.727613121271133,0.03750310465693474,0.02861187979578972,0.82,1,0.21210429072380066
half,101,195,2.0,0.5,13,1,1,success,29,14.367279596626759,0.06451723724603653,0.04456948861479759,0.8,1,0.20851635932922363
half,101,195,2.0,0.5,14,0,1,left_after_success,19,32.00829029083252,0.09557493776082993,0.05398677662014961,0.94,1,0.2953355312347412
half,101,195,2.0,0.5,15,1,1,success,13,5.578780081123114,0.05693458393216133,0.04759055748581886,0.82,1,0.03335866332054138
half,101,195,2.0,0.5,16,1,1,success,20,22.380435839295387,0.06785350292921066,0.045138660818338394,0.84,1,0.30622974038124084
half,101,195,2.0,0.5,17,1,1,success,17,15.407883562147617,0.024706242606043816,0.014207635074853897,0.88,1,0.2035716474056244
half,101,195,2.0,0.5,18,1,1,success,14,18.119316548109055,0.0663033276796341,0.048835769295692444,0.9,1,0.24074240028858185
half,101,195,2.0,0.5,19,1,1,success,16,13.540188781917095,0.024062538519501686,0.010417087003588676,0.88,1,0.16471903026103973
half,101,195,2.0,0.5,20,1,1,success,23,15.46703465282917,0.054313719272613525,0.04417720064520836,0.84,1,0.1699964553117752
half,101,195,2.0,0.5,21,1,1,success,9,12.0545020326972,0.08068245649337769,0.054906852543354034,0.94,1,0.13737010955810547
half,101,195,2.0,0.5,22,1,1,success,20,15.42691234499216,0.02402288280427456,0.015567024238407612,0.88,1,0.2554659843444824
half,101,195,2.0,0.5,23,1,1,success,12,4.300626460462809,0.03197452798485756,0.021306786686182022,0.9,1,0.15016593039035797
half,101,195,2.0,0.5,24,1,1,success,14,5.717411171644926,0.0760609358549118,0.05178508907556534,0.84,1,0.07603736966848373
half,101,195,2.0,0.5,25,1,1,success,14,8.878178894519806,0.0328560546040535,0.01691209152340889,0.88,1,0.1904516965150833
half,101,195,2.0,0.5,26,1,1,success,17,4.296028055250645,0.06889716535806656,0.03770890831947327,0.82,1,0.0897836908698082
half,101,195,2.0,0.5,27,1,1,success,17,13.520307838916779,0.03837534040212631,0.02144572138786316,0.9,1,0.31500664353370667
half,101,195,2.0,0.5,28,1,1,success,16,10.878656059503555,0.06031740829348564,0.03901791200041771,0.86,1,0.18225722014904022
half,101,195,2.0,0.5,29,1,1,success,20,20.24778537452221,0.05397443473339081,0.034651532769203186,0.92,1,0.28162097930908203
half,101,195,2.0,0.5,30,1,1,success,14,16.39452576637268,0.08583731204271317,0.07623698562383652,0.92,1,0.2389260083436966
half,101,195,2.0,0.5,31,1,1,success,14,13.08717206120491,0.04644698649644852,0.025284461677074432,0.92,1,0.3030533790588379
half,202,97,1.0,1.0,0,1,1,success,43,13.989121653139591,0.2603156864643097,0.13410253822803497,0.78,1,0.21555860340595245
half,202,97,1.0,1.0,1,1,1,success,28,11.116519570350647,0.12103035300970078,0.07120630145072937,0.92,1,0.20188404619693756
half,202,97,1.0,1.0,2,1,1,success,14,10.540791787207127,0.1116991713643074,0.07792142033576965,0.94,1,0.07563448697328568
half,202,97,1.0,1.0,3,1,1,success,17,9.465018287301064,0.02749307081103325,0.019229047000408173,0.92,1,0.05669296532869339
half,202,97,1.0,1.0,4,0,0,placed_nonstatic,,20.859166979789734,0.5834814310073853,0.32003340125083923,0.8,1,0.3303816616535187
half,202,97,1.0,1.0,5,1,1,success,36,6.898361723870039,0.22959628701210022,0.12031228095293045,0.92,1,0.25276634097099304
half,202,97,1.0,1.0,6,1,1,success,22,8.997524157166481,0.056257739663124084,0.04100489616394043,0.8,1,0.04088089242577553
half,202,97,1.0,1.0,7,1,1,success,43,5.781383253633976,0.2931920289993286,0.16752129793167114,0.88,1,0.2608693242073059
half,202,97,1.0,1.0,8,1,1,success,30,12.0424535125494,0.1274670958518982,0.07399392127990723,0.92,1,0.19702725112438202
half,202,97,1.0,1.0,9,1,1,success,21,15.339374542236328,0.07024351507425308,0.04070231318473816,0.92,1,0.06794609874486923
half,202,97,1.0,1.0,10,1,1,success,22,6.615189369767904,0.11272033303976059,0.06592395156621933,0.9,1,0.16291551291942596
half,202,97,1.0,1.0,11,1,1,success,9,9.125803597271442,0.04180115833878517,0.026821359992027283,0.82,3,0.03801046311855316
half,202,97,1.0,1.0,12,1,1,success,35,9.810058400034904,0.15324872732162476,0.09775158017873764,0.8,1,0.2065756767988205
half,202,97,1.0,1.0,13,1,1,success,40,5.245229694992304,0.18099084496498108,0.08765922486782074,0.78,1,0.20225363969802856
half,202,97,1.0,1.0,14,1,1,success,48,10.879690758883953,0.36702126264572144,0.19210076332092285,0.94,1,0.30431705713272095
half,202,97,1.0,1.0,15,1,1,success,13,13.017465360462666,0.05511514097452164,0.04337210953235626,0.82,1,0.0429050512611866
half,202,97,1.0,1.0,16,0,0,placed_nonstatic,,22.798318415880203,0.439851850271225,0.24641674757003784,0.84,1,0.3136228322982788
half,202,97,1.0,1.0,17,1,1,success,27,11.365647427737713,0.12226234376430511,0.06969394534826279,0.9,1,0.1885828971862793
half,202,97,1.0,1.0,18,1,1,success,35,6.3270628452301025,0.18990856409072876,0.10618617385625839,0.9,1,0.22899028658866882
half,202,97,1.0,1.0,19,1,1,success,25,16.790902242064476,0.08565627783536911,0.04172128438949585,0.88,1,0.1422176957130432
half,202,97,1.0,1.0,20,1,1,success,34,7.715287618339062,0.16061335802078247,0.07956786453723907,0.82,1,0.1655498743057251
half,202,97,1.0,1.0,21,1,1,success,14,11.296329088509083,0.09155672043561935,0.056603770703077316,0.94,1,0.1282493621110916
half,202,97,1.0,1.0,22,1,1,success,38,11.930961161851883,0.23525632917881012,0.1354810744524002,0.86,1,0.25697556138038635
half,202,97,1.0,1.0,23,1,1,success,16,2.209879457950592,0.12049085646867752,0.06177937984466553,0.92,1,0.152854785323143
half,202,97,1.0,1.0,24,1,1,success,13,5.648136138916016,0.07764774560928345,0.0469854436814785,0.86,1,0.0846349373459816
half,202,97,1.0,1.0,25,1,1,success,27,4.347008652985096,0.13554441928863525,0.0672813206911087,0.88,1,0.18295268714427948
half,202,97,1.0,1.0,26,1,1,success,22,7.228308357298374,0.11442241072654724,0.09391620755195618,0.82,1,0.08796865493059158
half,202,97,1.0,1.0,27,0,0,goal_not_reached_at_end,,36.055754870176315,0.3706841766834259,0.2720603346824646,0.92,1,0.3346140384674072
half,202,97,1.0,1.0,28,1,1,success,28,5.892847664654255,0.12554876506328583,0.0718364417552948,0.86,1,0.1761622428894043
half,202,97,1.0,1.0,29,1,1,success,42,17.444420605897903,0.29013773798942566,0.1591119021177292,0.92,1,0.2853955626487732
half,202,97,1.0,1.0,30,1,1,success,36,9.223886765539646,0.2003413885831833,0.1258436143398285,0.92,1,0.23507055640220642
half,202,97,1.0,1.0,31,0,0,goal_not_reached_at_end,,27.401307597756386,0.3402246832847595,0.2104637175798416,0.92,1,0.31516173481941223
half,202,97,2.0,1.0,0,1,1,success,43,14.937703497707844,0.2593008875846863,0.13316597044467926,0.78,1,0.21410763263702393
half,202,97,2.0,1.0,1,1,1,success,28,12.082749046385288,0.12109772861003876,0.07201188802719116,0.92,1,0.20014464855194092
half,202,97,2.0,1.0,2,1,1,success,15,11.493322439491749,0.12057110667228699,0.08478513360023499,0.94,1,0.07467632740736008
half,202,97,2.0,1.0,3,1,1,success,17,9.908120147883892,0.03645789623260498,0.03314553573727608,0.92,1,0.05703519657254219
half,202,97,2.0,1.0,4,0,0,placed_nonstatic,,20.21326869726181,0.5809804797172546,0.317447304725647,0.8,1,0.33019784092903137
half,202,97,2.0,1.0,5,1,1,success,35,6.539144087582827,0.19741515815258026,0.11517637968063354,0.92,1,0.2503169775009155
half,202,97,2.0,1.0,6,1,1,success,22,8.742808364331722,0.05504956841468811,0.03929468244314194,0.8,1,0.04058421775698662
half,202,97,2.0,1.0,7,1,1,success,42,5.112075712531805,0.29181423783302307,0.165317103266716,0.88,1,0.25862523913383484
half,202,97,2.0,1.0,8,1,1,success,31,12.982468120753765,0.1427484154701233,0.08112213015556335,0.92,1,0.1975240558385849
half,202,97,2.0,1.0,9,1,1,success,21,15.057364478707314,0.08230926096439362,0.05516656115651131,0.92,1,0.0670626237988472
half,202,97,2.0,1.0,10,1,1,success,24,6.93758949637413,0.11994729191064835,0.06704595685005188,0.9,1,0.16193453967571259
half,202,97,2.0,1.0,11,1,1,success,9,4.197222180664539,0.04660338908433914,0.03253374993801117,0.84,3,0.030459947884082794
half,202,97,2.0,1.0,12,1,1,success,35,8.818788453936577,0.15328970551490784,0.10065994411706924,0.8,1,0.20489677786827087
half,202,97,2.0,1.0,13,1,1,success,40,4.9745263531804085,0.188430517911911,0.08909035474061966,0.78,1,0.20200680196285248
half,202,97,2.0,1.0,14,1,1,success,49,10.95594186335802,0.37009432911872864,0.1941620111465454,0.94,1,0.304375022649765
half,202,97,2.0,1.0,15,1,1,success,13,10.803384706377983,0.06409849971532822,0.04857901111245155,0.82,1,0.04046982154250145
half,202,97,2.0,1.0,16,0,0,placed_nonstatic,,21.506577730178833,0.43456533551216125,0.2431943565607071,0.84,1,0.31215885281562805
half,202,97,2.0,1.0,17,1,1,success,27,12.261160649359226,0.12247798591852188,0.06845352053642273,0.9,1,0.18684007227420807
half,202,97,2.0,1.0,18,1,1,success,35,7.018751464784145,0.18748266994953156,0.10553010553121567,0.9,1,0.2279706448316574
half,202,97,2.0,1.0,19,1,1,success,24,17.884057015180588,0.08400698006153107,0.03972825035452843,0.88,1,0.1407756358385086
half,202,97,2.0,1.0,20,1,1,success,34,7.060405798256397,0.16290636360645294,0.07854104042053223,0.82,1,0.16502392292022705
half,202,97,2.0,1.0,21,1,1,success,14,11.950183659791946,0.09677139669656754,0.05784584954380989,0.94,1,0.1266632378101349
half,202,97,2.0,1.0,22,1,1,success,38,10.520732030272484,0.2323789894580841,0.13323445618152618,0.86,1,0.2550591826438904
half,202,97,2.0,1.0,23,1,1,success,15,2.3419002536684275,0.11835316568613052,0.06084621325135231,0.92,1,0.15095840394496918
half,202,97,2.0,1.0,24,1,1,success,13,4.413879010826349,0.07551050931215286,0.043751735240221024,0.86,1,0.08316530287265778
half,202,97,2.0,1.0,25,1,1,success,27,6.485778372734785,0.13445048034191132,0.06621305644512177,0.88,1,0.1808350533246994
half,202,97,2.0,1.0,26,1,1,success,20,4.784774035215378,0.07527010142803192,0.05925125628709793,0.82,1,0.0863114595413208
half,202,97,2.0,1.0,27,0,0,goal_not_reached_at_end,,35.51027178764343,0.37308791279792786,0.2723901867866516,0.92,1,0.33332890272140503
half,202,97,2.0,1.0,28,1,1,success,29,7.0021008141338825,0.12723349034786224,0.07384786009788513,0.86,1,0.17398805916309357
half,202,97,2.0,1.0,29,1,1,success,42,16.978291794657707,0.2886008322238922,0.15803244709968567,0.92,1,0.28482744097709656
half,202,97,2.0,1.0,30,1,1,success,36,8.544129319489002,0.19787652790546417,0.122859425842762,0.92,1,0.23447152972221375
half,202,97,2.0,1.0,31,0,0,goal_not_reached_at_end,,25.546716526150703,0.3422178030014038,0.20958411693572998,0.92,1,0.31342822313308716
half,202,97,1.0,0.5,0,1,1,success,43,13.959743082523346,0.2642148435115814,0.13595086336135864,0.78,1,0.2155601531267166
half,202,97,1.0,0.5,1,1,1,success,28,10.970314033329487,0.11941495537757874,0.06950385123491287,0.92,1,0.20174558460712433
half,202,97,1.0,0.5,2,1,1,success,14,10.758815333247185,0.10570351779460907,0.07414564490318298,0.94,1,0.07532310485839844
half,202,97,1.0,0.5,3,1,1,success,17,9.357241913676262,0.026118118315935135,0.01794334128499031,0.92,1,0.056511979550123215
half,202,97,1.0,0.5,4,0,0,placed_nonstatic,,20.480602979660034,0.5798661708831787,0.3179542124271393,0.8,1,0.3304634988307953
half,202,97,1.0,0.5,5,1,1,success,35,7.467710878700018,0.2203611135482788,0.11764130741357803,0.92,1,0.25244858860969543
half,202,97,1.0,0.5,6,1,1,success,22,9.748111478984356,0.05500851199030876,0.039478227496147156,0.8,1,0.04160108417272568
half,202,97,1.0,0.5,7,1,1,success,42,5.933361127972603,0.29126664996147156,0.1661565750837326,0.88,1,0.2607869505882263
half,202,97,1.0,0.5,8,1,1,success,29,11.715219356119633,0.12309219688177109,0.07306117564439774,0.92,1,0.19785234332084656
half,202,97,1.0,0.5,9,1,1,success,21,15.64624160528183,0.06669709831476212,0.041402459144592285,0.92,1,0.06803008168935776
half,202,97,1.0,0.5,10,1,1,success,22,6.557981017976999,0.11009015887975693,0.0632367804646492,0.9,1,0.1614653766155243
half,202,97,1.0,0.5,11,1,1,success,8,5.997461266815662,0.023446660488843918,0.01518641784787178,0.84,3,0.033727776259183884
half,202,97,1.0,0.5,12,1,1,success,34,10.177437216043472,0.14573732018470764,0.09278556704521179,0.8,1,0.20715683698654175
half,202,97,1.0,0.5,13,1,1,success,40,5.143910646438599,0.15486066043376923,0.07785865664482117,0.78,1,0.1996874064207077
half,202,97,1.0,0.5,14,1,1,success,48,10.668412782251835,0.36582624912261963,0.19080166518688202,0.94,1,0.30401328206062317
half,202,97,1.0,0.5,15,1,1,success,13,12.206331826746464,0.052975621074438095,0.04376004636287689,0.82,1,0.042012643069028854
half,202,97,1.0,0.5,16,0,0,placed_nonstatic,,23.02032895386219,0.43106845021247864,0.24063009023666382,0.84,1,0.31407269835472107
half,202,97,1.0,0.5,17,1,1,success,27,11.817466467618942,0.12090922892093658,0.06862474232912064,0.9,1,0.18795567750930786
half,202,97,1.0,0.5,18,1,1,success,35,6.423364859074354,0.18838900327682495,0.10561691969633102,0.9,1,0.22897760570049286
half,202,97,1.0,0.5,19,1,1,success,25,16.771571710705757,0.08561620116233826,0.041998084634542465,0.88,1,0.14227281510829926
half,202,97,1.0,0.5,20,1,1,success,34,6.686478387564421,0.14563512802124023,0.08231198787689209,0.82,1,0.16558292508125305
half,202,97,1.0,0.5,21,1,1,success,13,11.036346666514874,0.08991563320159912,0.055436260998249054,0.94,1,0.12844318151474
half,202,97,1.0,0.5,22,1,1,success,38,11.667451821267605,0.22701624035835266,0.13253097236156464,0.86,1,0.2564769685268402
half,202,97,1.0,0.5,23,1,1,success,19,2.2835528943687677,0.12983278930187225,0.0613410659134388,0.92,1,0.15337999165058136
half,202,97,1.0,0.5,24,1,1,success,13,5.675661377608776,0.07615668326616287,0.045680657029151917,0.86,1,0.08495258539915085
half,202,97,1.0,0.5,25,1,1,success,27,4.633084405213594,0.1340091973543167,0.06709060072898865,0.88,1,0.18268539011478424
half,202,97,1.0,0.5,26,1,1,success,21,4.700716584920883,0.06310707330703735,0.04495743662118912,0.82,1,0.0874846801161766
half,202,97,1.0,0.5,27,0,0,goal_not_reached_at_end,,36.24550998210907,0.3693639636039734,0.2714173197746277,0.92,1,0.33490076661109924
half,202,97,1.0,0.5,28,1,1,success,28,5.622681695967913,0.1244329884648323,0.07110637426376343,0.86,1,0.1763734221458435
half,202,97,1.0,0.5,29,1,1,success,42,17.438283190131187,0.28903311491012573,0.1584286242723465,0.92,1,0.2853391170501709
half,202,97,1.0,0.5,30,1,1,success,36,9.205203503370285,0.200333833694458,0.12572306394577026,0.92,1,0.23504021763801575
half,202,97,1.0,0.5,31,0,0,goal_not_reached_at_end,,27.303261682391167,0.3397332429885864,0.2100745439529419,0.92,1,0.31509849429130554
half,202,97,2.0,0.5,0,1,1,success,43,14.299850910902023,0.2584990859031677,0.1324075311422348,0.78,1,0.2151191681623459
half,202,97,2.0,0.5,1,1,1,success,28,11.790729127824306,0.11875168234109879,0.06986464560031891,0.92,1,0.20022204518318176
half,202,97,2.0,0.5,2,1,1,success,14,11.986673809587955,0.12235632538795471,0.08772562444210052,0.94,1,0.07425834983587265
half,202,97,2.0,0.5,3,1,1,success,17,9.4881197437644,0.030140461400151253,0.019642911851406097,0.92,1,0.05664841830730438
half,202,97,2.0,0.5,4,0,0,placed_nonstatic,,19.996464252471924,0.579772412776947,0.3160669505596161,0.8,1,0.33025991916656494
half,202,97,2.0,0.5,5,1,1,success,36,7.187928073108196,0.2353096753358841,0.12125621736049652,0.92,1,0.25324547290802
half,202,97,2.0,0.5,6,1,1,success,22,9.37635637819767,0.05367421358823776,0.03772442042827606,0.8,1,0.041170209646224976
half,202,97,2.0,0.5,7,1,1,success,42,5.269167013466358,0.28987792134284973,0.16427220404148102,0.88,1,0.2586113214492798
half,202,97,2.0,0.5,8,1,1,success,30,12.391812168061733,0.13472257554531097,0.07693201303482056,0.92,1,0.19715818762779236
half,202,97,2.0,0.5,9,1,1,success,21,15.647293999791145,0.0810876116156578,0.05607160925865173,0.92,1,0.06762634217739105
half,202,97,2.0,0.5,10,1,1,success,23,6.792255211621523,0.11721771210432053,0.06623350828886032,0.9,1,0.16190823912620544
half,202,97,2.0,0.5,11,0,1,left_after_success,9,95.96401453018188,0.6703529953956604,0.37880656123161316,0.7,4,0.019925886765122414
half,202,97,2.0,0.5,12,1,1,success,34,8.920565247535706,0.14150063693523407,0.09135054796934128,0.8,1,0.2050618827342987
half,202,97,2.0,0.5,13,1,1,success,40,5.0864615477621555,0.16467557847499847,0.08022597432136536,0.78,1,0.19973379373550415
half,202,97,2.0,0.5,14,1,1,success,48,10.742279700934887,0.36926278471946716,0.19256745278835297,0.94,1,0.304135262966156
half,202,97,2.0,0.5,15,1,1,success,13,10.003902018070221,0.06095517799258232,0.04936550557613373,0.82,1,0.03953619673848152
half,202,97,2.0,0.5,16,0,0,placed_nonstatic,,21.952735260128975,0.42842626571655273,0.23993229866027832,0.84,1,0.312722772359848
half,202,97,2.0,0.5,17,1,1,success,27,12.74455152451992,0.12057361006736755,0.06740220636129379,0.9,1,0.18625615537166595
half,202,97,2.0,0.5,18,1,1,success,35,7.215839810669422,0.18566687405109406,0.10495895892381668,0.9,1,0.22788363695144653
half,202,97,2.0,0.5,19,1,1,success,24,17.9807897657156,0.08375551551580429,0.03978388383984566,0.88,1,0.1407252997159958
half,202,97,2.0,0.5,20,1,1,success,33,6.4664543606340885,0.14693813025951385,0.07884236425161362,0.82,1,0.1651938110589981
half,202,97,2.0,0.5,21,1,1,success,13,11.170323006808758,0.09037067741155624,0.05422777682542801,0.94,1,0.12726344168186188
half,202,97,2.0,0.5,22,1,1,success,38,10.387749411165714,0.22457054257392883,0.1304711550474167,0.86,1,0.254676878452301
half,202,97,2.0,0.5,23,1,1,success,15,1.8815549556165934,0.13346156477928162,0.06067824736237526,0.92,1,0.15210892260074615
half,202,97,2.0,0.5,24,1,1,success,13,4.443795420229435,0.07499133795499802,0.043295878916978836,0.86,1,0.08335183560848236
half,202,97,2.0,0.5,25,1,1,success,27,6.370453163981438,0.13371577858924866,0.06631756573915482,0.88,1,0.18088863790035248
half,202,97,2.0,0.5,26,1,1,success,20,4.878380801528692,0.07923618704080582,0.062021926045417786,0.82,1,0.08871252834796906
half,202,97,2.0,0.5,27,0,0,goal_not_reached_at_end,,35.28435528278351,0.3720771372318268,0.2714505195617676,0.92,1,0.3332063853740692
half,202,97,2.0,0.5,28,1,1,success,28,6.313099525868893,0.12424974888563156,0.07190454006195068,0.86,1,0.1745366007089615
half,202,97,2.0,0.5,29,1,1,success,42,16.87788777053356,0.287339985370636,0.15730224549770355,0.92,1,0.2846555709838867
half,202,97,2.0,0.5,30,1,1,success,36,8.540255948901176,0.1981801986694336,0.12302204966545105,0.92,1,0.23441824316978455
half,202,97,2.0,0.5,31,0,0,goal_not_reached_at_end,,25.45989118516445,0.341695636510849,0.20921725034713745,0.92,1,0.31337815523147583
half,202,195,1.0,1.0,0,1,1,success,30,10.33260952681303,0.0459376759827137,0.02805919758975506,0.78,1,0.23460908234119415
half,202,195,1.0,1.0,1,1,1,success,14,12.575809843838215,0.05787048861384392,0.03226577863097191,0.92,1,0.21590861678123474
half,202,195,1.0,1.0,2,1,1,success,10,7.829394191503525,0.06809691339731216,0.05203558877110481,0.94,1,0.09309929609298706
half,202,195,1.0,1.0,3,1,1,success,18,9.920029900968075,0.057765886187553406,0.040100790560245514,0.92,1,0.054072581231594086
half,202,195,1.0,1.0,4,1,1,success,32,10.869868099689484,0.06772307306528091,0.03518069162964821,0.8,1,0.31361207365989685
half,202,195,1.0,1.0,5,1,1,success,13,12.047435157001019,0.07513129711151123,0.04975388944149017,0.92,1,0.2578713595867157
half,202,195,1.0,1.0,6,1,1,success,20,11.084775440394878,0.04641247168183327,0.030184391885995865,0.8,1,0.0432535745203495
half,202,195,1.0,1.0,7,1,1,success,22,12.655137106776237,0.05738792195916176,0.03107416443526745,0.88,1,0.26929405331611633
half,202,195,1.0,1.0,8,1,1,success,14,11.490074917674065,0.059953995048999786,0.03869247809052467,0.92,1,0.21093294024467468
half,202,195,1.0,1.0,9,1,1,success,19,6.485139485448599,0.06570287048816681,0.04457034915685654,0.92,1,0.05773525685071945
half,202,195,1.0,1.0,10,1,1,success,12,8.070548065006733,0.048972368240356445,0.030419323593378067,0.9,1,0.1659373641014099
half,202,195,1.0,1.0,11,1,1,success,12,10.014617815613747,0.04754086211323738,0.029687054455280304,0.92,1,0.034655194729566574
half,202,195,1.0,1.0,12,1,1,success,21,18.38025636970997,0.047092288732528687,0.03026469051837921,0.82,1,0.21544964611530304
half,202,195,1.0,1.0,13,1,1,success,28,9.994260035455227,0.07306873798370361,0.05008731782436371,0.8,1,0.20967483520507812
half,202,195,1.0,1.0,14,1,1,success,19,8.745713159441948,0.09129999577999115,0.05885376036167145,0.94,1,0.29550400376319885
half,202,195,1.0,1.0,15,1,1,success,13,9.680220857262611,0.06392708420753479,0.05562116950750351,0.82,1,0.0355268195271492
half,202,195,1.0,1.0,16,1,1,success,20,16.29319041967392,0.06055232137441635,0.03141169995069504,0.84,1,0.3082539141178131
half,202,195,1.0,1.0,17,1,1,success,16,13.304684311151505,0.03800155967473984,0.025555964559316635,0.9,1,0.2035650908946991
half,202,195,1.0,1.0,18,1,1,success,14,12.881757691502571,0.07714463770389557,0.050408750772476196,0.9,1,0.24231134355068207
half,202,195,1.0,1.0,19,1,1,success,16,9.650902822613716,0.04564199596643448,0.028567833825945854,0.88,1,0.16442683339118958
half,202,195,1.0,1.0,20,1,1,success,22,8.568311110138893,0.05767340585589409,0.03705083206295967,0.84,1,0.17022766172885895
half,202,195,1.0,1.0,21,1,1,success,9,12.662265449762344,0.05774163827300072,0.03966332972049713,0.94,1,0.14309003949165344
half,202,195,1.0,1.0,22,1,1,success,19,17.180675640702248,0.04642472416162491,0.030010651797056198,0.88,1,0.2625294625759125
half,202,195,1.0,1.0,23,1,1,success,11,11.476312763988972,0.06782402843236923,0.038938265293836594,0.92,1,0.1555185168981552
half,202,195,1.0,1.0,24,1,1,success,12,11.989971622824669,0.07915668189525604,0.06218922138214111,0.86,1,0.08189782500267029
half,202,195,1.0,1.0,25,1,1,success,14,10.812338441610336,0.051166705787181854,0.03156932070851326,0.88,1,0.1918332427740097
half,202,195,1.0,1.0,26,1,1,success,17,5.458074156194925,0.044533416628837585,0.02899031527340412,0.82,1,0.0926840528845787
half,202,195,1.0,1.0,27,1,1,success,16,18.191402778029442,0.09655188024044037,0.07412969321012497,0.92,1,0.32182133197784424
half,202,195,1.0,1.0,28,1,1,success,15,14.109593816101551,0.0564129538834095,0.028157614171504974,0.86,1,0.1910029500722885
half,202,195,1.0,1.0,29,1,1,success,19,15.803122892975807,0.04400600865483284,0.02964707836508751,0.92,1,0.2809993028640747
half,202,195,1.0,1.0,30,1,1,success,13,23.83042313158512,0.06872602552175522,0.04010574892163277,0.92,1,0.2483367621898651
half,202,195,1.0,1.0,31,1,1,success,14,20.616989582777023,0.06793399900197983,0.04430723562836647,0.92,1,0.3098088204860687
half,202,195,2.0,1.0,0,1,1,success,30,11.03612408041954,0.04901641234755516,0.028185803443193436,0.78,1,0.2349230945110321
half,202,195,2.0,1.0,1,1,1,success,14,11.724456213414669,0.06318231672048569,0.03786561265587807,0.92,1,0.2149091213941574
half,202,195,2.0,1.0,2,1,1,success,11,6.857526488602161,0.09425384551286697,0.07450778037309647,0.9,1,0.09130346775054932
half,202,195,2.0,1.0,3,1,1,success,18,9.633751586079597,0.05865555256605148,0.037398919463157654,0.92,1,0.05389446020126343
half,202,195,2.0,1.0,4,1,1,success,32,12.267705984413624,0.07354051619768143,0.03705983981490135,0.8,1,0.3114425837993622
half,202,195,2.0,1.0,5,1,1,success,13,11.324233375489712,0.08535510301589966,0.06080591678619385,0.92,1,0.25699517130851746
half,202,195,2.0,1.0,6,1,1,success,20,10.286014527082443,0.046193476766347885,0.032968148589134216,0.8,1,0.04231902211904526
half,202,195,2.0,1.0,7,1,1,success,22,11.635600589215755,0.06392119079828262,0.03675879165530205,0.88,1,0.2682849168777466
half,202,195,2.0,1.0,8,1,1,success,14,10.240236297249794,0.06621918082237244,0.044275712221860886,0.92,1,0.20931895077228546
half,202,195,2.0,1.0,9,1,1,success,19,6.599700078368187,0.06796460598707199,0.04259110987186432,0.92,1,0.056849587708711624
half,202,195,2.0,1.0,10,1,1,success,12,8.335117250680923,0.053972285240888596,0.030897174030542374,0.9,1,0.16532158851623535
half,202,195,2.0,1.0,11,1,1,success,13,10.51594503223896,0.050732411444187164,0.027924373745918274,0.92,1,0.03480891138315201
half,202,195,2.0,1.0,12,1,1,success,21,17.9144274443388,0.05059663578867912,0.030493080615997314,0.82,1,0.21491298079490662
half,202,195,2.0,1.0,13,1,1,success,28,9.5531539991498,0.08314354717731476,0.061611391603946686,0.8,1,0.20905056595802307
half,202,195,2.0,1.0,14,1,1,success,19,8.49329587072134,0.09883401542901993,0.06176427751779556,0.94,1,0.29277217388153076
half,202,195,2.0,1.0,15,1,1,success,13,10.912074707448483,0.05736493691802025,0.04878850281238556,0.82,1,0.03872615098953247
half,202,195,2.0,1.0,16,1,1,success,20,15.291602350771427,0.0654819905757904,0.03594626113772392,0.84,1,0.3069019913673401
half,202,195,2.0,1.0,17,1,1,success,16,12.342652305960655,0.038952335715293884,0.02573525346815586,0.9,1,0.20259597897529602
half,202,195,2.0,1.0,18,1,1,success,14,12.090574949979782,0.08716562390327454,0.062182553112506866,0.9,1,0.24155260622501373
half,202,195,2.0,1.0,19,1,1,success,16,8.780823089182377,0.04542245343327522,0.028489062562584877,0.88,1,0.16353920102119446
half,202,195,2.0,1.0,20,1,1,success,22,7.350456435233355,0.06282561272382736,0.03626221418380737,0.84,1,0.1690557301044464
half,202,195,2.0,1.0,21,1,1,success,9,13.889428228139877,0.060365863144397736,0.037462737411260605,0.94,1,0.1435166597366333
half,202,195,2.0,1.0,22,1,1,success,19,16.250064596533775,0.05454464629292488,0.04089323431253433,0.88,1,0.2614801526069641
half,202,195,2.0,1.0,23,1,1,success,11,11.377289891242981,0.07159801572561264,0.04425246641039848,0.92,1,0.15417182445526123
half,202,195,2.0,1.0,24,1,1,success,12,11.468830518424511,0.07795987278223038,0.06113769859075546,0.86,1,0.08107585459947586
half,202,195,2.0,1.0,25,1,1,success,14,10.281956754624844,0.05434725433588028,0.036307357251644135,0.88,1,0.19009166955947876
half,202,195,2.0,1.0,26,1,1,success,17,5.208502523601055,0.04868500307202339,0.029416337609291077,0.82,1,0.09242603927850723
half,202,195,2.0,1.0,27,1,1,success,16,17.561590299010277,0.0988992229104042,0.07887107133865356,0.92,1,0.3209507465362549
half,202,195,2.0,1.0,28,1,1,success,15,13.103070668876171,0.06121060252189636,0.029677659273147583,0.86,1,0.1899053007364273
half,202,195,2.0,1.0,29,1,1,success,19,15.397724695503712,0.054850634187459946,0.041403040289878845,0.92,1,0.28020474314689636
half,202,195,2.0,1.0,30,1,1,success,13,22.483037784695625,0.07518114894628525,0.04247396066784859,0.92,1,0.2466275840997696
half,202,195,2.0,1.0,31,1,1,success,14,19.581835716962814,0.07034001499414444,0.048056378960609436,0.92,1,0.30806753039360046
half,202,195,1.0,0.5,0,1,1,success,30,14.714792370796204,0.05578754097223282,0.03378687798976898,0.78,1,0.2390519380569458
half,202,195,1.0,0.5,1,1,1,success,14,13.062980026006699,0.05157821252942085,0.03378298878669739,0.92,1,0.21689078211784363
half,202,195,1.0,0.5,2,1,1,success,10,7.896769791841507,0.06837110966444016,0.0521540604531765,0.94,1,0.09306327253580093
half,202,195,1.0,0.5,3,1,1,success,18,10.058462619781494,0.057565681636333466,0.04021737724542618,0.92,1,0.05426257103681564
half,202,195,1.0,0.5,4,1,1,success,32,10.293941013514996,0.06730631738901138,0.03462601453065872,0.8,1,0.3141728341579437
half,202,195,1.0,0.5,5,1,1,success,13,11.941581964492798,0.07486818730831146,0.04988551884889603,0.92,1,0.2577848732471466
half,202,195,1.0,0.5,6,1,1,success,20,10.922649875283241,0.03855158016085625,0.02897956594824791,0.8,1,0.042974550276994705
half,202,195,1.0,0.5,7,1,1,success,22,12.597908265888691,0.057305894792079926,0.031149059534072876,0.88,1,0.2692849934101105
half,202,195,1.0,0.5,8,1,1,success,14,11.656045913696289,0.059425923973321915,0.037933651357889175,0.92,1,0.2109793871641159
half,202,195,1.0,0.5,9,1,1,success,19,6.543177179992199,0.06538120657205582,0.04425492510199547,0.92,1,0.05781207233667374
half,202,195,1.0,0.5,10,1,1,success,12,8.410478010773659,0.04891477897763252,0.030315415933728218,0.9,1,0.16586700081825256
half,202,195,1.0,0.5,11,1,1,success,12,10.129990987479687,0.04718470200896263,0.02944725565612316,0.92,1,0.03509516268968582
half,202,195,1.0,0.5,12,1,1,success,21,18.563134595751762,0.04709204286336899,0.029973134398460388,0.82,1,0.2155006229877472
half,202,195,1.0,0.5,13,1,1,success,28,10.084772482514381,0.07394272834062576,0.051603201776742935,0.8,1,0.2097708135843277
half,202,195,1.0,0.5,14,1,1,success,19,8.82546417415142,0.09143082052469254,0.059205710887908936,0.94,1,0.2958909273147583
half,202,195,1.0,0.5,15,1,1,success,13,9.392491541802883,0.06421680748462677,0.05420346558094025,0.82,1,0.03561342507600784
half,202,195,1.0,0.5,16,1,1,success,20,17.003191635012627,0.06052134186029434,0.03187686949968338,0.84,1,0.30894333124160767
half,202,195,1.0,0.5,17,1,1,success,16,13.041924685239792,0.03672020137310028,0.025629648938775063,0.9,1,0.20344893634319305
half,202,195,1.0,0.5,18,1,1,success,14,13.020758517086506,0.07745308429002762,0.050802748650312424,0.9,1,0.24243678152561188
half,202,195,1.0,0.5,19,1,1,success,16,9.624883532524109,0.04527026414871216,0.02845192886888981,0.88,1,0.16440097987651825
half,202,195,1.0,0.5,20,1,1,success,22,9.934183210134506,0.056575700640678406,0.037480127066373825,0.84,1,0.17156092822551727
half,202,195,1.0,0.5,21,1,1,success,9,12.89134006947279,0.057254597544670105,0.03895645588636398,0.94,1,0.14319674670696259
half,202,195,1.0,0.5,22,1,1,success,19,16.837719827890396,0.04290879890322685,0.02463671937584877,0.88,1,0.26226383447647095
half,202,195,1.0,0.5,23,1,1,success,11,11.957203969359398,0.06544597446918488,0.03988531976938248,0.92,1,0.15524713695049286
half,202,195,1.0,0.5,24,1,1,success,12,12.009963393211365,0.07928135246038437,0.06211487948894501,0.86,1,0.08178284019231796
half,202,195,1.0,0.5,25,1,1,success,14,10.931799188256264,0.051975496113300323,0.03220207616686821,0.88,1,0.1919378787279129
half,202,195,1.0,0.5,26,1,1,success,17,4.887687042355537,0.044627152383327484,0.028883526101708412,0.82,1,0.09246776252985
half,202,195,1.0,0.5,27,1,1,success,16,17.183488234877586,0.09102915972471237,0.06866109371185303,0.92,1,0.3204362988471985
half,202,195,1.0,0.5,28,1,1,success,15,14.20978456735611,0.056092482060194016,0.027137141674757004,0.86,1,0.19095991551876068
half,202,195,1.0,0.5,29,1,1,success,19,15.728665515780449,0.043550100177526474,0.029271051287651062,0.92,1,0.28099656105041504
half,202,195,1.0,0.5,30,1,1,success,13,23.93196150660515,0.0685141310095787,0.04022477567195892,0.92,1,0.24833354353904724
half,202,195,1.0,0.5,31,1,1,success,14,20.45128121972084,0.06930303573608398,0.04618636146187782,0.92,1,0.30932924151420593
half,202,195,2.0,0.5,0,1,1,success,30,5.900805816054344,0.04513784497976303,0.02653401717543602,0.78,1,0.22825327515602112
half,202,195,2.0,0.5,1,1,1,success,14,11.62995770573616,0.0641917884349823,0.04019031673669815,0.92,1,0.21487902104854584
half,202,195,2.0,0.5,2,1,1,success,11,8.150323294103146,0.06003671884536743,0.037324193865060806,0.9,1,0.09246031939983368
half,202,195,2.0,0.5,3,1,1,success,18,9.722258895635605,0.057849906384944916,0.037662312388420105,0.92,1,0.053981851786375046
half,202,195,2.0,0.5,4,1,1,success,32,11.806866154074669,0.07312856614589691,0.036537885665893555,0.8,1,0.3118877708911896
half,202,195,2.0,0.5,5,1,1,success,13,11.510374955832958,0.08476059138774872,0.061320338398218155,0.92,1,0.2571547031402588
half,202,195,2.0,0.5,6,1,1,success,20,10.253353044390678,0.04339039325714111,0.028992732986807823,0.8,1,0.042291123420000076
half,202,195,2.0,0.5,7,1,1,success,22,11.816324666142464,0.06344834715127945,0.03613521158695221,0.88,1,0.2685650885105133
half,202,195,2.0,0.5,8,1,1,success,14,10.951529256999493,0.06479994207620621,0.043134186416864395,0.92,1,0.20979100465774536
half,202,195,2.0,0.5,9,1,1,success,19,6.98501244187355,0.06749829649925232,0.042301878333091736,0.92,1,0.05719125270843506
half,202,195,2.0,0.5,10,1,1,success,12,8.540604263544083,0.05367899313569069,0.03084336407482624,0.9,1,0.16526123881340027
half,202,195,2.0,0.5,11,1,1,success,12,10.298104025423527,0.052556026726961136,0.028349904343485832,0.92,1,0.03535913676023483
half,202,195,2.0,0.5,12,1,1,success,21,17.34849251806736,0.04932910203933716,0.029360061511397362,0.82,1,0.21441781520843506
half,202,195,2.0,0.5,13,1,1,success,28,9.408008307218552,0.08295371383428574,0.06150005757808685,0.8,1,0.20888502895832062
half,202,195,2.0,0.5,14,1,1,success,19,8.41919332742691,0.09910248965024948,0.06189868599176407,0.94,1,0.2920989990234375
half,202,195,2.0,0.5,15,1,1,success,13,10.021409019827843,0.05895528197288513,0.050789475440979004,0.82,1,0.037246741354465485
half,202,195,2.0,0.5,16,1,1,success,20,15.773512423038483,0.0651509240269661,0.03583976998925209,0.84,1,0.30740270018577576
half,202,195,2.0,0.5,17,1,1,success,16,12.129639275372028,0.037029825150966644,0.02568388171494007,0.9,1,0.20247700810432434
half,202,195,2.0,0.5,18,1,1,success,14,12.236025184392929,0.08735214173793793,0.06242920830845833,0.9,1,0.24167239665985107
half,202,195,2.0,0.5,19,1,1,success,16,8.773701265454292,0.04480212926864624,0.028456158936023712,0.88,1,0.16353139281272888
half,202,195,2.0,0.5,20,1,1,success,22,9.041909128427505,0.061302147805690765,0.03708286210894585,0.84,1,0.17068393528461456
half,202,195,2.0,0.5,21,1,1,success,9,13.778641819953918,0.06232553720474243,0.038040123879909515,0.94,1,0.1433894783258438
half,202,195,2.0,0.5,22,1,1,success,19,16.204047948122025,0.05065102130174637,0.0351872444152832,0.88,1,0.26150214672088623
half,202,195,2.0,0.5,23,1,1,success,11,11.725056916475296,0.06874586641788483,0.044526129961013794,0.92,1,0.15401369333267212
half,202,195,2.0,0.5,24,1,1,success,12,11.65070291608572,0.0779639407992363,0.06134417653083801,0.86,1,0.08098490536212921
half,202,195,2.0,0.5,25,1,1,success,14,10.391635820269585,0.05463619530200958,0.03568568453192711,0.88,1,0.19031170010566711
half,202,195,2.0,0.5,26,1,1,success,17,4.54540504142642,0.04930316284298897,0.029498498886823654,0.82,1,0.09218167513608932
half,202,195,2.0,0.5,27,1,1,success,16,16.93699322640896,0.09554529935121536,0.07529065012931824,0.92,1,0.3200644552707672
half,202,195,2.0,0.5,28,1,1,success,15,13.339074328541756,0.05995585769414902,0.029156191274523735,0.86,1,0.18995031714439392
half,202,195,2.0,0.5,29,1,1,success,19,14.90995567291975,0.04835657775402069,0.03727465867996216,0.92,1,0.27927517890930176
half,202,195,2.0,0.5,30,1,1,success,13,22.32436276972294,0.0743464007973671,0.04155757278203964,0.92,1,0.2464941442012787
half,202,195,2.0,0.5,31,1,1,success,14,19.626552239060402,0.070948526263237,0.048600707203149796,0.92,1,0.30793601274490356
half,303,97,1.0,1.0,0,0,0,goal_not_reached_at_end,,80.82500100135803,0.2723817527294159,0.17442862689495087,0.78,1,0.15367922186851501
half,303,97,1.0,1.0,1,0,0,goal_not_reached_at_end,,68.82172077894211,0.2786947190761566,0.1615692675113678,0.92,1,0.14533445239067078
half,303,97,1.0,1.0,2,1,1,success,18,15.95374383032322,0.16207268834114075,0.09087853133678436,0.94,1,0.09528642147779465
half,303,97,1.0,1.0,3,0,1,left_after_success,17,53.4965880215168,0.2226954996585846,0.15960204601287842,0.92,1,0.10256058722734451
half,303,97,1.0,1.0,4,0,0,goal_not_reached_at_end,,139.05936479568481,0.3262448310852051,0.2000456601381302,0.8,1,0.1857965588569641
half,303,97,1.0,1.0,5,0,0,goal_not_reached_at_end,,89.19727057218552,0.33001554012298584,0.18378129601478577,0.92,1,0.16991299390792847
half,303,97,1.0,1.0,6,0,0,goal_not_reached_at_end,,48.85052889585495,0.11884408444166183,0.07543573528528214,0.8,1,0.08104245364665985
half,303,97,1.0,1.0,7,0,0,goal_not_reached_at_end,,101.69882327318192,0.31409722566604614,0.19010654091835022,0.88,1,0.16330136358737946
half,303,97,1.0,1.0,8,0,0,goal_not_reached_at_end,,196.8117356300354,0.2593110501766205,0.22371330857276917,0.72,7,0.020380904898047447
half,303,97,1.0,1.0,9,0,1,left_after_success,18,46.291615813970566,0.21907581388950348,0.15312471985816956,0.92,1,0.09897799789905548
half,303,97,1.0,1.0,10,0,0,goal_not_reached_at_end,,28.69427017867565,0.2835705578327179,0.17660051584243774,0.9,1,0.13681723177433014
half,303,97,1.0,1.0,11,0,0,goal_not_reached_at_end,,57.9083114862442,0.15207944810390472,0.09871803224086761,0.92,1,0.08672194182872772
half,303,97,1.0,1.0,12,0,0,goal_not_reached_at_end,,56.70396238565445,0.25031810998916626,0.14955471456050873,0.8,1,0.15386004745960236
half,303,97,1.0,1.0,13,0,0,goal_not_reached_at_end,,57.51040205359459,0.2423761785030365,0.14653289318084717,0.8,1,0.1479850709438324
half,303,97,1.0,1.0,14,0,0,goal_not_reached_at_end,,146.96557819843292,0.3591224253177643,0.2191334366798401,0.94,1,0.1550658643245697
half,303,97,1.0,1.0,15,0,0,goal_not_reached_at_end,,62.17823177576065,0.11874769628047943,0.06609277427196503,0.82,1,0.0922945961356163
half,303,97,1.0,1.0,16,0,0,goal_not_reached_at_end,,158.40287506580353,0.28161659836769104,0.18838411569595337,0.84,1,0.14031125605106354
half,303,97,1.0,1.0,17,0,0,goal_not_reached_at_end,,57.50605836510658,0.2510131001472473,0.1468989998102188,0.9,1,0.14580081403255463
half,303,97,1.0,1.0,18,0,0,goal_not_reached_at_end,,84.00887995958328,0.37218695878982544,0.1920856088399887,0.9,1,0.15412496030330658
half,303,97,1.0,1.0,19,0,0,goal_not_reached_at_end,,33.71218219399452,0.23674097657203674,0.1301761269569397,0.88,1,0.13080120086669922
half,303,97,1.0,1.0,20,1,1,success,46,19.535189494490623,0.25662702322006226,0.1406843662261963,0.82,1,0.1474848836660385
half,303,97,1.0,1.0,21,1,1,success,48,22.996770218014717,0.24666178226470947,0.13532601296901703,0.94,1,0.11836723983287811
half,303,97,1.0,1.0,22,0,0,goal_not_reached_at_end,,88.90745043754578,0.30419009923934937,0.1715865433216095,0.88,1,0.1691877543926239
half,303,97,1.0,1.0,23,0,0,goal_not_reached_at_end,,25.112183764576912,0.2301071137189865,0.13669686019420624,0.9,1,0.14484623074531555
half,303,97,1.0,1.0,24,1,1,success,19,16.108117997646332,0.20518136024475098,0.12194561213254929,0.86,1,0.09571651369333267
half,303,97,1.0,1.0,25,0,0,goal_not_reached_at_end,,52.25821956992149,0.27499544620513916,0.16713790595531464,0.9,1,0.14946264028549194
half,303,97,1.0,1.0,26,1,1,success,24,16.232172027230263,0.16839048266410828,0.0941164568066597,0.82,1,0.10090871155261993
half,303,97,1.0,1.0,27,0,0,goal_not_reached_at_end,,119.83569711446762,0.3187972605228424,0.20819509029388428,0.9,1,0.19964897632598877
half,303,97,1.0,1.0,28,0,0,goal_not_reached_at_end,,37.948887795209885,0.2673889994621277,0.14980724453926086,0.86,1,0.1543537974357605
half,303,97,1.0,1.0,29,0,0,goal_not_reached_at_end,,107.51718282699585,0.30840614438056946,0.17968839406967163,0.92,1,0.1697191596031189
half,303,97,1.0,1.0,30,0,0,goal_not_reached_at_end,,84.63753759860992,0.3118967115879059,0.17327256500720978,0.92,1,0.1519942283630371
half,303,97,1.0,1.0,31,0,0,goal_not_reached_at_end,,107.38414525985718,0.3181377649307251,0.21232293546199799,0.92,1,0.19994457066059113
half,303,97,2.0,1.0,0,0,0,goal_not_reached_at_end,,81.06149733066559,0.2769160270690918,0.1772894263267517,0.78,1,0.1537928581237793
half,303,97,2.0,1.0,1,0,0,goal_not_reached_at_end,,70.2652558684349,0.27883586287498474,0.16307228803634644,0.92,1,0.1438218504190445
half,303,97,2.0,1.0,2,1,1,success,22,14.664157293736935,0.1647546887397766,0.09279097616672516,0.94,1,0.09173007309436798
half,303,97,2.0,1.0,3,0,1,left_after_success,18,52.96380817890167,0.24258701503276825,0.17752701044082642,0.92,1,0.10202695429325104
half,303,97,2.0,1.0,4,0,0,goal_not_reached_at_end,,139.70446586608887,0.3214099407196045,0.19861716032028198,0.8,1,0.185025155544281
half,303,97,2.0,1.0,5,0,0,goal_not_reached_at_end,,89.48541432619095,0.3376924395561218,0.18710018694400787,0.92,1,0.16976787149906158
half,303,97,2.0,1.0,6,0,0,goal_not_reached_at_end,,47.04761505126953,0.12002116441726685,0.07685070484876633,0.8,1,0.07919034361839294
half,303,97,2.0,1.0,7,0,0,goal_not_reached_at_end,,102.4179756641388,0.31426090002059937,0.1906215101480484,0.88,1,0.162435382604599
half,303,97,2.0,1.0,8,0,0,goal_not_reached_at_end,,82.41726458072662,0.2911694645881653,0.16906052827835083,0.92,1,0.12136545032262802
half,303,97,2.0,1.0,9,0,1,left_after_success,19,46.65609076619148,0.22920145094394684,0.16335824131965637,0.92,1,0.09951793402433395
half,303,97,2.0,1.0,10,0,0,goal_not_reached_at_end,,31.268034130334854,0.2947700619697571,0.188918799161911,0.9,1,0.1338130384683609
half,303,97,2.0,1.0,11,0,0,goal_not_reached_at_end,,59.68618392944336,0.16133670508861542,0.10807386040687561,0.92,1,0.08859263360500336
half,303,97,2.0,1.0,12,0,0,goal_not_reached_at_end,,57.08266794681549,0.24730351567268372,0.14837446808815002,0.8,1,0.15360616147518158
half,303,97,2.0,1.0,13,0,0,goal_not_reached_at_end,,112.55446076393127,0.42717671394348145,0.24485525488853455,0.72,3,0.09832106530666351
half,303,97,2.0,1.0,14,0,0,goal_not_reached_at_end,,172.5388616323471,0.3510206639766693,0.2426951825618744,0.94,1,0.12582218647003174
half,303,97,2.0,1.0,15,0,0,goal_not_reached_at_end,,59.80714038014412,0.12253321707248688,0.0686737522482872,0.82,1,0.08991921693086624
half,303,97,2.0,1.0,16,0,0,goal_not_reached_at_end,,158.44962000846863,0.2845202386379242,0.19170458614826202,0.84,1,0.14041440188884735
half,303,97,2.0,1.0,17,0,0,goal_not_reached_at_end,,58.991141617298126,0.25478318333625793,0.1488448530435562,0.9,1,0.14409086108207703
half,303,97,2.0,1.0,18,0,0,goal_not_reached_at_end,,85.83976328372955,0.3796728253364563,0.1915031522512436,0.9,1,0.15170112252235413
half,303,97,2.0,1.0,19,0,0,goal_not_reached_at_end,,36.25774011015892,0.2428281605243683,0.13321267068386078,0.88,1,0.12799374759197235
half,303,97,2.0,1.0,20,1,1,success,47,20.4843208193779,0.2590343654155731,0.13949225842952728,0.82,1,0.14575520157814026
half,303,97,2.0,1.0,21,1,1,success,50,24.316556751728058,0.24644476175308228,0.13844014704227448,0.94,1,0.11697724461555481
half,303,97,2.0,1.0,22,0,0,goal_not_reached_at_end,,91.46435558795929,0.3088160455226898,0.17221006751060486,0.88,1,0.16645577549934387
half,303,97,2.0,1.0,23,1,1,success,42,23.933429270982742,0.2295362949371338,0.13598865270614624,0.9,1,0.14934924244880676
half,303,97,2.0,1.0,24,1,1,success,21,15.315770171582699,0.2087303251028061,0.12508590519428253,0.86,1,0.09480113536119461
half,303,97,2.0,1.0,25,0,0,goal_not_reached_at_end,,52.86604166030884,0.274929016828537,0.16719406843185425,0.9,1,0.1489570587873459
half,303,97,2.0,1.0,26,1,1,success,27,13.42474389821291,0.1764688938856125,0.10110419243574142,0.82,1,0.09711252152919769
half,303,97,2.0,1.0,27,0,0,goal_not_reached_at_end,,122.24405258893967,0.31679242849349976,0.20713746547698975,0.9,1,0.19657273590564728
half,303,97,2.0,1.0,28,0,0,goal_not_reached_at_end,,39.20256718993187,0.2668875455856323,0.1509220153093338,0.86,1,0.1528860479593277
half,303,97,2.0,1.0,29,0,0,goal_not_reached_at_end,,109.02714729309082,0.3142841160297394,0.18168382346630096,0.92,1,0.1682003140449524
half,303,97,2.0,1.0,30,0,0,goal_not_reached_at_end,,84.5138281583786,0.31532570719718933,0.1758807897567749,0.92,1,0.15184031426906586
half,303,97,2.0,1.0,31,0,0,goal_not_reached_at_end,,106.30220919847488,0.3213890492916107,0.21653832495212555,0.92,1,0.20152713358402252
half,303,97,1.0,0.5,0,0,0,goal_not_reached_at_end,,77.07130163908005,0.280416339635849,0.1764030158519745,0.78,1,0.15811055898666382
half,303,97,1.0,0.5,1,0,0,goal_not_reached_at_end,,68.87441128492355,0.2793813943862915,0.16171753406524658,0.92,1,0.1452701985836029
half,303,97,1.0,0.5,2,1,1,success,18,16.259603202342987,0.16245318949222565,0.09124693274497986,0.94,1,0.09586985409259796
half,303,97,1.0,0.5,3,0,1,left_after_success,16,54.66105788946152,0.2237418293952942,0.16047415137290955,0.92,1,0.10371844470500946
half,303,97,1.0,0.5,4,0,0,goal_not_reached_at_end,,137.0043307542801,0.32859763503074646,0.2019808143377304,0.8,1,0.18795929849147797
half,303,97,1.0,0.5,5,0,0,goal_not_reached_at_end,,89.25633132457733,0.32849204540252686,0.18283711373806,0.92,1,0.16972476243972778
half,303,97,1.0,0.5,6,0,0,goal_not_reached_at_end,,48.786066472530365,0.11665376275777817,0.07702455669641495,0.8,1,0.08098762482404709
half,303,97,1.0,0.5,7,0,0,goal_not_reached_at_end,,101.54097527265549,0.3118923008441925,0.1892898678779602,0.88,1,0.16346153616905212
half,303,97,1.0,0.5,8,0,0,goal_not_reached_at_end,,206.952765583992,0.3958096206188202,0.2677083909511566,0.68,5,0.020210489630699158
half,303,97,1.0,0.5,9,0,1,left_after_success,18,46.9646081328392,0.2212153673171997,0.15541787445545197,0.92,1,0.09968700259923935
half,303,97,1.0,0.5,10,1,1,success,50,23.611584678292274,0.29179665446281433,0.18425814807415009,0.9,1,0.14230631291866302
half,303,97,1.0,0.5,11,0,0,goal_not_reached_at_end,,60.76604127883911,0.1567031294107437,0.09595191478729248,0.92,1,0.08914230763912201
half,303,97,1.0,0.5,12,0,0,goal_not_reached_at_end,,53.38553339242935,0.2521497905254364,0.14981822669506073,0.8,1,0.15775291621685028
half,303,97,1.0,0.5,13,0,0,goal_not_reached_at_end,,57.7857680618763,0.24150829017162323,0.14572060108184814,0.8,1,0.1477707177400589
half,303,97,1.0,0.5,14,0,0,goal_not_reached_at_end,,146.65557444095612,0.35805460810661316,0.21835637092590332,0.94,1,0.15529893338680267
half,303,97,1.0,0.5,15,0,0,goal_not_reached_at_end,,61.26580014824867,0.12179398536682129,0.0682365819811821,0.82,1,0.09134596586227417
half,303,97,1.0,0.5,16,0,0,goal_not_reached_at_end,,154.8583060503006,0.29814040660858154,0.199638232588768,0.84,1,0.14425216615200043
half,303,97,1.0,0.5,17,0,0,goal_not_reached_at_end,,57.06391483545303,0.25384822487831116,0.14813239872455597,0.9,1,0.14620345830917358
half,303,97,1.0,0.5,18,0,0,goal_not_reached_at_end,,81.33301138877869,0.3693743646144867,0.19057129323482513,0.9,1,0.1573491096496582
half,303,97,1.0,0.5,19,0,0,goal_not_reached_at_end,,32.531239092350006,0.23932082951068878,0.13484302163124084,0.88,1,0.1329548954963684
half,303,97,1.0,0.5,20,1,1,success,45,18.725933507084846,0.2581051290035248,0.1405796855688095,0.82,1,0.1486341655254364
half,303,97,1.0,0.5,21,1,1,success,47,22.20555767416954,0.2504214942455292,0.13643769919872284,0.94,1,0.11948129534721375
half,303,97,1.0,0.5,22,0,0,goal_not_reached_at_end,,87.7399817109108,0.30507591366767883,0.17456944286823273,0.88,1,0.1708107739686966
half,303,97,1.0,0.5,23,0,0,goal_not_reached_at_end,,25.677235797047615,0.23219050467014313,0.13697220385074615,0.9,1,0.1431468278169632
half,303,97,1.0,0.5,24,1,1,success,16,18.319392576813698,0.20274023711681366,0.12055294215679169,0.86,1,0.09800340980291367
half,303,97,1.0,0.5,25,0,0,goal_not_reached_at_end,,51.743559539318085,0.2719844579696655,0.16034308075904846,0.9,1,0.14976656436920166
half,303,97,1.0,0.5,26,0,1,left_after_success,21,25.839587673544884,0.17701812088489532,0.09811443835496902,0.82,1,0.11105884611606598
half,303,97,1.0,0.5,27,0,0,goal_not_reached_at_end,,132.15240836143494,0.3347356617450714,0.21753574907779694,0.92,1,0.18679042160511017
half,303,97,1.0,0.5,28,0,0,goal_not_reached_at_end,,37.909191101789474,0.26834720373153687,0.1503727287054062,0.86,1,0.15446393191814423
half,303,97,1.0,0.5,29,0,0,goal_not_reached_at_end,,105.70908337831497,0.3092062473297119,0.1830892115831375,0.92,1,0.17192180454730988
half,303,97,1.0,0.5,30,0,0,goal_not_reached_at_end,,89.40088003873825,0.32009774446487427,0.17695404589176178,0.92,1,0.14909017086029053
half,303,97,1.0,0.5,31,0,0,goal_not_reached_at_end,,106.54124617576599,0.3186648190021515,0.21303042769432068,0.92,1,0.20099514722824097
half,303,97,2.0,0.5,0,0,0,goal_not_reached_at_end,,78.10361683368683,0.2824070453643799,0.17602655291557312,0.78,1,0.15696220099925995
half,303,97,2.0,0.5,1,0,0,goal_not_reached_at_end,,69.87596303224564,0.2817833125591278,0.16376833617687225,0.92,1,0.1443287581205368
half,303,97,2.0,0.5,2,1,1,success,24,14.221127144992352,0.16441205143928528,0.09278295934200287,0.94,1,0.09017570316791534
half,303,97,2.0,0.5,3,0,1,left_after_success,18,53.941093385219574,0.2435358762741089,0.17848698794841766,0.92,1,0.10300056636333466
half,303,97,2.0,0.5,4,0,0,goal_not_reached_at_end,,138.90890777111053,0.3267616927623749,0.20060083270072937,0.8,1,0.1858908236026764
half,303,97,2.0,0.5,5,0,0,goal_not_reached_at_end,,89.10990506410599,0.3367784023284912,0.18636171519756317,0.92,1,0.17009595036506653
half,303,97,2.0,0.5,6,0,0,goal_not_reached_at_end,,47.82823100686073,0.11649992316961288,0.07708915323019028,0.8,1,0.07998728007078171
half,303,97,2.0,0.5,7,0,0,goal_not_reached_at_end,,101.57845169305801,0.31337970495224,0.18972313404083252,0.88,1,0.163296639919281
half,303,97,2.0,0.5,8,0,0,goal_not_reached_at_end,,252.65368819236755,0.5859026908874512,0.4043120741844177,0.54,9,0.02289174124598503
half,303,97,2.0,0.5,9,0,1,left_after_success,18,47.3339818418026,0.23068630695343018,0.16488415002822876,0.92,1,0.10021012276411057
half,303,97,2.0,0.5,10,0,0,goal_not_reached_at_end,,25.186555460095406,0.3053224980831146,0.19823014736175537,0.9,1,0.14031164348125458
half,303,97,2.0,0.5,11,0,0,goal_not_reached_at_end,,64.62078541517258,0.16806548833847046,0.10686542838811874,0.92,1,0.0930485650897026
half,303,97,2.0,0.5,12,0,0,goal_not_reached_at_end,,56.35373294353485,0.2512625455856323,0.15008582174777985,0.8,1,0.15434947609901428
half,303,97,2.0,0.5,13,0,0,goal_not_reached_at_end,,312.52408027648926,0.14380353689193726,0.07706009596586227,0.8,1,0.01999839022755623
half,303,97,2.0,0.5,14,0,0,goal_not_reached_at_end,,205.3903490304947,0.3203941881656647,0.19167937338352203,0.94,1,0.10314534604549408
half,303,97,2.0,0.5,15,0,0,goal_not_reached_at_end,,59.90669131278992,0.12308207899332047,0.06929636001586914,0.82,1,0.09000410884618759
half,303,97,2.0,0.5,16,0,0,goal_not_reached_at_end,,155.8639109134674,0.29180413484573364,0.19677740335464478,0.84,1,0.1431257426738739
half,303,97,2.0,0.5,17,0,0,goal_not_reached_at_end,,57.91813135147095,0.25584566593170166,0.14925454556941986,0.9,1,0.14527568221092224
half,303,97,2.0,0.5,18,0,0,goal_not_reached_at_end,,82.49807357788086,0.3762664198875427,0.19238370656967163,0.9,1,0.15570956468582153
half,303,97,2.0,0.5,19,0,0,goal_not_reached_at_end,,34.66038405895233,0.24268504977226257,0.13514447212219238,0.88,1,0.13023194670677185
half,303,97,2.0,0.5,20,1,1,success,46,18.757212907075882,0.2616412043571472,0.14023128151893616,0.82,1,0.14836712181568146
half,303,97,2.0,0.5,21,1,1,success,48,23.141909390687943,0.2529332637786865,0.13981416821479797,0.94,1,0.11847595125436783
half,303,97,2.0,0.5,22,0,0,goal_not_reached_at_end,,89.78401124477386,0.30671072006225586,0.1751292198896408,0.88,1,0.16853199899196625
half,303,97,2.0,0.5,23,1,1,success,41,23.877443745732307,0.230519101023674,0.13643528521060944,0.9,1,0.14996223151683807
half,303,97,2.0,0.5,24,1,1,success,18,16.804803162813187,0.20589052140712738,0.12294542044401169,0.86,1,0.09640644490718842
half,303,97,2.0,0.5,25,0,0,goal_not_reached_at_end,,52.4134561419487,0.2758241593837738,0.16173864901065826,0.9,1,0.14899812638759613
half,303,97,2.0,0.5,26,1,1,success,31,9.733178652822971,0.17287102341651917,0.10100313276052475,0.82,1,0.08941705524921417
half,303,97,2.0,0.5,27,0,0,goal_not_reached_at_end,,120.52375823259354,0.32261690497398376,0.21135558187961578,0.9,1,0.19888092577457428
half,303,97,2.0,0.5,28,0,0,goal_not_reached_at_end,,38.8391837477684,0.2716427743434906,0.15273825824260712,0.86,1,0.15337538719177246
half,303,97,2.0,0.5,29,0,0,goal_not_reached_at_end,,106.37065768241882,0.3124382793903351,0.1846591979265213,0.92,1,0.17114555835723877
half,303,97,2.0,0.5,30,0,0,goal_not_reached_at_end,,148.319274187088,0.3534160256385803,0.19535239040851593,0.72,5,0.08997365832328796
half,303,97,2.0,0.5,31,0,0,goal_not_reached_at_end,,105.48874735832214,0.32184287905693054,0.21708717942237854,0.92,1,0.20251886546611786
half,303,195,1.0,1.0,0,1,1,success,29,6.758612114936113,0.11811868846416473,0.06784363836050034,0.8,1,0.23341117799282074
half,303,195,1.0,1.0,1,1,1,success,14,7.541194558143616,0.046631500124931335,0.026770520955324173,0.92,1,0.2089114636182785
half,303,195,1.0,1.0,2,1,1,success,10,8.290738798677921,0.03439759090542793,0.02088204398751259,0.94,1,0.08015048503875732
half,303,195,1.0,1.0,3,1,1,success,18,10.63598319888115,0.053517475724220276,0.03834734857082367,0.92,1,0.04239446669816971
half,303,195,1.0,1.0,4,1,1,success,31,5.4465592838823795,0.11557667702436447,0.08006182312965393,0.8,1,0.31841084361076355
half,303,195,1.0,1.0,5,1,1,success,12,10.552316904067993,0.05001449957489967,0.037071503698825836,0.92,1,0.2470375895500183
half,303,195,1.0,1.0,6,1,1,success,19,4.650484304875135,0.050851695239543915,0.039492979645729065,0.8,1,0.028386812657117844
half,303,195,1.0,1.0,7,1,1,success,22,11.190543882548809,0.07515954971313477,0.039692383259534836,0.88,1,0.2624039351940155
half,303,195,1.0,1.0,8,1,1,success,14,14.271901920437813,0.09477900713682175,0.07411235570907593,0.92,1,0.20959611237049103
half,303,195,1.0,1.0,9,1,1,success,18,9.225336834788322,0.054803572595119476,0.04438019171357155,0.92,1,0.049268148839473724
half,303,195,1.0,1.0,10,1,1,success,12,10.257864370942116,0.03499912470579147,0.025976844131946564,0.9,1,0.15669777989387512
half,303,195,1.0,1.0,11,1,1,success,12,3.301935037598014,0.03225637227296829,0.01729336753487587,0.92,1,0.029518401250243187
half,303,195,1.0,1.0,12,1,1,success,22,3.750257194042206,0.055393945425748825,0.03677072376012802,0.82,1,0.19719281792640686
half,303,195,1.0,1.0,13,1,1,success,28,12.465028092265129,0.08861889690160751,0.04723653942346573,0.8,1,0.2008713334798813
half,303,195,1.0,1.0,14,1,1,success,20,12.197664007544518,0.07876645773649216,0.053991638123989105,0.94,1,0.2926003932952881
half,303,195,1.0,1.0,15,1,1,success,12,7.684529293328524,0.026084383949637413,0.018179694190621376,0.84,1,0.023368246853351593
half,303,195,1.0,1.0,16,1,1,success,20,16.197524964809418,0.05427093431353569,0.041519664227962494,0.84,1,0.30171629786491394
half,303,195,1.0,1.0,17,1,1,success,16,2.96802818775177,0.05243980139493942,0.028452668339014053,0.9,1,0.19227027893066406
half,303,195,1.0,1.0,18,1,1,success,14,11.622410267591476,0.07288122922182083,0.057049863040447235,0.9,1,0.235564187169075
half,303,195,1.0,1.0,19,1,1,success,16,8.115359582006931,0.05580867826938629,0.03228561952710152,0.88,1,0.1596086621284485
half,303,195,1.0,1.0,20,1,1,success,22,8.461927063763142,0.049258437007665634,0.027125556021928787,0.84,1,0.16389583051204681
half,303,195,1.0,1.0,21,1,1,success,9,8.165585808455944,0.050152599811553955,0.03458017855882645,0.94,1,0.12775719165802002
half,303,195,1.0,1.0,22,1,1,success,20,6.838124245405197,0.06305211782455444,0.03643282130360603,0.88,1,0.25077947974205017
half,303,195,1.0,1.0,23,1,1,success,11,8.878438733518124,0.035950858145952225,0.029829520732164383,0.9,1,0.14480820298194885
half,303,195,1.0,1.0,24,1,1,success,13,7.241390645503998,0.03405257686972618,0.022757966071367264,0.84,1,0.07440003752708435
half,303,195,1.0,1.0,25,1,1,success,14,3.402235684916377,0.021797318011522293,0.011803370900452137,0.88,1,0.18679217994213104
half,303,195,1.0,1.0,26,1,1,success,17,4.912910051643848,0.04871153458952904,0.02900318242609501,0.82,1,0.08404351025819778
half,303,195,1.0,1.0,27,1,1,success,16,16.263723373413086,0.026222851127386093,0.015314633026719093,0.92,1,0.30938518047332764
half,303,195,1.0,1.0,28,1,1,success,15,7.3416572995483875,0.027772849425673485,0.015935558825731277,0.86,1,0.17139427363872528
half,303,195,1.0,1.0,29,1,1,success,19,7.5276740826666355,0.06807520240545273,0.03618021309375763,0.92,1,0.2744196653366089
half,303,195,1.0,1.0,30,0,1,left_after_success,15,251.19560956954956,0.37278276681900024,0.24321380257606506,0.46,8,0.019999993965029716
half,303,195,1.0,1.0,31,1,1,success,13,14.472131617367268,0.02035157009959221,0.016304269433021545,0.92,1,0.30031871795654297
half,303,195,2.0,1.0,0,1,1,success,29,7.2238510474562645,0.11876221746206284,0.06987833976745605,0.8,1,0.23361502587795258
half,303,195,2.0,1.0,1,1,1,success,14,7.185646332800388,0.04351547732949257,0.023614859208464622,0.92,1,0.20801392197608948
half,303,195,2.0,1.0,2,1,1,success,11,6.522065028548241,0.032077282667160034,0.017490960657596588,0.94,1,0.08006487041711807
half,303,195,2.0,1.0,3,1,1,success,18,10.919137857854366,0.06986095011234283,0.05485498160123825,0.92,1,0.04225299507379532
half,303,195,2.0,1.0,4,1,1,success,32,5.767310969531536,0.11250554025173187,0.0796612799167633,0.8,1,0.3184567093849182
half,303,195,2.0,1.0,5,1,1,success,12,10.811853222548962,0.04042135179042816,0.038158029317855835,0.92,1,0.24262993037700653
half,303,195,2.0,1.0,6,1,1,success,19,5.716182291507721,0.04929303750395775,0.038960594683885574,0.8,1,0.027222177013754845
half,303,195,2.0,1.0,7,1,1,success,22,11.04126125574112,0.06854522228240967,0.033909380435943604,0.88,1,0.2618072032928467
half,303,195,2.0,1.0,8,1,1,success,14,12.78708316385746,0.09868582338094711,0.08127322047948837,0.92,1,0.2056710124015808
half,303,195,2.0,1.0,9,1,1,success,18,9.605815634131432,0.06507693976163864,0.05112890154123306,0.92,1,0.04928741604089737
half,303,195,2.0,1.0,10,1,1,success,12,11.149480007588863,0.051262322813272476,0.04117606580257416,0.9,1,0.156229168176651
half,303,195,2.0,1.0,11,1,1,success,12,3.4426264464855194,0.03386988863348961,0.01765429973602295,0.92,1,0.02901686541736126
half,303,195,2.0,1.0,12,1,1,success,22,4.106045234948397,0.0516386516392231,0.03563260659575462,0.82,1,0.19696679711341858
half,303,195,2.0,1.0,13,1,1,success,31,6.236135493963957,0.11346808075904846,0.06145482510328293,0.8,1,0.1977892816066742
half,303,195,2.0,1.0,14,1,1,success,20,10.70364285260439,0.08100654184818268,0.05533488094806671,0.94,1,0.2945566773414612
half,303,195,2.0,1.0,15,1,1,success,13,7.295240648090839,0.03251836821436882,0.028073754161596298,0.82,1,0.023554831743240356
half,303,195,2.0,1.0,16,1,1,success,20,16.109418123960495,0.05949375033378601,0.04408583790063858,0.84,1,0.3011893332004547
half,303,195,2.0,1.0,17,1,1,success,16,3.396642627194524,0.050017520785331726,0.02770121768116951,0.9,1,0.19196432828903198
half,303,195,2.0,1.0,18,1,1,success,14,11.005262844264507,0.0800999104976654,0.06703343242406845,0.9,1,0.2334316521883011
half,303,195,2.0,1.0,19,1,1,success,16,8.363963104784489,0.060650672763586044,0.03251233696937561,0.88,1,0.15957528352737427
half,303,195,2.0,1.0,20,1,1,success,22,8.078736253082752,0.04907511547207832,0.027756094932556152,0.84,1,0.1631305068731308
half,303,195,2.0,1.0,21,1,1,success,9,8.431628346443176,0.055431168526411057,0.04114117845892906,0.94,1,0.12726518511772156
half,303,195,2.0,1.0,22,1,1,success,20,7.182944566011429,0.0594552606344223,0.03372826799750328,0.88,1,0.25012993812561035
half,303,195,2.0,1.0,23,1,1,success,11,9.317168034613132,0.039693836122751236,0.034281209111213684,0.9,1,0.14436672627925873
half,303,195,2.0,1.0,24,1,1,success,13,7.4581578373909,0.031331922858953476,0.020973779261112213,0.84,1,0.07402221858501434
half,303,195,2.0,1.0,25,1,1,success,14,3.6625158973038197,0.021175909787416458,0.010990481823682785,0.88,1,0.18636780977249146
half,303,195,2.0,1.0,26,1,1,success,17,4.016517661511898,0.055152591317892075,0.033669937402009964,0.82,1,0.08551626652479172
half,303,195,2.0,1.0,27,1,1,success,16,16.05420745909214,0.03239157050848007,0.024648312479257584,0.92,1,0.30858269333839417
half,303,195,2.0,1.0,28,1,1,success,15,8.018731139600277,0.023048676550388336,0.013580341823399067,0.86,1,0.17058917880058289
half,303,195,2.0,1.0,29,1,1,success,19,7.686627563089132,0.06556343287229538,0.03600611165165901,0.92,1,0.274323433637619
half,303,195,2.0,1.0,30,0,1,left_after_success,14,293.40875148773193,0.44354191422462463,0.22188234329223633,0.44,2,0.02002686820924282
half,303,195,2.0,1.0,31,1,1,success,13,14.314304105937481,0.024349838495254517,0.020551756024360657,0.92,1,0.2993014454841614
half,303,195,1.0,0.5,0,1,1,success,29,8.445274084806442,0.1105879470705986,0.0625624731183052,0.8,1,0.23402860760688782
half,303,195,1.0,0.5,1,1,1,success,14,2.185595454648137,0.030762676149606705,0.01727709174156189,0.9,1,0.2046126127243042
half,303,195,1.0,0.5,2,1,1,success,10,7.835783995687962,0.03432132303714752,0.020653551444411278,0.94,1,0.08020176738500595
half,303,195,1.0,0.5,3,1,1,success,18,10.59600617736578,0.05361400544643402,0.037785615772008896,0.92,1,0.04263835772871971
half,303,195,1.0,0.5,4,1,1,success,31,6.211442872881889,0.11594772338867188,0.07978737354278564,0.8,1,0.3183971047401428
half,303,195,1.0,0.5,5,1,1,success,12,10.430782102048397,0.03563433140516281,0.033758580684661865,0.92,1,0.24306656420230865
half,303,195,1.0,0.5,6,1,1,success,19,5.902972538024187,0.028803380206227303,0.015887899324297905,0.8,1,0.027034008875489235
half,303,195,1.0,0.5,7,1,1,success,22,11.225168593227863,0.07310537248849869,0.0370827317237854,0.88,1,0.26228129863739014
half,303,195,1.0,0.5,8,1,1,success,14,14.452761970460415,0.0964297503232956,0.07567594200372696,0.92,1,0.21065114438533783
half,303,195,1.0,0.5,9,1,1,success,18,9.224139153957367,0.055161379277706146,0.044853147119283676,0.92,1,0.04924558475613594
half,303,195,1.0,0.5,10,1,1,success,12,10.09561400860548,0.034434907138347626,0.025744907557964325,0.9,1,0.15652979910373688
half,303,195,1.0,0.5,11,1,1,success,12,3.351563820615411,0.03167281672358513,0.016178494319319725,0.92,1,0.029767675325274467
half,303,195,1.0,0.5,12,1,1,success,22,3.9087217301130295,0.055512599647045135,0.03663051500916481,0.82,1,0.19692568480968475
half,303,195,1.0,0.5,13,1,1,success,28,12.444328516721725,0.08861511200666428,0.04754077270627022,0.8,1,0.20085035264492035
half,303,195,1.0,0.5,14,1,1,success,20,12.205502018332481,0.07755863666534424,0.053593747317790985,0.94,1,0.29365381598472595
half,303,195,1.0,0.5,15,1,1,success,12,7.605514023452997,0.025092169642448425,0.01819329708814621,0.84,1,0.02343756891787052
half,303,195,1.0,0.5,16,1,1,success,20,15.833498910069466,0.05394911766052246,0.04207021743059158,0.84,1,0.3013973534107208
half,303,195,1.0,0.5,17,1,1,success,16,2.5930649135261774,0.053787533193826675,0.029141437262296677,0.9,1,0.19225767254829407
half,303,195,1.0,0.5,18,1,1,success,14,11.375523172318935,0.07264555990695953,0.056387364864349365,0.9,1,0.2360597550868988
half,303,195,1.0,0.5,19,1,1,success,16,6.273042876273394,0.048902727663517,0.028354691341519356,0.88,1,0.15794429183006287
half,303,195,1.0,0.5,20,1,1,success,22,8.266080170869827,0.04733051359653473,0.02619369886815548,0.84,1,0.16334785521030426
half,303,195,1.0,0.5,21,1,1,success,9,8.212743327021599,0.04707295447587967,0.03209401294589043,0.94,1,0.1273140013217926
half,303,195,1.0,0.5,22,1,1,success,20,5.535980220884085,0.06087888032197952,0.03281722217798233,0.88,1,0.24973087012767792
half,303,195,1.0,0.5,23,1,1,success,11,8.815246634185314,0.039315830916166306,0.033335793763399124,0.9,1,0.14488233625888824
half,303,195,1.0,0.5,24,1,1,success,13,6.687389221042395,0.03047708421945572,0.02018405683338642,0.84,1,0.07482266426086426
half,303,195,1.0,0.5,25,1,1,success,14,2.8588275890797377,0.020745500922203064,0.01203563529998064,0.88,1,0.18647415935993195
half,303,195,1.0,0.5,26,1,1,success,17,4.87086083739996,0.0498601570725441,0.028652897104620934,0.82,1,0.08387037366628647
half,303,195,1.0,0.5,27,1,1,success,16,16.19068533182144,0.026168575510382652,0.015432708896696568,0.92,1,0.30945441126823425
half,303,195,1.0,0.5,28,1,1,success,15,7.456646300852299,0.025423111394047737,0.015309995971620083,0.86,1,0.17120461165905
half,303,195,1.0,0.5,29,1,1,success,19,7.344597950577736,0.06226903200149536,0.03139043226838112,0.92,1,0.2730463743209839
half,303,195,1.0,0.5,30,0,1,left_after_success,15,208.70321989059448,1.0126947164535522,0.668402910232544,0.44,5,0.09102177619934082
half,303,195,1.0,0.5,31,1,1,success,13,14.426516368985176,0.019044484943151474,0.014425581321120262,0.92,1,0.3003811240196228
half,303,195,2.0,0.5,0,1,1,success,29,8.082911372184753,0.11737003177404404,0.07462552189826965,0.8,1,0.23352596163749695
half,303,195,2.0,0.5,1,1,1,success,14,7.243697997182608,0.04304727911949158,0.023421861231327057,0.92,1,0.20800252258777618
half,303,195,2.0,0.5,2,1,1,success,11,6.543985567986965,0.03227566182613373,0.017138028517365456,0.94,1,0.0799965113401413
half,303,195,2.0,0.5,3,1,1,success,18,10.885819792747498,0.06963720172643661,0.05411795899271965,0.92,1,0.042478956282138824
half,303,195,2.0,0.5,4,1,1,success,32,6.5269023180007935,0.11623255163431168,0.0831182673573494,0.8,1,0.31846293807029724
half,303,195,2.0,0.5,5,1,1,success,12,10.825727134943008,0.04161795228719711,0.03925004601478577,0.92,1,0.24250665307044983
half,303,195,2.0,0.5,6,1,1,success,19,5.58189582079649,0.043539684265851974,0.0322590172290802,0.8,1,0.02737617678940296
half,303,195,2.0,0.5,7,1,1,success,22,11.101847514510155,0.06892911344766617,0.03416820243000984,0.88,1,0.26188406348228455
half,303,195,2.0,0.5,8,1,1,success,14,12.851695530116558,0.10285567492246628,0.08544459193944931,0.92,1,0.20831741392612457
half,303,195,2.0,0.5,9,1,1,success,18,9.626459330320358,0.06529706716537476,0.051454536616802216,0.92,1,0.049239497631788254
half,303,195,2.0,0.5,10,1,1,success,12,10.952465236186981,0.05066276714205742,0.04054679349064827,0.9,1,0.1559339016675949
half,303,195,2.0,0.5,11,1,1,success,12,3.3717025071382523,0.03089495748281479,0.01599537394940853,0.92,1,0.029174214228987694
half,303,195,2.0,0.5,12,1,1,success,22,4.5773605816066265,0.06031091511249542,0.03760262951254845,0.8,1,0.19794102013111115
half,303,195,2.0,0.5,13,1,1,success,28,7.093783002346754,0.1071169376373291,0.052244044840335846,0.8,1,0.2013644129037857
half,303,195,2.0,0.5,14,1,1,success,20,11.261922307312489,0.08180590718984604,0.054241035133600235,0.94,1,0.29414379596710205
half,303,195,2.0,0.5,15,1,1,success,12,8.90621729195118,0.025698473677039146,0.01817883364856243,0.84,1,0.022199660539627075
half,303,195,2.0,0.5,16,1,1,success,20,15.831716358661652,0.05794001370668411,0.04367321729660034,0.84,1,0.3009714186191559
half,303,195,2.0,0.5,17,1,1,success,16,2.990997163578868,0.05057535693049431,0.028154892846941948,0.9,1,0.19181594252586365
half,303,195,2.0,0.5,18,1,1,success,14,10.655618272721767,0.08002546429634094,0.06647539883852005,0.9,1,0.2339998334646225
half,303,195,2.0,0.5,19,1,1,success,16,6.963583175092936,0.05414991453289986,0.028850995004177094,0.88,1,0.15821494162082672
half,303,195,2.0,0.5,20,1,1,success,21,7.89811834692955,0.045903198421001434,0.025396069511771202,0.84,1,0.16258473694324493
half,303,195,2.0,0.5,21,1,1,success,9,8.544894866645336,0.05233223736286163,0.03847266733646393,0.94,1,0.12672929465770721
half,303,195,2.0,0.5,22,1,1,success,20,5.84249896928668,0.05767064541578293,0.0316164530813694,0.88,1,0.24928253889083862
half,303,195,2.0,0.5,23,1,1,success,11,9.379573166370392,0.03921954706311226,0.03352293372154236,0.9,1,0.14429821074008942
half,303,195,2.0,0.5,24,1,1,success,13,7.094202097505331,0.02981913834810257,0.019967379048466682,0.84,1,0.07435639947652817
half,303,195,2.0,0.5,25,1,1,success,14,3.259998979046941,0.01981688104569912,0.01132247969508171,0.88,1,0.1861250251531601
half,303,195,2.0,0.5,26,1,1,success,17,4.688354209065437,0.052859850227832794,0.03333748131990433,0.82,1,0.08428754657506943
half,303,195,2.0,0.5,27,1,1,success,16,15.994809567928314,0.029801327735185623,0.021039020270109177,0.92,1,0.3084729015827179
half,303,195,2.0,0.5,28,1,1,success,15,8.093290030956268,0.022615130990743637,0.014012294821441174,0.86,1,0.17049719393253326
half,303,195,2.0,0.5,29,1,1,success,19,7.302063051611185,0.05923136696219444,0.030575860291719437,0.92,1,0.27263230085372925
half,303,195,2.0,0.5,30,0,0,goal_not_reached_at_end,,318.116158246994,0.37270504236221313,0.20156416296958923,0.18,9,0.019999060779809952
half,303,195,2.0,0.5,31,1,1,success,13,14.224288053810596,0.024825720116496086,0.021347524598240852,0.92,1,0.29933080077171326
