#0 building with "default" instance using docker driver

#1 [internal] load build definition from Dockerfile.sim
#1 transferring dockerfile: 1.52kB done
#1 DONE 0.0s

#2 [auth] pytorch/pytorch:pull token for registry-1.docker.io
#2 DONE 0.0s

#3 [internal] load metadata for docker.io/pytorch/pytorch:2.7.1-cuda12.8-cudnn9-devel
#3 DONE 1.5s

#4 [internal] load .dockerignore
#4 transferring context: 2B done
#4 DONE 0.0s

#5 [1/5] FROM docker.io/pytorch/pytorch:2.7.1-cuda12.8-cudnn9-devel@sha256:3d614dfd422b7e43647491cbf07d6acc516c032fc49c594a94afdebd52552fb9
#5 resolve docker.io/pytorch/pytorch:2.7.1-cuda12.8-cudnn9-devel@sha256:3d614dfd422b7e43647491cbf07d6acc516c032fc49c594a94afdebd52552fb9 0.0s done
#5 DONE 0.6s

#5 [1/5] FROM docker.io/pytorch/pytorch:2.7.1-cuda12.8-cudnn9-devel@sha256:3d614dfd422b7e43647491cbf07d6acc516c032fc49c594a94afdebd52552fb9
#5 sha256:be6076e121b52bef30ee7932948a10c7f386b01ef6f2f0516e549f6d463ab0d4 0B / 99B 0.2s
#5 sha256:be6076e121b52bef30ee7932948a10c7f386b01ef6f2f0516e549f6d463ab0d4 99B / 99B 0.2s done
#5 sha256:44d78ae4d2d431e61098a6a39bb78ab0c19dde2af9faa49840162053191543f0 0B / 915.47kB 0.3s
#5 sha256:3d713c766757f36c900ea695c1fc13f03b052b34b57f7b77d970facf3e3d2204 0B / 4.18GB 0.2s
#5 sha256:3403bc95ab984f2262fd77c3b4b4e7344562bc00f811baaccb7e81f477370488 0B / 88.88kB 0.2s
#5 sha256:44d78ae4d2d431e61098a6a39bb78ab0c19dde2af9faa49840162053191543f0 915.47kB / 915.47kB 0.4s done
#5 sha256:45e1402c720bfad2a6277e9c7d7dd7b854fb04b6004746ff67033d009a487cec 0B / 3.00GB 0.2s
#5 sha256:59348e3e6063ef4bb1ece1935244b57289f78338e283acd735de38cfd0cd3a41 0B / 1.52kB 0.2s
#5 sha256:3403bc95ab984f2262fd77c3b4b4e7344562bc00f811baaccb7e81f477370488 88.88kB / 88.88kB 0.6s done
#5 sha256:b382220814a0bae81e2197c16baf8ccc87b79c9d2d7f121171bb09e125f255a2 0B / 1.69kB 0.2s
#5 sha256:b382220814a0bae81e2197c16baf8ccc87b79c9d2d7f121171bb09e125f255a2 1.69kB / 1.69kB 2.9s done
#5 sha256:b13e9fc77f2ee4d9c1fccb42560fc8d63303af990508cc7dc027c13167e2ec0a 64.11kB / 64.11kB 0.2s done
#5 sha256:1953a5f9db288f25e73653c276da7baef424fe5ff5196516e2386f0770d9f82e 0B / 2.07GB 0.2s
#5 sha256:3d713c766757f36c900ea695c1fc13f03b052b34b57f7b77d970facf3e3d2204 19.92MB / 4.18GB 5.3s
#5 sha256:45e1402c720bfad2a6277e9c7d7dd7b854fb04b6004746ff67033d009a487cec 44.04MB / 3.00GB 5.3s
#5 sha256:59348e3e6063ef4bb1ece1935244b57289f78338e283acd735de38cfd0cd3a41 0B / 1.52kB 5.3s
#5 sha256:1953a5f9db288f25e73653c276da7baef424fe5ff5196516e2386f0770d9f82e 17.83MB / 2.07GB 5.3s
#5 sha256:3d713c766757f36c900ea695c1fc13f03b052b34b57f7b77d970facf3e3d2204 71.30MB / 4.18GB 10.4s
#5 sha256:45e1402c720bfad2a6277e9c7d7dd7b854fb04b6004746ff67033d009a487cec 60.82MB / 3.00GB 10.4s
#5 sha256:59348e3e6063ef4bb1ece1935244b57289f78338e283acd735de38cfd0cd3a41 0B / 1.52kB 10.4s
#5 sha256:1953a5f9db288f25e73653c276da7baef424fe5ff5196516e2386f0770d9f82e 17.83MB / 2.07GB 10.4s
#5 sha256:59348e3e6063ef4bb1ece1935244b57289f78338e283acd735de38cfd0cd3a41 1.52kB / 1.52kB 14.6s done
#5 sha256:3d713c766757f36c900ea695c1fc13f03b052b34b57f7b77d970facf3e3d2204 157.29MB / 4.18GB 15.5s
#5 sha256:45e1402c720bfad2a6277e9c7d7dd7b854fb04b6004746ff67033d009a487cec 60.82MB / 3.00GB 15.5s
#5 sha256:1953a5f9db288f25e73653c276da7baef424fe5ff5196516e2386f0770d9f82e 17.83MB / 2.07GB 15.5s
#5 sha256:3d713c766757f36c900ea695c1fc13f03b052b34b57f7b77d970facf3e3d2204 157.29MB / 4.18GB 20.6s
#5 sha256:45e1402c720bfad2a6277e9c7d7dd7b854fb04b6004746ff67033d009a487cec 139.46MB / 3.00GB 20.6s
#5 sha256:1953a5f9db288f25e73653c276da7baef424fe5ff5196516e2386f0770d9f82e 18.87MB / 2.07GB 20.6s
#5 sha256:3d713c766757f36c900ea695c1fc13f03b052b34b57f7b77d970facf3e3d2204 157.29MB / 4.18GB 25.7s
#5 sha256:45e1402c720bfad2a6277e9c7d7dd7b854fb04b6004746ff67033d009a487cec 226.49MB / 3.00GB 25.7s
#5 sha256:1953a5f9db288f25e73653c276da7baef424fe5ff5196516e2386f0770d9f82e 18.87MB / 2.07GB 25.7s
#5 sha256:3d713c766757f36c900ea695c1fc13f03b052b34b57f7b77d970facf3e3d2204 157.29MB / 4.18GB 30.8s
#5 sha256:45e1402c720bfad2a6277e9c7d7dd7b854fb04b6004746ff67033d009a487cec 310.38MB / 3.00GB 30.8s
#5 sha256:1953a5f9db288f25e73653c276da7baef424fe5ff5196516e2386f0770d9f82e 18.87MB / 2.07GB 30.8s
#5 sha256:3d713c766757f36c900ea695c1fc13f03b052b34b57f7b77d970facf3e3d2204 157.29MB / 4.18GB 35.9s
#5 sha256:45e1402c720bfad2a6277e9c7d7dd7b854fb04b6004746ff67033d009a487cec 393.22MB / 3.00GB 35.9s
#5 sha256:1953a5f9db288f25e73653c276da7baef424fe5ff5196516e2386f0770d9f82e 26.21MB / 2.07GB 35.9s
#5 sha256:3d713c766757f36c900ea695c1fc13f03b052b34b57f7b77d970facf3e3d2204 157.29MB / 4.18GB 41.0s
#5 sha256:45e1402c720bfad2a6277e9c7d7dd7b854fb04b6004746ff67033d009a487cec 452.98MB / 3.00GB 41.0s
#5 sha256:1953a5f9db288f25e73653c276da7baef424fe5ff5196516e2386f0770d9f82e 29.36MB / 2.07GB 41.0s
#5 sha256:3d713c766757f36c900ea695c1fc13f03b052b34b57f7b77d970facf3e3d2204 157.29MB / 4.18GB 46.1s
#5 sha256:45e1402c720bfad2a6277e9c7d7dd7b854fb04b6004746ff67033d009a487cec 543.16MB / 3.00GB 46.1s
#5 sha256:1953a5f9db288f25e73653c276da7baef424fe5ff5196516e2386f0770d9f82e 29.36MB / 2.07GB 46.1s
#5 sha256:3d713c766757f36c900ea695c1fc13f03b052b34b57f7b77d970facf3e3d2204 157.29MB / 4.18GB 51.2s
#5 sha256:45e1402c720bfad2a6277e9c7d7dd7b854fb04b6004746ff67033d009a487cec 628.10MB / 3.00GB 51.2s
#5 sha256:1953a5f9db288f25e73653c276da7baef424fe5ff5196516e2386f0770d9f82e 29.36MB / 2.07GB 51.2s
#5 sha256:3d713c766757f36c900ea695c1fc13f03b052b34b57f7b77d970facf3e3d2204 157.29MB / 4.18GB 56.3s
#5 sha256:45e1402c720bfad2a6277e9c7d7dd7b854fb04b6004746ff67033d009a487cec 705.69MB / 3.00GB 56.3s
#5 sha256:1953a5f9db288f25e73653c276da7baef424fe5ff5196516e2386f0770d9f82e 46.14MB / 2.07GB 56.3s
#5 sha256:3d713c766757f36c900ea695c1fc13f03b052b34b57f7b77d970facf3e3d2204 157.29MB / 4.18GB 61.4s
#5 sha256:45e1402c720bfad2a6277e9c7d7dd7b854fb04b6004746ff67033d009a487cec 765.46MB / 3.00GB 61.4s
#5 sha256:1953a5f9db288f25e73653c276da7baef424fe5ff5196516e2386f0770d9f82e 46.14MB / 2.07GB 61.4s
#5 sha256:3d713c766757f36c900ea695c1fc13f03b052b34b57f7b77d970facf3e3d2204 157.29MB / 4.18GB 66.5s
#5 sha256:45e1402c720bfad2a6277e9c7d7dd7b854fb04b6004746ff67033d009a487cec 851.44MB / 3.00GB 66.5s
#5 sha256:1953a5f9db288f25e73653c276da7baef424fe5ff5196516e2386f0770d9f82e 46.14MB / 2.07GB 66.5s
#5 sha256:3d713c766757f36c900ea695c1fc13f03b052b34b57f7b77d970facf3e3d2204 157.29MB / 4.18GB 71.6s
#5 sha256:45e1402c720bfad2a6277e9c7d7dd7b854fb04b6004746ff67033d009a487cec 929.04MB / 3.00GB 71.6s
#5 sha256:1953a5f9db288f25e73653c276da7baef424fe5ff5196516e2386f0770d9f82e 46.14MB / 2.07GB 71.6s
#5 sha256:3d713c766757f36c900ea695c1fc13f03b052b34b57f7b77d970facf3e3d2204 157.29MB / 4.18GB 76.7s
#5 sha256:45e1402c720bfad2a6277e9c7d7dd7b854fb04b6004746ff67033d009a487cec 1.01GB / 3.00GB 76.7s
#5 sha256:1953a5f9db288f25e73653c276da7baef424fe5ff5196516e2386f0770d9f82e 85.98MB / 2.07GB 76.7s
#5 sha256:3d713c766757f36c900ea695c1fc13f03b052b34b57f7b77d970facf3e3d2204 157.29MB / 4.18GB 81.8s
#5 sha256:45e1402c720bfad2a6277e9c7d7dd7b854fb04b6004746ff67033d009a487cec 1.02GB / 3.00GB 81.8s
#5 sha256:1953a5f9db288f25e73653c276da7baef424fe5ff5196516e2386f0770d9f82e 119.54MB / 2.07GB 81.8s
#5 sha256:3d713c766757f36c900ea695c1fc13f03b052b34b57f7b77d970facf3e3d2204 157.29MB / 4.18GB 86.9s
#5 sha256:45e1402c720bfad2a6277e9c7d7dd7b854fb04b6004746ff67033d009a487cec 1.09GB / 3.00GB 86.9s
#5 sha256:1953a5f9db288f25e73653c276da7baef424fe5ff5196516e2386f0770d9f82e 179.31MB / 2.07GB 86.9s
#5 sha256:3d713c766757f36c900ea695c1fc13f03b052b34b57f7b77d970facf3e3d2204 157.29MB / 4.18GB 92.0s
#5 sha256:45e1402c720bfad2a6277e9c7d7dd7b854fb04b6004746ff67033d009a487cec 1.09GB / 3.00GB 92.0s
#5 sha256:1953a5f9db288f25e73653c276da7baef424fe5ff5196516e2386f0770d9f82e 265.29MB / 2.07GB 92.0s
#5 sha256:3d713c766757f36c900ea695c1fc13f03b052b34b57f7b77d970facf3e3d2204 157.29MB / 4.18GB 97.1s
#5 sha256:45e1402c720bfad2a6277e9c7d7dd7b854fb04b6004746ff67033d009a487cec 1.09GB / 3.00GB 97.1s
#5 sha256:1953a5f9db288f25e73653c276da7baef424fe5ff5196516e2386f0770d9f82e 339.74MB / 2.07GB 97.1s
#5 sha256:3d713c766757f36c900ea695c1fc13f03b052b34b57f7b77d970facf3e3d2204 157.29MB / 4.18GB 102.2s
#5 sha256:45e1402c720bfad2a6277e9c7d7dd7b854fb04b6004746ff67033d009a487cec 1.09GB / 3.00GB 102.2s
#5 sha256:1953a5f9db288f25e73653c276da7baef424fe5ff5196516e2386f0770d9f82e 425.72MB / 2.07GB 102.2s
#5 sha256:3d713c766757f36c900ea695c1fc13f03b052b34b57f7b77d970facf3e3d2204 157.29MB / 4.18GB 107.3s
#5 sha256:45e1402c720bfad2a6277e9c7d7dd7b854fb04b6004746ff67033d009a487cec 1.09GB / 3.00GB 107.3s
#5 sha256:1953a5f9db288f25e73653c276da7baef424fe5ff5196516e2386f0770d9f82e 504.37MB / 2.07GB 107.3s
#5 sha256:3d713c766757f36c900ea695c1fc13f03b052b34b57f7b77d970facf3e3d2204 157.29MB / 4.18GB 112.4s
#5 sha256:45e1402c720bfad2a6277e9c7d7dd7b854fb04b6004746ff67033d009a487cec 1.09GB / 3.00GB 112.4s
#5 sha256:1953a5f9db288f25e73653c276da7baef424fe5ff5196516e2386f0770d9f82e 589.30MB / 2.07GB 112.4s
#5 sha256:3d713c766757f36c900ea695c1fc13f03b052b34b57f7b77d970facf3e3d2204 157.29MB / 4.18GB 117.5s
#5 sha256:45e1402c720bfad2a6277e9c7d7dd7b854fb04b6004746ff67033d009a487cec 1.09GB / 3.00GB 117.5s
#5 sha256:1953a5f9db288f25e73653c276da7baef424fe5ff5196516e2386f0770d9f82e 665.85MB / 2.07GB 117.5s
#5 sha256:3d713c766757f36c900ea695c1fc13f03b052b34b57f7b77d970facf3e3d2204 157.29MB / 4.18GB 122.6s
#5 sha256:45e1402c720bfad2a6277e9c7d7dd7b854fb04b6004746ff67033d009a487cec 1.09GB / 3.00GB 122.6s
#5 sha256:1953a5f9db288f25e73653c276da7baef424fe5ff5196516e2386f0770d9f82e 745.54MB / 2.07GB 122.6s
#5 sha256:3d713c766757f36c900ea695c1fc13f03b052b34b57f7b77d970facf3e3d2204 157.29MB / 4.18GB 127.7s
#5 sha256:45e1402c720bfad2a6277e9c7d7dd7b854fb04b6004746ff67033d009a487cec 1.09GB / 3.00GB 127.7s
#5 sha256:1953a5f9db288f25e73653c276da7baef424fe5ff5196516e2386f0770d9f82e 825.23MB / 2.07GB 127.7s
#5 sha256:3d713c766757f36c900ea695c1fc13f03b052b34b57f7b77d970facf3e3d2204 157.29MB / 4.18GB 132.8s
#5 sha256:45e1402c720bfad2a6277e9c7d7dd7b854fb04b6004746ff67033d009a487cec 1.09GB / 3.00GB 132.8s
#5 sha256:1953a5f9db288f25e73653c276da7baef424fe5ff5196516e2386f0770d9f82e 907.02MB / 2.07GB 132.8s
#5 sha256:3d713c766757f36c900ea695c1fc13f03b052b34b57f7b77d970facf3e3d2204 157.29MB / 4.18GB 137.9s
#5 sha256:45e1402c720bfad2a6277e9c7d7dd7b854fb04b6004746ff67033d009a487cec 1.09GB / 3.00GB 137.9s
#5 sha256:1953a5f9db288f25e73653c276da7baef424fe5ff5196516e2386f0770d9f82e 969.93MB / 2.07GB 137.9s
#5 sha256:3d713c766757f36c900ea695c1fc13f03b052b34b57f7b77d970facf3e3d2204 157.29MB / 4.18GB 143.0s
#5 sha256:45e1402c720bfad2a6277e9c7d7dd7b854fb04b6004746ff67033d009a487cec 1.09GB / 3.00GB 143.0s
#5 sha256:1953a5f9db288f25e73653c276da7baef424fe5ff5196516e2386f0770d9f82e 1.04GB / 2.07GB 143.0s
#5 sha256:3d713c766757f36c900ea695c1fc13f03b052b34b57f7b77d970facf3e3d2204 157.29MB / 4.18GB 148.1s
#5 sha256:45e1402c720bfad2a6277e9c7d7dd7b854fb04b6004746ff67033d009a487cec 1.09GB / 3.00GB 148.1s
#5 sha256:1953a5f9db288f25e73653c276da7baef424fe5ff5196516e2386f0770d9f82e 1.10GB / 2.07GB 148.1s
#5 sha256:3d713c766757f36c900ea695c1fc13f03b052b34b57f7b77d970facf3e3d2204 157.29MB / 4.18GB 153.2s
#5 sha256:45e1402c720bfad2a6277e9c7d7dd7b854fb04b6004746ff67033d009a487cec 1.09GB / 3.00GB 153.2s
#5 sha256:1953a5f9db288f25e73653c276da7baef424fe5ff5196516e2386f0770d9f82e 1.18GB / 2.07GB 153.2s
#5 sha256:3d713c766757f36c900ea695c1fc13f03b052b34b57f7b77d970facf3e3d2204 157.29MB / 4.18GB 158.3s
#5 sha256:45e1402c720bfad2a6277e9c7d7dd7b854fb04b6004746ff67033d009a487cec 1.09GB / 3.00GB 158.3s
#5 sha256:1953a5f9db288f25e73653c276da7baef424fe5ff5196516e2386f0770d9f82e 1.26GB / 2.07GB 158.3s
#5 sha256:3d713c766757f36c900ea695c1fc13f03b052b34b57f7b77d970facf3e3d2204 157.29MB / 4.18GB 163.4s
#5 sha256:45e1402c720bfad2a6277e9c7d7dd7b854fb04b6004746ff67033d009a487cec 1.09GB / 3.00GB 163.4s
#5 sha256:1953a5f9db288f25e73653c276da7baef424fe5ff5196516e2386f0770d9f82e 1.34GB / 2.07GB 163.4s
#5 sha256:3d713c766757f36c900ea695c1fc13f03b052b34b57f7b77d970facf3e3d2204 157.29MB / 4.18GB 168.5s
#5 sha256:45e1402c720bfad2a6277e9c7d7dd7b854fb04b6004746ff67033d009a487cec 1.09GB / 3.00GB 168.5s
#5 sha256:1953a5f9db288f25e73653c276da7baef424fe5ff5196516e2386f0770d9f82e 1.42GB / 2.07GB 168.5s
#5 sha256:3d713c766757f36c900ea695c1fc13f03b052b34b57f7b77d970facf3e3d2204 157.29MB / 4.18GB 173.6s
#5 sha256:45e1402c720bfad2a6277e9c7d7dd7b854fb04b6004746ff67033d009a487cec 1.09GB / 3.00GB 173.6s
#5 sha256:1953a5f9db288f25e73653c276da7baef424fe5ff5196516e2386f0770d9f82e 1.51GB / 2.07GB 173.6s
#5 sha256:3d713c766757f36c900ea695c1fc13f03b052b34b57f7b77d970facf3e3d2204 157.29MB / 4.18GB 178.7s
#5 sha256:45e1402c720bfad2a6277e9c7d7dd7b854fb04b6004746ff67033d009a487cec 1.09GB / 3.00GB 178.7s
#5 sha256:1953a5f9db288f25e73653c276da7baef424fe5ff5196516e2386f0770d9f82e 1.58GB / 2.07GB 178.7s
#5 sha256:3d713c766757f36c900ea695c1fc13f03b052b34b57f7b77d970facf3e3d2204 157.29MB / 4.18GB 183.8s
#5 sha256:45e1402c720bfad2a6277e9c7d7dd7b854fb04b6004746ff67033d009a487cec 1.09GB / 3.00GB 183.8s
#5 sha256:1953a5f9db288f25e73653c276da7baef424fe5ff5196516e2386f0770d9f82e 1.67GB / 2.07GB 183.8s
#5 sha256:3d713c766757f36c900ea695c1fc13f03b052b34b57f7b77d970facf3e3d2204 157.29MB / 4.18GB 188.9s
#5 sha256:45e1402c720bfad2a6277e9c7d7dd7b854fb04b6004746ff67033d009a487cec 1.09GB / 3.00GB 188.9s
#5 sha256:1953a5f9db288f25e73653c276da7baef424fe5ff5196516e2386f0770d9f82e 1.74GB / 2.07GB 188.9s
#5 sha256:3d713c766757f36c900ea695c1fc13f03b052b34b57f7b77d970facf3e3d2204 157.29MB / 4.18GB 194.0s
#5 sha256:45e1402c720bfad2a6277e9c7d7dd7b854fb04b6004746ff67033d009a487cec 1.09GB / 3.00GB 194.0s
#5 sha256:1953a5f9db288f25e73653c276da7baef424fe5ff5196516e2386f0770d9f82e 1.82GB / 2.07GB 194.0s
#5 sha256:3d713c766757f36c900ea695c1fc13f03b052b34b57f7b77d970facf3e3d2204 157.29MB / 4.18GB 199.1s
#5 sha256:45e1402c720bfad2a6277e9c7d7dd7b854fb04b6004746ff67033d009a487cec 1.09GB / 3.00GB 199.1s
#5 sha256:1953a5f9db288f25e73653c276da7baef424fe5ff5196516e2386f0770d9f82e 1.91GB / 2.07GB 199.1s
#5 sha256:3d713c766757f36c900ea695c1fc13f03b052b34b57f7b77d970facf3e3d2204 157.29MB / 4.18GB 204.2s
#5 sha256:45e1402c720bfad2a6277e9c7d7dd7b854fb04b6004746ff67033d009a487cec 1.09GB / 3.00GB 204.2s
#5 sha256:1953a5f9db288f25e73653c276da7baef424fe5ff5196516e2386f0770d9f82e 1.99GB / 2.07GB 204.2s
#5 sha256:3d713c766757f36c900ea695c1fc13f03b052b34b57f7b77d970facf3e3d2204 157.29MB / 4.18GB 209.3s
#5 sha256:45e1402c720bfad2a6277e9c7d7dd7b854fb04b6004746ff67033d009a487cec 1.09GB / 3.00GB 209.3s
#5 sha256:1953a5f9db288f25e73653c276da7baef424fe5ff5196516e2386f0770d9f82e 2.07GB / 2.07GB 209.0s done
#5 extracting sha256:1953a5f9db288f25e73653c276da7baef424fe5ff5196516e2386f0770d9f82e
#5 sha256:3d713c766757f36c900ea695c1fc13f03b052b34b57f7b77d970facf3e3d2204 157.29MB / 4.18GB 214.4s
#5 sha256:45e1402c720bfad2a6277e9c7d7dd7b854fb04b6004746ff67033d009a487cec 1.09GB / 3.00GB 214.4s
#5 sha256:3d713c766757f36c900ea695c1fc13f03b052b34b57f7b77d970facf3e3d2204 157.29MB / 4.18GB 219.5s
#5 sha256:45e1402c720bfad2a6277e9c7d7dd7b854fb04b6004746ff67033d009a487cec 1.09GB / 3.00GB 219.5s
#5 extracting sha256:1953a5f9db288f25e73653c276da7baef424fe5ff5196516e2386f0770d9f82e 10.3s done
#5 extracting sha256:b13e9fc77f2ee4d9c1fccb42560fc8d63303af990508cc7dc027c13167e2ec0a
#5 extracting sha256:b13e9fc77f2ee4d9c1fccb42560fc8d63303af990508cc7dc027c13167e2ec0a 0.0s done
#5 extracting sha256:b382220814a0bae81e2197c16baf8ccc87b79c9d2d7f121171bb09e125f255a2 0.0s done
#5 extracting sha256:59348e3e6063ef4bb1ece1935244b57289f78338e283acd735de38cfd0cd3a41 0.0s done
#5 sha256:3d713c766757f36c900ea695c1fc13f03b052b34b57f7b77d970facf3e3d2204 157.29MB / 4.18GB 224.6s
#5 sha256:45e1402c720bfad2a6277e9c7d7dd7b854fb04b6004746ff67033d009a487cec 1.09GB / 3.00GB 224.6s
#5 sha256:3d713c766757f36c900ea695c1fc13f03b052b34b57f7b77d970facf3e3d2204 157.29MB / 4.18GB 229.7s
#5 sha256:45e1402c720bfad2a6277e9c7d7dd7b854fb04b6004746ff67033d009a487cec 1.09GB / 3.00GB 229.7s
#5 sha256:3d713c766757f36c900ea695c1fc13f03b052b34b57f7b77d970facf3e3d2204 157.29MB / 4.18GB 234.8s
#5 sha256:45e1402c720bfad2a6277e9c7d7dd7b854fb04b6004746ff67033d009a487cec 1.09GB / 3.00GB 234.8s
#5 sha256:3d713c766757f36c900ea695c1fc13f03b052b34b57f7b77d970facf3e3d2204 157.29MB / 4.18GB 239.9s
#5 sha256:45e1402c720bfad2a6277e9c7d7dd7b854fb04b6004746ff67033d009a487cec 1.09GB / 3.00GB 239.9s
#5 sha256:3d713c766757f36c900ea695c1fc13f03b052b34b57f7b77d970facf3e3d2204 177.21MB / 4.18GB 245.0s
#5 sha256:45e1402c720bfad2a6277e9c7d7dd7b854fb04b6004746ff67033d009a487cec 1.09GB / 3.00GB 245.0s
#5 sha256:3d713c766757f36c900ea695c1fc13f03b052b34b57f7b77d970facf3e3d2204 203.42MB / 4.18GB 250.1s
#5 sha256:45e1402c720bfad2a6277e9c7d7dd7b854fb04b6004746ff67033d009a487cec 1.09GB / 3.00GB 250.1s
#5 sha256:3d713c766757f36c900ea695c1fc13f03b052b34b57f7b77d970facf3e3d2204 228.59MB / 4.18GB 255.2s
#5 sha256:45e1402c720bfad2a6277e9c7d7dd7b854fb04b6004746ff67033d009a487cec 1.09GB / 3.00GB 255.2s
#5 sha256:3d713c766757f36c900ea695c1fc13f03b052b34b57f7b77d970facf3e3d2204 255.85MB / 4.18GB 260.3s
#5 sha256:45e1402c720bfad2a6277e9c7d7dd7b854fb04b6004746ff67033d009a487cec 1.09GB / 3.00GB 260.3s
#5 sha256:3d713c766757f36c900ea695c1fc13f03b052b34b57f7b77d970facf3e3d2204 282.07MB / 4.18GB 265.4s
#5 sha256:45e1402c720bfad2a6277e9c7d7dd7b854fb04b6004746ff67033d009a487cec 1.09GB / 3.00GB 265.4s
#5 sha256:3d713c766757f36c900ea695c1fc13f03b052b34b57f7b77d970facf3e3d2204 309.33MB / 4.18GB 270.5s
#5 sha256:45e1402c720bfad2a6277e9c7d7dd7b854fb04b6004746ff67033d009a487cec 1.09GB / 3.00GB 270.5s
#5 sha256:3d713c766757f36c900ea695c1fc13f03b052b34b57f7b77d970facf3e3d2204 365.95MB / 4.18GB 275.6s
#5 sha256:45e1402c720bfad2a6277e9c7d7dd7b854fb04b6004746ff67033d009a487cec 1.09GB / 3.00GB 275.6s
#5 sha256:3d713c766757f36c900ea695c1fc13f03b052b34b57f7b77d970facf3e3d2204 448.79MB / 4.18GB 280.7s
#5 sha256:45e1402c720bfad2a6277e9c7d7dd7b854fb04b6004746ff67033d009a487cec 1.09GB / 3.00GB 280.7s
#5 sha256:3d713c766757f36c900ea695c1fc13f03b052b34b57f7b77d970facf3e3d2204 526.39MB / 4.18GB 285.8s
#5 sha256:45e1402c720bfad2a6277e9c7d7dd7b854fb04b6004746ff67033d009a487cec 1.09GB / 3.00GB 285.8s
#5 sha256:3d713c766757f36c900ea695c1fc13f03b052b34b57f7b77d970facf3e3d2204 616.56MB / 4.18GB 290.9s
#5 sha256:45e1402c720bfad2a6277e9c7d7dd7b854fb04b6004746ff67033d009a487cec 1.09GB / 3.00GB 290.9s
#5 sha256:3d713c766757f36c900ea695c1fc13f03b052b34b57f7b77d970facf3e3d2204 698.35MB / 4.18GB 296.0s
#5 sha256:45e1402c720bfad2a6277e9c7d7dd7b854fb04b6004746ff67033d009a487cec 1.09GB / 3.00GB 296.0s
#5 sha256:3d713c766757f36c900ea695c1fc13f03b052b34b57f7b77d970facf3e3d2204 779.09MB / 4.18GB 301.1s
#5 sha256:45e1402c720bfad2a6277e9c7d7dd7b854fb04b6004746ff67033d009a487cec 1.09GB / 3.00GB 301.1s
#5 sha256:3d713c766757f36c900ea695c1fc13f03b052b34b57f7b77d970facf3e3d2204 861.93MB / 4.18GB 306.2s
#5 sha256:45e1402c720bfad2a6277e9c7d7dd7b854fb04b6004746ff67033d009a487cec 1.09GB / 3.00GB 306.2s
#5 sha256:3d713c766757f36c900ea695c1fc13f03b052b34b57f7b77d970facf3e3d2204 944.77MB / 4.18GB 311.3s
#5 sha256:45e1402c720bfad2a6277e9c7d7dd7b854fb04b6004746ff67033d009a487cec 1.09GB / 3.00GB 311.3s
#5 sha256:3d713c766757f36c900ea695c1fc13f03b052b34b57f7b77d970facf3e3d2204 1.02GB / 4.18GB 316.4s
#5 sha256:45e1402c720bfad2a6277e9c7d7dd7b854fb04b6004746ff67033d009a487cec 1.09GB / 3.00GB 316.4s
#5 sha256:3d713c766757f36c900ea695c1fc13f03b052b34b57f7b77d970facf3e3d2204 1.10GB / 4.18GB 321.5s
#5 sha256:45e1402c720bfad2a6277e9c7d7dd7b854fb04b6004746ff67033d009a487cec 1.09GB / 3.00GB 321.5s
#5 sha256:3d713c766757f36c900ea695c1fc13f03b052b34b57f7b77d970facf3e3d2204 1.19GB / 4.18GB 326.6s
#5 sha256:45e1402c720bfad2a6277e9c7d7dd7b854fb04b6004746ff67033d009a487cec 1.09GB / 3.00GB 326.6s
#5 sha256:3d713c766757f36c900ea695c1fc13f03b052b34b57f7b77d970facf3e3d2204 1.27GB / 4.18GB 331.7s
#5 sha256:45e1402c720bfad2a6277e9c7d7dd7b854fb04b6004746ff67033d009a487cec 1.09GB / 3.00GB 331.7s
#5 sha256:3d713c766757f36c900ea695c1fc13f03b052b34b57f7b77d970facf3e3d2204 1.36GB / 4.18GB 336.8s
#5 sha256:45e1402c720bfad2a6277e9c7d7dd7b854fb04b6004746ff67033d009a487cec 1.09GB / 3.00GB 336.8s
#5 sha256:3d713c766757f36c900ea695c1fc13f03b052b34b57f7b77d970facf3e3d2204 1.43GB / 4.18GB 341.9s
#5 sha256:45e1402c720bfad2a6277e9c7d7dd7b854fb04b6004746ff67033d009a487cec 1.09GB / 3.00GB 341.9s
#5 sha256:3d713c766757f36c900ea695c1fc13f03b052b34b57f7b77d970facf3e3d2204 1.52GB / 4.18GB 347.0s
#5 sha256:45e1402c720bfad2a6277e9c7d7dd7b854fb04b6004746ff67033d009a487cec 1.09GB / 3.00GB 347.0s
#5 sha256:3d713c766757f36c900ea695c1fc13f03b052b34b57f7b77d970facf3e3d2204 1.61GB / 4.18GB 352.1s
#5 sha256:45e1402c720bfad2a6277e9c7d7dd7b854fb04b6004746ff67033d009a487cec 1.09GB / 3.00GB 352.1s
#5 sha256:3d713c766757f36c900ea695c1fc13f03b052b34b57f7b77d970facf3e3d2204 1.68GB / 4.18GB 357.2s
#5 sha256:45e1402c720bfad2a6277e9c7d7dd7b854fb04b6004746ff67033d009a487cec 1.09GB / 3.00GB 357.2s
#5 sha256:3d713c766757f36c900ea695c1fc13f03b052b34b57f7b77d970facf3e3d2204 1.76GB / 4.18GB 362.3s
#5 sha256:45e1402c720bfad2a6277e9c7d7dd7b854fb04b6004746ff67033d009a487cec 1.09GB / 3.00GB 362.3s
#5 sha256:3d713c766757f36c900ea695c1fc13f03b052b34b57f7b77d970facf3e3d2204 1.84GB / 4.18GB 367.4s
#5 sha256:45e1402c720bfad2a6277e9c7d7dd7b854fb04b6004746ff67033d009a487cec 1.09GB / 3.00GB 367.4s
#5 sha256:3d713c766757f36c900ea695c1fc13f03b052b34b57f7b77d970facf3e3d2204 1.92GB / 4.18GB 372.5s
#5 sha256:45e1402c720bfad2a6277e9c7d7dd7b854fb04b6004746ff67033d009a487cec 1.09GB / 3.00GB 372.5s
#5 sha256:3d713c766757f36c900ea695c1fc13f03b052b34b57f7b77d970facf3e3d2204 2.01GB / 4.18GB 377.6s
#5 sha256:45e1402c720bfad2a6277e9c7d7dd7b854fb04b6004746ff67033d009a487cec 1.09GB / 3.00GB 377.6s
#5 sha256:3d713c766757f36c900ea695c1fc13f03b052b34b57f7b77d970facf3e3d2204 2.09GB / 4.18GB 382.7s
#5 sha256:45e1402c720bfad2a6277e9c7d7dd7b854fb04b6004746ff67033d009a487cec 1.09GB / 3.00GB 382.7s
#5 sha256:3d713c766757f36c900ea695c1fc13f03b052b34b57f7b77d970facf3e3d2204 2.17GB / 4.18GB 387.8s
#5 sha256:45e1402c720bfad2a6277e9c7d7dd7b854fb04b6004746ff67033d009a487cec 1.09GB / 3.00GB 387.8s
#5 sha256:3d713c766757f36c900ea695c1fc13f03b052b34b57f7b77d970facf3e3d2204 2.24GB / 4.18GB 392.9s
#5 sha256:45e1402c720bfad2a6277e9c7d7dd7b854fb04b6004746ff67033d009a487cec 1.09GB / 3.00GB 392.9s
#5 sha256:3d713c766757f36c900ea695c1fc13f03b052b34b57f7b77d970facf3e3d2204 2.33GB / 4.18GB 398.0s
#5 sha256:45e1402c720bfad2a6277e9c7d7dd7b854fb04b6004746ff67033d009a487cec 1.09GB / 3.00GB 398.0s
#5 sha256:3d713c766757f36c900ea695c1fc13f03b052b34b57f7b77d970facf3e3d2204 2.41GB / 4.18GB 403.1s
#5 sha256:45e1402c720bfad2a6277e9c7d7dd7b854fb04b6004746ff67033d009a487cec 1.09GB / 3.00GB 403.1s
#5 sha256:3d713c766757f36c900ea695c1fc13f03b052b34b57f7b77d970facf3e3d2204 2.49GB / 4.18GB 408.2s
#5 sha256:45e1402c720bfad2a6277e9c7d7dd7b854fb04b6004746ff67033d009a487cec 1.09GB / 3.00GB 408.2s
#5 sha256:3d713c766757f36c900ea695c1fc13f03b052b34b57f7b77d970facf3e3d2204 2.57GB / 4.18GB 413.3s
#5 sha256:45e1402c720bfad2a6277e9c7d7dd7b854fb04b6004746ff67033d009a487cec 1.09GB / 3.00GB 413.3s
#5 sha256:3d713c766757f36c900ea695c1fc13f03b052b34b57f7b77d970facf3e3d2204 2.65GB / 4.18GB 418.4s
#5 sha256:45e1402c720bfad2a6277e9c7d7dd7b854fb04b6004746ff67033d009a487cec 1.09GB / 3.00GB 418.4s
#5 sha256:3d713c766757f36c900ea695c1fc13f03b052b34b57f7b77d970facf3e3d2204 2.73GB / 4.18GB 423.5s
#5 sha256:45e1402c720bfad2a6277e9c7d7dd7b854fb04b6004746ff67033d009a487cec 1.09GB / 3.00GB 423.5s
#5 sha256:3d713c766757f36c900ea695c1fc13f03b052b34b57f7b77d970facf3e3d2204 2.82GB / 4.18GB 428.6s
#5 sha256:45e1402c720bfad2a6277e9c7d7dd7b854fb04b6004746ff67033d009a487cec 1.09GB / 3.00GB 428.6s
#5 sha256:3d713c766757f36c900ea695c1fc13f03b052b34b57f7b77d970facf3e3d2204 2.88GB / 4.18GB 433.7s
#5 sha256:45e1402c720bfad2a6277e9c7d7dd7b854fb04b6004746ff67033d009a487cec 1.09GB / 3.00GB 433.7s
#5 sha256:3d713c766757f36c900ea695c1fc13f03b052b34b57f7b77d970facf3e3d2204 2.96GB / 4.18GB 438.8s
#5 sha256:45e1402c720bfad2a6277e9c7d7dd7b854fb04b6004746ff67033d009a487cec 1.09GB / 3.00GB 438.8s
#5 sha256:3d713c766757f36c900ea695c1fc13f03b052b34b57f7b77d970facf3e3d2204 3.02GB / 4.18GB 443.9s
#5 sha256:45e1402c720bfad2a6277e9c7d7dd7b854fb04b6004746ff67033d009a487cec 1.09GB / 3.00GB 443.9s
#5 sha256:3d713c766757f36c900ea695c1fc13f03b052b34b57f7b77d970facf3e3d2204 3.10GB / 4.18GB 449.0s
#5 sha256:45e1402c720bfad2a6277e9c7d7dd7b854fb04b6004746ff67033d009a487cec 1.09GB / 3.00GB 449.0s
#5 sha256:3d713c766757f36c900ea695c1fc13f03b052b34b57f7b77d970facf3e3d2204 3.18GB / 4.18GB 454.1s
#5 sha256:45e1402c720bfad2a6277e9c7d7dd7b854fb04b6004746ff67033d009a487cec 1.09GB / 3.00GB 454.1s
#5 sha256:3d713c766757f36c900ea695c1fc13f03b052b34b57f7b77d970facf3e3d2204 3.27GB / 4.18GB 459.2s
#5 sha256:45e1402c720bfad2a6277e9c7d7dd7b854fb04b6004746ff67033d009a487cec 1.09GB / 3.00GB 459.2s
#5 sha256:3d713c766757f36c900ea695c1fc13f03b052b34b57f7b77d970facf3e3d2204 3.34GB / 4.18GB 464.3s
#5 sha256:45e1402c720bfad2a6277e9c7d7dd7b854fb04b6004746ff67033d009a487cec 1.09GB / 3.00GB 464.3s
#5 sha256:3d713c766757f36c900ea695c1fc13f03b052b34b57f7b77d970facf3e3d2204 3.42GB / 4.18GB 469.4s
#5 sha256:45e1402c720bfad2a6277e9c7d7dd7b854fb04b6004746ff67033d009a487cec 1.09GB / 3.00GB 469.4s
#5 sha256:3d713c766757f36c900ea695c1fc13f03b052b34b57f7b77d970facf3e3d2204 3.50GB / 4.18GB 474.5s
#5 sha256:45e1402c720bfad2a6277e9c7d7dd7b854fb04b6004746ff67033d009a487cec 1.09GB / 3.00GB 474.5s
#5 sha256:3d713c766757f36c900ea695c1fc13f03b052b34b57f7b77d970facf3e3d2204 3.58GB / 4.18GB 479.6s
#5 sha256:45e1402c720bfad2a6277e9c7d7dd7b854fb04b6004746ff67033d009a487cec 1.09GB / 3.00GB 479.6s
#5 sha256:3d713c766757f36c900ea695c1fc13f03b052b34b57f7b77d970facf3e3d2204 3.67GB / 4.18GB 484.7s
#5 sha256:45e1402c720bfad2a6277e9c7d7dd7b854fb04b6004746ff67033d009a487cec 1.09GB / 3.00GB 484.7s
#5 sha256:3d713c766757f36c900ea695c1fc13f03b052b34b57f7b77d970facf3e3d2204 3.74GB / 4.18GB 489.8s
#5 sha256:45e1402c720bfad2a6277e9c7d7dd7b854fb04b6004746ff67033d009a487cec 1.09GB / 3.00GB 489.8s
#5 sha256:3d713c766757f36c900ea695c1fc13f03b052b34b57f7b77d970facf3e3d2204 3.82GB / 4.18GB 494.9s
#5 sha256:45e1402c720bfad2a6277e9c7d7dd7b854fb04b6004746ff67033d009a487cec 1.09GB / 3.00GB 494.9s
#5 sha256:3d713c766757f36c900ea695c1fc13f03b052b34b57f7b77d970facf3e3d2204 3.90GB / 4.18GB 500.0s
#5 sha256:45e1402c720bfad2a6277e9c7d7dd7b854fb04b6004746ff67033d009a487cec 1.09GB / 3.00GB 500.0s
#5 sha256:3d713c766757f36c900ea695c1fc13f03b052b34b57f7b77d970facf3e3d2204 3.99GB / 4.18GB 505.1s
#5 sha256:45e1402c720bfad2a6277e9c7d7dd7b854fb04b6004746ff67033d009a487cec 1.09GB / 3.00GB 505.1s
#5 sha256:3d713c766757f36c900ea695c1fc13f03b052b34b57f7b77d970facf3e3d2204 4.07GB / 4.18GB 510.2s
#5 sha256:45e1402c720bfad2a6277e9c7d7dd7b854fb04b6004746ff67033d009a487cec 1.09GB / 3.00GB 510.2s
#5 sha256:3d713c766757f36c900ea695c1fc13f03b052b34b57f7b77d970facf3e3d2204 4.16GB / 4.18GB 515.3s
#5 sha256:45e1402c720bfad2a6277e9c7d7dd7b854fb04b6004746ff67033d009a487cec 1.09GB / 3.00GB 515.3s
#5 sha256:3d713c766757f36c900ea695c1fc13f03b052b34b57f7b77d970facf3e3d2204 4.18GB / 4.18GB 516.7s done
#5 sha256:45e1402c720bfad2a6277e9c7d7dd7b854fb04b6004746ff67033d009a487cec 1.09GB / 3.00GB 520.4s
#5 sha256:45e1402c720bfad2a6277e9c7d7dd7b854fb04b6004746ff67033d009a487cec 1.09GB / 3.00GB 525.5s
#5 sha256:45e1402c720bfad2a6277e9c7d7dd7b854fb04b6004746ff67033d009a487cec 1.09GB / 3.00GB 530.6s
#5 sha256:45e1402c720bfad2a6277e9c7d7dd7b854fb04b6004746ff67033d009a487cec 1.09GB / 3.00GB 535.7s
#5 sha256:45e1402c720bfad2a6277e9c7d7dd7b854fb04b6004746ff67033d009a487cec 1.09GB / 3.00GB 540.8s
#5 sha256:45e1402c720bfad2a6277e9c7d7dd7b854fb04b6004746ff67033d009a487cec 1.09GB / 3.00GB 545.9s
#5 sha256:45e1402c720bfad2a6277e9c7d7dd7b854fb04b6004746ff67033d009a487cec 1.09GB / 3.00GB 551.0s
#5 sha256:45e1402c720bfad2a6277e9c7d7dd7b854fb04b6004746ff67033d009a487cec 1.09GB / 3.00GB 556.1s
#5 sha256:45e1402c720bfad2a6277e9c7d7dd7b854fb04b6004746ff67033d009a487cec 1.09GB / 3.00GB 561.2s
#5 sha256:45e1402c720bfad2a6277e9c7d7dd7b854fb04b6004746ff67033d009a487cec 1.09GB / 3.00GB 566.3s
#5 sha256:45e1402c720bfad2a6277e9c7d7dd7b854fb04b6004746ff67033d009a487cec 1.09GB / 3.00GB 571.4s
#5 572.9 error: failed to copy: read tcp 172.16.101.48:57534->13.225.134.51:443: read: connection timed out
#5 572.9 retrying in 1s
#5 ...

#6 [auth] pytorch/pytorch:pull token for registry-1.docker.io
#6 DONE 0.0s

#5 [1/5] FROM docker.io/pytorch/pytorch:2.7.1-cuda12.8-cudnn9-devel@sha256:3d614dfd422b7e43647491cbf07d6acc516c032fc49c594a94afdebd52552fb9
#5 sha256:45e1402c720bfad2a6277e9c7d7dd7b854fb04b6004746ff67033d009a487cec 1.09GB / 3.00GB 2.3s
#5 sha256:45e1402c720bfad2a6277e9c7d7dd7b854fb04b6004746ff67033d009a487cec 1.13GB / 3.00GB 7.4s
#5 sha256:45e1402c720bfad2a6277e9c7d7dd7b854fb04b6004746ff67033d009a487cec 1.21GB / 3.00GB 12.5s
#5 sha256:45e1402c720bfad2a6277e9c7d7dd7b854fb04b6004746ff67033d009a487cec 1.30GB / 3.00GB 17.6s
#5 sha256:45e1402c720bfad2a6277e9c7d7dd7b854fb04b6004746ff67033d009a487cec 1.37GB / 3.00GB 22.7s
#5 sha256:45e1402c720bfad2a6277e9c7d7dd7b854fb04b6004746ff67033d009a487cec 1.45GB / 3.00GB 27.8s
#5 sha256:45e1402c720bfad2a6277e9c7d7dd7b854fb04b6004746ff67033d009a487cec 1.52GB / 3.00GB 32.9s
#5 sha256:45e1402c720bfad2a6277e9c7d7dd7b854fb04b6004746ff67033d009a487cec 1.61GB / 3.00GB 38.0s
#5 sha256:45e1402c720bfad2a6277e9c7d7dd7b854fb04b6004746ff67033d009a487cec 1.68GB / 3.00GB 43.1s
#5 sha256:45e1402c720bfad2a6277e9c7d7dd7b854fb04b6004746ff67033d009a487cec 1.78GB / 3.00GB 48.2s
#5 sha256:45e1402c720bfad2a6277e9c7d7dd7b854fb04b6004746ff67033d009a487cec 1.86GB / 3.00GB 53.3s
#5 sha256:45e1402c720bfad2a6277e9c7d7dd7b854fb04b6004746ff67033d009a487cec 1.93GB / 3.00GB 58.4s
#5 sha256:45e1402c720bfad2a6277e9c7d7dd7b854fb04b6004746ff67033d009a487cec 2.02GB / 3.00GB 63.5s
#5 sha256:45e1402c720bfad2a6277e9c7d7dd7b854fb04b6004746ff67033d009a487cec 2.10GB / 3.00GB 68.6s
#5 sha256:45e1402c720bfad2a6277e9c7d7dd7b854fb04b6004746ff67033d009a487cec 2.18GB / 3.00GB 73.7s
#5 sha256:45e1402c720bfad2a6277e9c7d7dd7b854fb04b6004746ff67033d009a487cec 2.27GB / 3.00GB 78.8s
#5 sha256:45e1402c720bfad2a6277e9c7d7dd7b854fb04b6004746ff67033d009a487cec 2.34GB / 3.00GB 83.9s
#5 sha256:45e1402c720bfad2a6277e9c7d7dd7b854fb04b6004746ff67033d009a487cec 2.42GB / 3.00GB 89.0s
#5 sha256:45e1402c720bfad2a6277e9c7d7dd7b854fb04b6004746ff67033d009a487cec 2.50GB / 3.00GB 94.1s
#5 sha256:45e1402c720bfad2a6277e9c7d7dd7b854fb04b6004746ff67033d009a487cec 2.58GB / 3.00GB 99.2s
#5 sha256:45e1402c720bfad2a6277e9c7d7dd7b854fb04b6004746ff67033d009a487cec 2.65GB / 3.00GB 104.3s
#5 sha256:45e1402c720bfad2a6277e9c7d7dd7b854fb04b6004746ff67033d009a487cec 2.74GB / 3.00GB 109.4s
#5 sha256:45e1402c720bfad2a6277e9c7d7dd7b854fb04b6004746ff67033d009a487cec 2.83GB / 3.00GB 114.5s
#5 sha256:45e1402c720bfad2a6277e9c7d7dd7b854fb04b6004746ff67033d009a487cec 2.91GB / 3.00GB 119.6s
#5 sha256:45e1402c720bfad2a6277e9c7d7dd7b854fb04b6004746ff67033d009a487cec 2.99GB / 3.00GB 124.7s
#5 sha256:45e1402c720bfad2a6277e9c7d7dd7b854fb04b6004746ff67033d009a487cec 3.00GB / 3.00GB 125.5s done
#5 extracting sha256:45e1402c720bfad2a6277e9c7d7dd7b854fb04b6004746ff67033d009a487cec
#5 extracting sha256:45e1402c720bfad2a6277e9c7d7dd7b854fb04b6004746ff67033d009a487cec 16.5s done
#5 DONE 717.1s

#5 [1/5] FROM docker.io/pytorch/pytorch:2.7.1-cuda12.8-cudnn9-devel@sha256:3d614dfd422b7e43647491cbf07d6acc516c032fc49c594a94afdebd52552fb9
#5 extracting sha256:3403bc95ab984f2262fd77c3b4b4e7344562bc00f811baaccb7e81f477370488 0.0s done
#5 extracting sha256:44d78ae4d2d431e61098a6a39bb78ab0c19dde2af9faa49840162053191543f0 0.1s done
#5 extracting sha256:3d713c766757f36c900ea695c1fc13f03b052b34b57f7b77d970facf3e3d2204
#5 extracting sha256:3d713c766757f36c900ea695c1fc13f03b052b34b57f7b77d970facf3e3d2204 26.3s done
#5 DONE 743.5s

#5 [1/5] FROM docker.io/pytorch/pytorch:2.7.1-cuda12.8-cudnn9-devel@sha256:3d614dfd422b7e43647491cbf07d6acc516c032fc49c594a94afdebd52552fb9
#5 extracting sha256:4f4fb700ef54461cfa02571ae0db9a0dc1e0cdb5577484a6d75e68dc38e8acc1 0.0s done
#5 extracting sha256:be6076e121b52bef30ee7932948a10c7f386b01ef6f2f0516e549f6d463ab0d4 0.0s done
#5 DONE 743.5s

#7 [2/5] RUN apt-get update && apt-get install -y --no-install-recommends     libvulkan1 libgl1 libglib2.0-0 libgomp1 libx11-6 libxext6     build-essential git ninja-build     && rm -rf /var/lib/apt/lists/*
#7 0.335 Get:1 https://developer.download.nvidia.com/compute/cuda/repos/ubuntu2204/x86_64  InRelease [1578 B]
#7 0.419 Get:2 https://developer.download.nvidia.com/compute/cuda/repos/ubuntu2204/x86_64  Packages [3037 kB]
#7 0.615 Get:3 http://archive.ubuntu.com/ubuntu jammy InRelease [270 kB]
#7 0.756 Get:4 http://security.ubuntu.com/ubuntu jammy-security InRelease [129 kB]
#7 1.777 Get:5 http://archive.ubuntu.com/ubuntu jammy-updates InRelease [128 kB]
#7 2.057 Get:6 http://archive.ubuntu.com/ubuntu jammy-backports InRelease [127 kB]
#7 2.074 Get:7 http://security.ubuntu.com/ubuntu jammy-security/main amd64 Packages [4355 kB]
#7 2.339 Get:8 http://archive.ubuntu.com/ubuntu jammy/multiverse amd64 Packages [266 kB]
#7 2.493 Get:9 http://archive.ubuntu.com/ubuntu jammy/universe amd64 Packages [17.5 MB]
#7 5.100 Get:10 http://security.ubuntu.com/ubuntu jammy-security/multiverse amd64 Packages [84.6 kB]
#7 5.105 Get:11 http://security.ubuntu.com/ubuntu jammy-security/universe amd64 Packages [1321 kB]
#7 5.183 Get:12 http://security.ubuntu.com/ubuntu jammy-security/restricted amd64 Packages [7819 kB]
#7 6.238 Get:13 http://archive.ubuntu.com/ubuntu jammy/restricted amd64 Packages [164 kB]
#7 6.245 Get:14 http://archive.ubuntu.com/ubuntu jammy/main amd64 Packages [1792 kB]
#7 6.660 Get:15 http://archive.ubuntu.com/ubuntu jammy-updates/universe amd64 Packages [1623 kB]
#7 6.753 Get:16 http://archive.ubuntu.com/ubuntu jammy-updates/main amd64 Packages [4697 kB]
#7 7.086 Get:17 http://archive.ubuntu.com/ubuntu jammy-updates/multiverse amd64 Packages [93.2 kB]
#7 7.091 Get:18 http://archive.ubuntu.com/ubuntu jammy-updates/restricted amd64 Packages [8124 kB]
#7 7.729 Get:19 http://archive.ubuntu.com/ubuntu jammy-backports/main amd64 Packages [82.9 kB]
#7 7.729 Get:20 http://archive.ubuntu.com/ubuntu jammy-backports/universe amd64 Packages [35.6 kB]
#7 7.921 Fetched 51.6 MB in 8s (6685 kB/s)
#7 7.921 Reading package lists...
#7 8.617 Reading package lists...
#7 9.354 Building dependency tree...
#7 9.537 Reading state information...
#7 9.692 build-essential is already the newest version (12.9ubuntu3).
#7 9.692 build-essential set to manually installed.
#7 9.692 The following additional packages will be installed:
#7 9.692   gcc-12-base git-man libatomic1 libbrotli1 libbsd0 libcc1-0 libcurl3-gnutls
#7 9.692   libdrm-amdgpu1 libdrm-common libdrm-intel1 libdrm-nouveau2 libdrm-radeon1
#7 9.692   libdrm2 libedit2 libelf1 liberror-perl libexpat1 libgcc-s1 libgl1-mesa-dri
#7 9.692   libglapi-mesa libglvnd0 libglx-mesa0 libglx0 libicu70 libitm1 libllvm15
#7 9.692   liblsan0 libmd0 libnghttp2-14 libpciaccess0 libpsl5 libquadmath0 librtmp1
#7 9.692   libsensors-config libsensors5 libssh-4 libstdc++6 libubsan1 libx11-data
#7 9.692   libx11-xcb1 libxau6 libxcb-dri2-0 libxcb-dri3-0 libxcb-glx0 libxcb-present0
#7 9.692   libxcb-randr0 libxcb-shm0 libxcb-sync1 libxcb-xfixes0 libxcb1 libxdmcp6
#7 9.692   libxfixes3 libxml2 libxshmfence1 libxxf86vm1
#7 9.693 Suggested packages:
#7 9.693   gettext-base git-daemon-run | git-daemon-sysvinit git-doc git-email git-gui
#7 9.693   gitk gitweb git-cvs git-mediawiki git-svn pciutils lm-sensors python3
#7 9.693 Recommended packages:
#7 9.693   less ssh-client libgl1-amber-dri libglib2.0-data shared-mime-info
#7 9.693   xdg-user-dirs publicsuffix mesa-vulkan-drivers | vulkan-icd
#7 9.754 The following NEW packages will be installed:
#7 9.754   git git-man libbrotli1 libbsd0 libcurl3-gnutls libdrm-amdgpu1 libdrm-common
#7 9.754   libdrm-intel1 libdrm-nouveau2 libdrm-radeon1 libdrm2 libedit2 libelf1
#7 9.754   liberror-perl libexpat1 libgl1 libgl1-mesa-dri libglapi-mesa libglib2.0-0
#7 9.754   libglvnd0 libglx-mesa0 libglx0 libicu70 libllvm15 libmd0 libnghttp2-14
#7 9.754   libpciaccess0 libpsl5 librtmp1 libsensors-config libsensors5 libssh-4
#7 9.754   libvulkan1 libx11-6 libx11-data libx11-xcb1 libxau6 libxcb-dri2-0
#7 9.754   libxcb-dri3-0 libxcb-glx0 libxcb-present0 libxcb-randr0 libxcb-shm0
#7 9.754   libxcb-sync1 libxcb-xfixes0 libxcb1 libxdmcp6 libxext6 libxfixes3 libxml2
#7 9.755   libxshmfence1 libxxf86vm1 ninja-build
#7 9.755 The following packages will be upgraded:
#7 9.755   gcc-12-base libatomic1 libcc1-0 libgcc-s1 libgomp1 libitm1 liblsan0
#7 9.756   libquadmath0 libstdc++6 libubsan1
#7 10.19 10 upgraded, 53 newly installed, 0 to remove and 142 not upgraded.
#7 10.19 Need to get 57.8 MB of archives.
#7 10.19 After this operation, 224 MB of additional disk space will be used.
#7 10.19 Get:1 http://archive.ubuntu.com/ubuntu jammy-updates/main amd64 libatomic1 amd64 12.3.0-1ubuntu1~22.04.3 [10.5 kB]
#7 10.39 Get:2 http://archive.ubuntu.com/ubuntu jammy-updates/main amd64 libubsan1 amd64 12.3.0-1ubuntu1~22.04.3 [976 kB]
#7 11.58 Get:3 http://archive.ubuntu.com/ubuntu jammy-updates/main amd64 gcc-12-base amd64 12.3.0-1ubuntu1~22.04.3 [216 kB]
#7 11.64 Get:4 http://archive.ubuntu.com/ubuntu jammy-updates/main amd64 libstdc++6 amd64 12.3.0-1ubuntu1~22.04.3 [699 kB]
#7 11.77 Get:5 http://archive.ubuntu.com/ubuntu jammy-updates/main amd64 libquadmath0 amd64 12.3.0-1ubuntu1~22.04.3 [154 kB]
#7 11.79 Get:6 http://archive.ubuntu.com/ubuntu jammy-updates/main amd64 liblsan0 amd64 12.3.0-1ubuntu1~22.04.3 [1069 kB]
#7 11.92 Get:7 http://archive.ubuntu.com/ubuntu jammy-updates/main amd64 libitm1 amd64 12.3.0-1ubuntu1~22.04.3 [30.2 kB]
#7 11.92 Get:8 http://archive.ubuntu.com/ubuntu jammy-updates/main amd64 libgomp1 amd64 12.3.0-1ubuntu1~22.04.3 [127 kB]
#7 11.93 Get:9 http://archive.ubuntu.com/ubuntu jammy-updates/main amd64 libcc1-0 amd64 12.3.0-1ubuntu1~22.04.3 [48.3 kB]
#7 11.94 Get:10 http://archive.ubuntu.com/ubuntu jammy-updates/main amd64 libgcc-s1 amd64 12.3.0-1ubuntu1~22.04.3 [53.9 kB]
#7 11.94 Get:11 http://archive.ubuntu.com/ubuntu jammy/main amd64 libmd0 amd64 1.0.4-1build1 [23.0 kB]
#7 11.95 Get:12 http://archive.ubuntu.com/ubuntu jammy/main amd64 libbsd0 amd64 0.11.5-1 [44.8 kB]
#7 11.99 Get:13 http://archive.ubuntu.com/ubuntu jammy-updates/main amd64 libelf1 amd64 0.186-1ubuntu0.1 [51.1 kB]
#7 12.00 Get:14 http://archive.ubuntu.com/ubuntu jammy-updates/main amd64 libexpat1 amd64 2.4.7-1ubuntu0.9 [96.9 kB]
#7 12.20 Get:15 http://archive.ubuntu.com/ubuntu jammy-updates/main amd64 libglib2.0-0 amd64 2.72.4-0ubuntu2.10 [1469 kB]
#7 12.26 Get:16 http://archive.ubuntu.com/ubuntu jammy/main amd64 libicu70 amd64 70.1-2 [10.6 MB]
#7 12.68 Get:17 http://archive.ubuntu.com/ubuntu jammy-updates/main amd64 libxml2 amd64 2.9.13+dfsg-1ubuntu0.13 [764 kB]
#7 12.69 Get:18 http://archive.ubuntu.com/ubuntu jammy-updates/main amd64 libdrm-common all 2.4.113-2~ubuntu0.22.04.1 [5450 B]
#7 12.69 Get:19 http://archive.ubuntu.com/ubuntu jammy-updates/main amd64 libdrm2 amd64 2.4.113-2~ubuntu0.22.04.1 [38.1 kB]
#7 12.69 Get:20 http://archive.ubuntu.com/ubuntu jammy/main amd64 libedit2 amd64 3.1-20210910-1build1 [96.8 kB]
#7 12.69 Get:21 http://archive.ubuntu.com/ubuntu jammy-updates/main amd64 libnghttp2-14 amd64 1.43.0-1ubuntu0.4 [76.9 kB]
#7 12.69 Get:22 http://archive.ubuntu.com/ubuntu jammy/main amd64 libpsl5 amd64 0.21.0-1.2build2 [58.4 kB]
#7 12.70 Get:23 http://archive.ubuntu.com/ubuntu jammy/main amd64 libxau6 amd64 1:1.0.9-1build5 [7634 B]
#7 12.70 Get:24 http://archive.ubuntu.com/ubuntu jammy/main amd64 libxdmcp6 amd64 1:1.1.3-0ubuntu5 [10.9 kB]
#7 12.70 Get:25 http://archive.ubuntu.com/ubuntu jammy/main amd64 libxcb1 amd64 1.14-3ubuntu3 [49.0 kB]
#7 12.88 Get:26 http://archive.ubuntu.com/ubuntu jammy-updates/main amd64 libx11-data all 2:1.7.5-1ubuntu0.3 [120 kB]
#7 13.09 Get:27 http://archive.ubuntu.com/ubuntu jammy-updates/main amd64 libx11-6 amd64 2:1.7.5-1ubuntu0.3 [667 kB]
#7 13.30 Get:28 http://archive.ubuntu.com/ubuntu jammy/main amd64 libxext6 amd64 2:1.3.4-1build1 [31.8 kB]
#7 13.30 Get:29 http://archive.ubuntu.com/ubuntu jammy/main amd64 libbrotli1 amd64 1.0.9-2build6 [315 kB]
#7 13.30 Get:30 http://archive.ubuntu.com/ubuntu jammy/main amd64 librtmp1 amd64 2.4+20151223.gitfa8646d.1-2build4 [58.2 kB]
#7 13.30 Get:31 http://archive.ubuntu.com/ubuntu jammy-updates/main amd64 libssh-4 amd64 0.9.6-2ubuntu0.22.04.8 [189 kB]
#7 13.30 Get:32 http://archive.ubuntu.com/ubuntu jammy-updates/main amd64 libcurl3-gnutls amd64 7.81.0-1ubuntu1.29 [286 kB]
#7 13.30 Get:33 http://archive.ubuntu.com/ubuntu jammy/main amd64 liberror-perl all 0.17029-1 [26.5 kB]
#7 13.31 Get:34 http://archive.ubuntu.com/ubuntu jammy-updates/main amd64 git-man all 1:2.34.1-1ubuntu1.17 [954 kB]
#7 13.31 Get:35 http://archive.ubuntu.com/ubuntu jammy-updates/main amd64 git amd64 1:2.34.1-1ubuntu1.17 [3174 kB]
#7 13.32 Get:36 http://archive.ubuntu.com/ubuntu jammy-updates/main amd64 libdrm-amdgpu1 amd64 2.4.113-2~ubuntu0.22.04.1 [19.9 kB]
#7 13.51 Get:37 http://archive.ubuntu.com/ubuntu jammy/main amd64 libpciaccess0 amd64 0.16-3 [19.1 kB]
#7 13.53 Get:38 http://archive.ubuntu.com/ubuntu jammy-updates/main amd64 libdrm-intel1 amd64 2.4.113-2~ubuntu0.22.04.1 [66.7 kB]
#7 13.53 Get:39 http://archive.ubuntu.com/ubuntu jammy-updates/main amd64 libdrm-nouveau2 amd64 2.4.113-2~ubuntu0.22.04.1 [17.5 kB]
#7 13.53 Get:40 http://archive.ubuntu.com/ubuntu jammy-updates/main amd64 libdrm-radeon1 amd64 2.4.113-2~ubuntu0.22.04.1 [21.6 kB]
#7 13.53 Get:41 http://archive.ubuntu.com/ubuntu jammy-updates/main amd64 libglapi-mesa amd64 23.2.1-1ubuntu3.1~22.04.4 [35.6 kB]
#7 13.53 Get:42 http://archive.ubuntu.com/ubuntu jammy-updates/main amd64 libllvm15 amd64 1:15.0.7-0ubuntu0.22.04.3 [25.4 MB]
#7 22.00 Get:43 http://archive.ubuntu.com/ubuntu jammy/main amd64 libsensors-config all 1:3.6.0-7ubuntu1 [5274 B]
#7 22.00 Get:44 http://archive.ubuntu.com/ubuntu jammy/main amd64 libsensors5 amd64 1:3.6.0-7ubuntu1 [26.3 kB]
#7 22.00 Get:45 http://archive.ubuntu.com/ubuntu jammy/main amd64 libxcb-dri3-0 amd64 1.14-3ubuntu3 [6968 B]
#7 22.00 Get:46 http://archive.ubuntu.com/ubuntu jammy-updates/main amd64 libgl1-mesa-dri amd64 23.2.1-1ubuntu3.1~22.04.4 [8860 kB]
#7 23.20 Get:47 http://archive.ubuntu.com/ubuntu jammy-updates/main amd64 libx11-xcb1 amd64 2:1.7.5-1ubuntu0.3 [7802 B]
#7 23.46 Get:48 http://archive.ubuntu.com/ubuntu jammy/main amd64 libxcb-dri2-0 amd64 1.14-3ubuntu3 [7206 B]
#7 23.75 Get:49 http://archive.ubuntu.com/ubuntu jammy/main amd64 libxcb-glx0 amd64 1.14-3ubuntu3 [25.9 kB]
#7 24.17 Get:50 http://archive.ubuntu.com/ubuntu jammy/main amd64 libxcb-present0 amd64 1.14-3ubuntu3 [5734 B]
#7 24.45 Get:51 http://archive.ubuntu.com/ubuntu jammy/main amd64 libxcb-randr0 amd64 1.14-3ubuntu3 [18.3 kB]
#7 24.80 Get:52 http://archive.ubuntu.com/ubuntu jammy/main amd64 libxcb-shm0 amd64 1.14-3ubuntu3 [5780 B]
#7 25.09 Get:53 http://archive.ubuntu.com/ubuntu jammy/main amd64 libxcb-sync1 amd64 1.14-3ubuntu3 [9416 B]
#7 25.39 Get:54 http://archive.ubuntu.com/ubuntu jammy/main amd64 libxcb-xfixes0 amd64 1.14-3ubuntu3 [9996 B]
#7 25.69 Get:55 http://archive.ubuntu.com/ubuntu jammy/main amd64 libxfixes3 amd64 1:6.0.0-1 [11.7 kB]
#7 26.01 Get:56 http://archive.ubuntu.com/ubuntu jammy/main amd64 libxshmfence1 amd64 1.3-1build4 [5394 B]
#7 26.28 Get:57 http://archive.ubuntu.com/ubuntu jammy/main amd64 libxxf86vm1 amd64 1:1.1.4-1build3 [10.4 kB]
#7 26.58 Get:58 http://archive.ubuntu.com/ubuntu jammy-updates/main amd64 libglx-mesa0 amd64 23.2.1-1ubuntu3.1~22.04.4 [158 kB]
#7 27.49 Get:59 http://archive.ubuntu.com/ubuntu jammy/main amd64 libvulkan1 amd64 1.3.204.1-2 [128 kB]
#7 27.90 Get:60 http://archive.ubuntu.com/ubuntu jammy/universe amd64 ninja-build amd64 1.10.1-1 [111 kB]
#7 28.28 Get:61 http://archive.ubuntu.com/ubuntu jammy/main amd64 libglvnd0 amd64 1.4.0-1 [73.6 kB]
#7 28.63 Get:62 http://archive.ubuntu.com/ubuntu jammy/main amd64 libglx0 amd64 1.4.0-1 [41.0 kB]
#7 28.94 Get:63 http://archive.ubuntu.com/ubuntu jammy/main amd64 libgl1 amd64 1.4.0-1 [110 kB]
#7 29.18 debconf: delaying package configuration, since apt-utils is not installed
#7 29.21 Fetched 57.8 MB in 19s (2994 kB/s)
#7 29.26 (Reading database ... (Reading database ... 5%(Reading database ... 10%(Reading database ... 15%(Reading database ... 20%(Reading database ... 25%(Reading database ... 30%(Reading database ... 35%(Reading database ... 40%(Reading database ... 45%(Reading database ... 50%(Reading database ... 55%(Reading database ... 60%(Reading database ... 65%(Reading database ... 70%(Reading database ... 75%(Reading database ... 80%(Reading database ... 85%(Reading database ... 90%(Reading database ... 95%(Reading database ... 100%(Reading database ... 15020 files and directories currently installed.)
#7 29.28 Preparing to unpack .../libatomic1_12.3.0-1ubuntu1~22.04.3_amd64.deb ...
#7 29.33 Unpacking libatomic1:amd64 (12.3.0-1ubuntu1~22.04.3) over (12.3.0-1ubuntu1~22.04) ...
#7 29.42 Preparing to unpack .../libubsan1_12.3.0-1ubuntu1~22.04.3_amd64.deb ...
#7 29.45 Unpacking libubsan1:amd64 (12.3.0-1ubuntu1~22.04.3) over (12.3.0-1ubuntu1~22.04) ...
#7 29.55 Preparing to unpack .../gcc-12-base_12.3.0-1ubuntu1~22.04.3_amd64.deb ...
#7 29.58 Unpacking gcc-12-base:amd64 (12.3.0-1ubuntu1~22.04.3) over (12.3.0-1ubuntu1~22.04) ...
#7 29.68 Setting up gcc-12-base:amd64 (12.3.0-1ubuntu1~22.04.3) ...
#7 29.78 (Reading database ... (Reading database ... 5%(Reading database ... 10%(Reading database ... 15%(Reading database ... 20%(Reading database ... 25%(Reading database ... 30%(Reading database ... 35%(Reading database ... 40%(Reading database ... 45%(Reading database ... 50%(Reading database ... 55%(Reading database ... 60%(Reading database ... 65%(Reading database ... 70%(Reading database ... 75%(Reading database ... 80%(Reading database ... 85%(Reading database ... 90%(Reading database ... 95%(Reading database ... 100%(Reading database ... 15020 files and directories currently installed.)
#7 29.78 Preparing to unpack .../libstdc++6_12.3.0-1ubuntu1~22.04.3_amd64.deb ...
#7 29.83 Unpacking libstdc++6:amd64 (12.3.0-1ubuntu1~22.04.3) over (12.3.0-1ubuntu1~22.04) ...
#7 29.96 Setting up libstdc++6:amd64 (12.3.0-1ubuntu1~22.04.3) ...
#7 30.05 (Reading database ... (Reading database ... 5%(Reading database ... 10%(Reading database ... 15%(Reading database ... 20%(Reading database ... 25%(Reading database ... 30%(Reading database ... 35%(Reading database ... 40%(Reading database ... 45%(Reading database ... 50%(Reading database ... 55%(Reading database ... 60%(Reading database ... 65%(Reading database ... 70%(Reading database ... 75%(Reading database ... 80%(Reading database ... 85%(Reading database ... 90%(Reading database ... 95%(Reading database ... 100%(Reading database ... 15020 files and directories currently installed.)
#7 30.06 Preparing to unpack .../0-libquadmath0_12.3.0-1ubuntu1~22.04.3_amd64.deb ...
#7 30.09 Unpacking libquadmath0:amd64 (12.3.0-1ubuntu1~22.04.3) over (12.3.0-1ubuntu1~22.04) ...
#7 30.18 Preparing to unpack .../1-liblsan0_12.3.0-1ubuntu1~22.04.3_amd64.deb ...
#7 30.21 Unpacking liblsan0:amd64 (12.3.0-1ubuntu1~22.04.3) over (12.3.0-1ubuntu1~22.04) ...
#7 30.33 Preparing to unpack .../2-libitm1_12.3.0-1ubuntu1~22.04.3_amd64.deb ...
#7 30.36 Unpacking libitm1:amd64 (12.3.0-1ubuntu1~22.04.3) over (12.3.0-1ubuntu1~22.04) ...
#7 30.46 Preparing to unpack .../3-libgomp1_12.3.0-1ubuntu1~22.04.3_amd64.deb ...
#7 30.49 Unpacking libgomp1:amd64 (12.3.0-1ubuntu1~22.04.3) over (12.3.0-1ubuntu1~22.04) ...
#7 30.58 Preparing to unpack .../4-libcc1-0_12.3.0-1ubuntu1~22.04.3_amd64.deb ...
#7 30.61 Unpacking libcc1-0:amd64 (12.3.0-1ubuntu1~22.04.3) over (12.3.0-1ubuntu1~22.04) ...
#7 30.71 Preparing to unpack .../5-libgcc-s1_12.3.0-1ubuntu1~22.04.3_amd64.deb ...
#7 30.74 Unpacking libgcc-s1:amd64 (12.3.0-1ubuntu1~22.04.3) over (12.3.0-1ubuntu1~22.04) ...
#7 30.83 Setting up libgcc-s1:amd64 (12.3.0-1ubuntu1~22.04.3) ...
#7 30.92 Selecting previously unselected package libmd0:amd64.
#7 30.92 (Reading database ... (Reading database ... 5%(Reading database ... 10%(Reading database ... 15%(Reading database ... 20%(Reading database ... 25%(Reading database ... 30%(Reading database ... 35%(Reading database ... 40%(Reading database ... 45%(Reading database ... 50%(Reading database ... 55%(Reading database ... 60%(Reading database ... 65%(Reading database ... 70%(Reading database ... 75%(Reading database ... 80%(Reading database ... 85%(Reading database ... 90%(Reading database ... 95%(Reading database ... 100%(Reading database ... 15020 files and directories currently installed.)
#7 30.92 Preparing to unpack .../00-libmd0_1.0.4-1build1_amd64.deb ...
#7 30.94 Unpacking libmd0:amd64 (1.0.4-1build1) ...
#7 31.01 Selecting previously unselected package libbsd0:amd64.
#7 31.01 Preparing to unpack .../01-libbsd0_0.11.5-1_amd64.deb ...
#7 31.02 Unpacking libbsd0:amd64 (0.11.5-1) ...
#7 31.10 Selecting previously unselected package libelf1:amd64.
#7 31.10 Preparing to unpack .../02-libelf1_0.186-1ubuntu0.1_amd64.deb ...
#7 31.11 Unpacking libelf1:amd64 (0.186-1ubuntu0.1) ...
#7 31.18 Selecting previously unselected package libexpat1:amd64.
#7 31.18 Preparing to unpack .../03-libexpat1_2.4.7-1ubuntu0.9_amd64.deb ...
#7 31.19 Unpacking libexpat1:amd64 (2.4.7-1ubuntu0.9) ...
#7 31.28 Selecting previously unselected package libglib2.0-0:amd64.
#7 31.28 Preparing to unpack .../04-libglib2.0-0_2.72.4-0ubuntu2.10_amd64.deb ...
#7 31.29 Unpacking libglib2.0-0:amd64 (2.72.4-0ubuntu2.10) ...
#7 31.40 Selecting previously unselected package libicu70:amd64.
#7 31.40 Preparing to unpack .../05-libicu70_70.1-2_amd64.deb ...
#7 31.41 Unpacking libicu70:amd64 (70.1-2) ...
#7 31.62 Selecting previously unselected package libxml2:amd64.
#7 31.62 Preparing to unpack .../06-libxml2_2.9.13+dfsg-1ubuntu0.13_amd64.deb ...
#7 31.64 Unpacking libxml2:amd64 (2.9.13+dfsg-1ubuntu0.13) ...
#7 31.71 Selecting previously unselected package libdrm-common.
#7 31.71 Preparing to unpack .../07-libdrm-common_2.4.113-2~ubuntu0.22.04.1_all.deb ...
#7 31.72 Unpacking libdrm-common (2.4.113-2~ubuntu0.22.04.1) ...
#7 31.79 Selecting previously unselected package libdrm2:amd64.
#7 31.79 Preparing to unpack .../08-libdrm2_2.4.113-2~ubuntu0.22.04.1_amd64.deb ...
#7 31.81 Unpacking libdrm2:amd64 (2.4.113-2~ubuntu0.22.04.1) ...
#7 31.88 Selecting previously unselected package libedit2:amd64.
#7 31.88 Preparing to unpack .../09-libedit2_3.1-20210910-1build1_amd64.deb ...
#7 31.90 Unpacking libedit2:amd64 (3.1-20210910-1build1) ...
#7 31.97 Selecting previously unselected package libnghttp2-14:amd64.
#7 31.97 Preparing to unpack .../10-libnghttp2-14_1.43.0-1ubuntu0.4_amd64.deb ...
#7 31.98 Unpacking libnghttp2-14:amd64 (1.43.0-1ubuntu0.4) ...
#7 32.05 Selecting previously unselected package libpsl5:amd64.
#7 32.05 Preparing to unpack .../11-libpsl5_0.21.0-1.2build2_amd64.deb ...
#7 32.06 Unpacking libpsl5:amd64 (0.21.0-1.2build2) ...
#7 32.14 Selecting previously unselected package libxau6:amd64.
#7 32.14 Preparing to unpack .../12-libxau6_1%3a1.0.9-1build5_amd64.deb ...
#7 32.15 Unpacking libxau6:amd64 (1:1.0.9-1build5) ...
#7 32.22 Selecting previously unselected package libxdmcp6:amd64.
#7 32.22 Preparing to unpack .../13-libxdmcp6_1%3a1.1.3-0ubuntu5_amd64.deb ...
#7 32.23 Unpacking libxdmcp6:amd64 (1:1.1.3-0ubuntu5) ...
#7 32.30 Selecting previously unselected package libxcb1:amd64.
#7 32.30 Preparing to unpack .../14-libxcb1_1.14-3ubuntu3_amd64.deb ...
#7 32.31 Unpacking libxcb1:amd64 (1.14-3ubuntu3) ...
#7 32.37 Selecting previously unselected package libx11-data.
#7 32.37 Preparing to unpack .../15-libx11-data_2%3a1.7.5-1ubuntu0.3_all.deb ...
#7 32.39 Unpacking libx11-data (2:1.7.5-1ubuntu0.3) ...
#7 32.47 Selecting previously unselected package libx11-6:amd64.
#7 32.47 Preparing to unpack .../16-libx11-6_2%3a1.7.5-1ubuntu0.3_amd64.deb ...
#7 32.48 Unpacking libx11-6:amd64 (2:1.7.5-1ubuntu0.3) ...
#7 32.56 Selecting previously unselected package libxext6:amd64.
#7 32.57 Preparing to unpack .../17-libxext6_2%3a1.3.4-1build1_amd64.deb ...
#7 32.58 Unpacking libxext6:amd64 (2:1.3.4-1build1) ...
#7 32.65 Selecting previously unselected package libbrotli1:amd64.
#7 32.65 Preparing to unpack .../18-libbrotli1_1.0.9-2build6_amd64.deb ...
#7 32.66 Unpacking libbrotli1:amd64 (1.0.9-2build6) ...
#7 32.75 Selecting previously unselected package librtmp1:amd64.
#7 32.75 Preparing to unpack .../19-librtmp1_2.4+20151223.gitfa8646d.1-2build4_amd64.deb ...
#7 32.76 Unpacking librtmp1:amd64 (2.4+20151223.gitfa8646d.1-2build4) ...
#7 32.84 Selecting previously unselected package libssh-4:amd64.
#7 32.84 Preparing to unpack .../20-libssh-4_0.9.6-2ubuntu0.22.04.8_amd64.deb ...
#7 32.85 Unpacking libssh-4:amd64 (0.9.6-2ubuntu0.22.04.8) ...
#7 32.94 Selecting previously unselected package libcurl3-gnutls:amd64.
#7 32.94 Preparing to unpack .../21-libcurl3-gnutls_7.81.0-1ubuntu1.29_amd64.deb ...
#7 32.95 Unpacking libcurl3-gnutls:amd64 (7.81.0-1ubuntu1.29) ...
#7 33.01 Selecting previously unselected package liberror-perl.
#7 33.01 Preparing to unpack .../22-liberror-perl_0.17029-1_all.deb ...
#7 33.03 Unpacking liberror-perl (0.17029-1) ...
#7 33.09 Selecting previously unselected package git-man.
#7 33.09 Preparing to unpack .../23-git-man_1%3a2.34.1-1ubuntu1.17_all.deb ...
#7 33.10 Unpacking git-man (1:2.34.1-1ubuntu1.17) ...
#7 33.20 Selecting previously unselected package git.
#7 33.20 Preparing to unpack .../24-git_1%3a2.34.1-1ubuntu1.17_amd64.deb ...
#7 33.21 Unpacking git (1:2.34.1-1ubuntu1.17) ...
#7 33.35 Selecting previously unselected package libdrm-amdgpu1:amd64.
#7 33.35 Preparing to unpack .../25-libdrm-amdgpu1_2.4.113-2~ubuntu0.22.04.1_amd64.deb ...
#7 33.36 Unpacking libdrm-amdgpu1:amd64 (2.4.113-2~ubuntu0.22.04.1) ...
#7 33.43 Selecting previously unselected package libpciaccess0:amd64.
#7 33.44 Preparing to unpack .../26-libpciaccess0_0.16-3_amd64.deb ...
#7 33.45 Unpacking libpciaccess0:amd64 (0.16-3) ...
#7 33.52 Selecting previously unselected package libdrm-intel1:amd64.
#7 33.52 Preparing to unpack .../27-libdrm-intel1_2.4.113-2~ubuntu0.22.04.1_amd64.deb ...
#7 33.53 Unpacking libdrm-intel1:amd64 (2.4.113-2~ubuntu0.22.04.1) ...
#7 33.60 Selecting previously unselected package libdrm-nouveau2:amd64.
#7 33.60 Preparing to unpack .../28-libdrm-nouveau2_2.4.113-2~ubuntu0.22.04.1_amd64.deb ...
#7 33.62 Unpacking libdrm-nouveau2:amd64 (2.4.113-2~ubuntu0.22.04.1) ...
#7 33.69 Selecting previously unselected package libdrm-radeon1:amd64.
#7 33.69 Preparing to unpack .../29-libdrm-radeon1_2.4.113-2~ubuntu0.22.04.1_amd64.deb ...
#7 33.70 Unpacking libdrm-radeon1:amd64 (2.4.113-2~ubuntu0.22.04.1) ...
#7 33.78 Selecting previously unselected package libglapi-mesa:amd64.
#7 33.78 Preparing to unpack .../30-libglapi-mesa_23.2.1-1ubuntu3.1~22.04.4_amd64.deb ...
#7 33.79 Unpacking libglapi-mesa:amd64 (23.2.1-1ubuntu3.1~22.04.4) ...
#7 33.86 Selecting previously unselected package libllvm15:amd64.
#7 33.86 Preparing to unpack .../31-libllvm15_1%3a15.0.7-0ubuntu0.22.04.3_amd64.deb ...
#7 33.87 Unpacking libllvm15:amd64 (1:15.0.7-0ubuntu0.22.04.3) ...
#7 34.34 Selecting previously unselected package libsensors-config.
#7 34.34 Preparing to unpack .../32-libsensors-config_1%3a3.6.0-7ubuntu1_all.deb ...
#7 34.36 Unpacking libsensors-config (1:3.6.0-7ubuntu1) ...
#7 34.44 Selecting previously unselected package libsensors5:amd64.
#7 34.44 Preparing to unpack .../33-libsensors5_1%3a3.6.0-7ubuntu1_amd64.deb ...
#7 34.46 Unpacking libsensors5:amd64 (1:3.6.0-7ubuntu1) ...
#7 34.53 Selecting previously unselected package libxcb-dri3-0:amd64.
#7 34.53 Preparing to unpack .../34-libxcb-dri3-0_1.14-3ubuntu3_amd64.deb ...
#7 34.54 Unpacking libxcb-dri3-0:amd64 (1.14-3ubuntu3) ...
#7 34.62 Selecting previously unselected package libgl1-mesa-dri:amd64.
#7 34.62 Preparing to unpack .../35-libgl1-mesa-dri_23.2.1-1ubuntu3.1~22.04.4_amd64.deb ...
#7 34.64 Unpacking libgl1-mesa-dri:amd64 (23.2.1-1ubuntu3.1~22.04.4) ...
#7 34.83 Selecting previously unselected package libx11-xcb1:amd64.
#7 34.83 Preparing to unpack .../36-libx11-xcb1_2%3a1.7.5-1ubuntu0.3_amd64.deb ...
#7 34.85 Unpacking libx11-xcb1:amd64 (2:1.7.5-1ubuntu0.3) ...
#7 34.92 Selecting previously unselected package libxcb-dri2-0:amd64.
#7 34.92 Preparing to unpack .../37-libxcb-dri2-0_1.14-3ubuntu3_amd64.deb ...
#7 34.93 Unpacking libxcb-dri2-0:amd64 (1.14-3ubuntu3) ...
#7 35.01 Selecting previously unselected package libxcb-glx0:amd64.
#7 35.01 Preparing to unpack .../38-libxcb-glx0_1.14-3ubuntu3_amd64.deb ...
#7 35.02 Unpacking libxcb-glx0:amd64 (1.14-3ubuntu3) ...
#7 35.10 Selecting previously unselected package libxcb-present0:amd64.
#7 35.10 Preparing to unpack .../39-libxcb-present0_1.14-3ubuntu3_amd64.deb ...
#7 35.11 Unpacking libxcb-present0:amd64 (1.14-3ubuntu3) ...
#7 35.19 Selecting previously unselected package libxcb-randr0:amd64.
#7 35.19 Preparing to unpack .../40-libxcb-randr0_1.14-3ubuntu3_amd64.deb ...
#7 35.20 Unpacking libxcb-randr0:amd64 (1.14-3ubuntu3) ...
#7 35.27 Selecting previously unselected package libxcb-shm0:amd64.
#7 35.27 Preparing to unpack .../41-libxcb-shm0_1.14-3ubuntu3_amd64.deb ...
#7 35.28 Unpacking libxcb-shm0:amd64 (1.14-3ubuntu3) ...
#7 35.36 Selecting previously unselected package libxcb-sync1:amd64.
#7 35.36 Preparing to unpack .../42-libxcb-sync1_1.14-3ubuntu3_amd64.deb ...
#7 35.37 Unpacking libxcb-sync1:amd64 (1.14-3ubuntu3) ...
#7 35.45 Selecting previously unselected package libxcb-xfixes0:amd64.
#7 35.45 Preparing to unpack .../43-libxcb-xfixes0_1.14-3ubuntu3_amd64.deb ...
#7 35.46 Unpacking libxcb-xfixes0:amd64 (1.14-3ubuntu3) ...
#7 35.53 Selecting previously unselected package libxfixes3:amd64.
#7 35.54 Preparing to unpack .../44-libxfixes3_1%3a6.0.0-1_amd64.deb ...
#7 35.55 Unpacking libxfixes3:amd64 (1:6.0.0-1) ...
#7 35.62 Selecting previously unselected package libxshmfence1:amd64.
#7 35.62 Preparing to unpack .../45-libxshmfence1_1.3-1build4_amd64.deb ...
#7 35.63 Unpacking libxshmfence1:amd64 (1.3-1build4) ...
#7 35.70 Selecting previously unselected package libxxf86vm1:amd64.
#7 35.70 Preparing to unpack .../46-libxxf86vm1_1%3a1.1.4-1build3_amd64.deb ...
#7 35.71 Unpacking libxxf86vm1:amd64 (1:1.1.4-1build3) ...
#7 35.79 Selecting previously unselected package libglx-mesa0:amd64.
#7 35.79 Preparing to unpack .../47-libglx-mesa0_23.2.1-1ubuntu3.1~22.04.4_amd64.deb ...
#7 35.81 Unpacking libglx-mesa0:amd64 (23.2.1-1ubuntu3.1~22.04.4) ...
#7 35.88 Selecting previously unselected package libvulkan1:amd64.
#7 35.88 Preparing to unpack .../48-libvulkan1_1.3.204.1-2_amd64.deb ...
#7 35.89 Unpacking libvulkan1:amd64 (1.3.204.1-2) ...
#7 35.96 Selecting previously unselected package ninja-build.
#7 35.96 Preparing to unpack .../49-ninja-build_1.10.1-1_amd64.deb ...
#7 35.97 Unpacking ninja-build (1.10.1-1) ...
#7 36.05 Selecting previously unselected package libglvnd0:amd64.
#7 36.05 Preparing to unpack .../50-libglvnd0_1.4.0-1_amd64.deb ...
#7 36.06 Unpacking libglvnd0:amd64 (1.4.0-1) ...
#7 36.14 Selecting previously unselected package libglx0:amd64.
#7 36.14 Preparing to unpack .../51-libglx0_1.4.0-1_amd64.deb ...
#7 36.15 Unpacking libglx0:amd64 (1.4.0-1) ...
#7 36.23 Selecting previously unselected package libgl1:amd64.
#7 36.24 Preparing to unpack .../52-libgl1_1.4.0-1_amd64.deb ...
#7 36.25 Unpacking libgl1:amd64 (1.4.0-1) ...
#7 36.33 Setting up libexpat1:amd64 (2.4.7-1ubuntu0.9) ...
#7 36.36 Setting up libpciaccess0:amd64 (0.16-3) ...
#7 36.39 Setting up libxau6:amd64 (1:1.0.9-1build5) ...
#7 36.42 Setting up libpsl5:amd64 (0.21.0-1.2build2) ...
#7 36.45 Setting up libglib2.0-0:amd64 (2.72.4-0ubuntu2.10) ...
#7 36.48 No schema files found: doing nothing.
#7 36.49 Setting up libglvnd0:amd64 (1.4.0-1) ...
#7 36.53 Setting up libbrotli1:amd64 (1.0.9-2build6) ...
#7 36.56 Setting up libsensors-config (1:3.6.0-7ubuntu1) ...
#7 36.61 Setting up libnghttp2-14:amd64 (1.43.0-1ubuntu0.4) ...
#7 36.65 Setting up libgomp1:amd64 (12.3.0-1ubuntu1~22.04.3) ...
#7 36.68 Setting up ninja-build (1.10.1-1) ...
#7 36.71 Setting up liberror-perl (0.17029-1) ...
#7 36.74 Setting up libx11-data (2:1.7.5-1ubuntu0.3) ...
#7 36.78 Setting up librtmp1:amd64 (2.4+20151223.gitfa8646d.1-2build4) ...
#7 36.81 Setting up libquadmath0:amd64 (12.3.0-1ubuntu1~22.04.3) ...
#7 36.84 Setting up libatomic1:amd64 (12.3.0-1ubuntu1~22.04.3) ...
#7 36.87 Setting up libsensors5:amd64 (1:3.6.0-7ubuntu1) ...
#7 36.90 Setting up libglapi-mesa:amd64 (23.2.1-1ubuntu3.1~22.04.4) ...
#7 36.94 Setting up libssh-4:amd64 (0.9.6-2ubuntu0.22.04.8) ...
#7 36.97 Setting up libvulkan1:amd64 (1.3.204.1-2) ...
#7 37.00 Setting up libubsan1:amd64 (12.3.0-1ubuntu1~22.04.3) ...
#7 37.03 Setting up libmd0:amd64 (1.0.4-1build1) ...
#7 37.07 Setting up libxshmfence1:amd64 (1.3-1build4) ...
#7 37.10 Setting up git-man (1:2.34.1-1ubuntu1.17) ...
#7 37.13 Setting up libbsd0:amd64 (0.11.5-1) ...
#7 37.16 Setting up libdrm-common (2.4.113-2~ubuntu0.22.04.1) ...
#7 37.20 Setting up libelf1:amd64 (0.186-1ubuntu0.1) ...
#7 37.23 Setting up libcc1-0:amd64 (12.3.0-1ubuntu1~22.04.3) ...
#7 37.26 Setting up liblsan0:amd64 (12.3.0-1ubuntu1~22.04.3) ...
#7 37.29 Setting up libitm1:amd64 (12.3.0-1ubuntu1~22.04.3) ...
#7 37.32 Setting up libicu70:amd64 (70.1-2) ...
#7 37.36 Setting up libxdmcp6:amd64 (1:1.1.3-0ubuntu5) ...
#7 37.39 Setting up libxcb1:amd64 (1.14-3ubuntu3) ...
#7 37.42 Setting up libxcb-xfixes0:amd64 (1.14-3ubuntu3) ...
#7 37.45 Setting up libxcb-glx0:amd64 (1.14-3ubuntu3) ...
#7 37.49 Setting up libedit2:amd64 (3.1-20210910-1build1) ...
#7 37.52 Setting up libcurl3-gnutls:amd64 (7.81.0-1ubuntu1.29) ...
#7 37.55 Setting up libxcb-shm0:amd64 (1.14-3ubuntu3) ...
#7 37.58 Setting up libxcb-present0:amd64 (1.14-3ubuntu3) ...
#7 37.62 Setting up libxcb-sync1:amd64 (1.14-3ubuntu3) ...
#7 37.65 Setting up git (1:2.34.1-1ubuntu1.17) ...
#7 37.70 Setting up libxcb-dri2-0:amd64 (1.14-3ubuntu3) ...
#7 37.73 Setting up libdrm2:amd64 (2.4.113-2~ubuntu0.22.04.1) ...
#7 37.76 Setting up libxcb-randr0:amd64 (1.14-3ubuntu3) ...
#7 37.80 Setting up libx11-6:amd64 (2:1.7.5-1ubuntu0.3) ...
#7 37.83 Setting up libxml2:amd64 (2.9.13+dfsg-1ubuntu0.13) ...
#7 37.86 Setting up libdrm-amdgpu1:amd64 (2.4.113-2~ubuntu0.22.04.1) ...
#7 37.90 Setting up libxcb-dri3-0:amd64 (1.14-3ubuntu3) ...
#7 37.93 Setting up libx11-xcb1:amd64 (2:1.7.5-1ubuntu0.3) ...
#7 37.96 Setting up libdrm-nouveau2:amd64 (2.4.113-2~ubuntu0.22.04.1) ...
#7 37.99 Setting up libdrm-radeon1:amd64 (2.4.113-2~ubuntu0.22.04.1) ...
#7 38.03 Setting up libdrm-intel1:amd64 (2.4.113-2~ubuntu0.22.04.1) ...
#7 38.06 Setting up libxext6:amd64 (2:1.3.4-1build1) ...
#7 38.09 Setting up libxxf86vm1:amd64 (1:1.1.4-1build3) ...
#7 38.13 Setting up libxfixes3:amd64 (1:6.0.0-1) ...
#7 38.16 Setting up libllvm15:amd64 (1:15.0.7-0ubuntu0.22.04.3) ...
#7 38.19 Setting up libgl1-mesa-dri:amd64 (23.2.1-1ubuntu3.1~22.04.4) ...
#7 38.23 Setting up libglx-mesa0:amd64 (23.2.1-1ubuntu3.1~22.04.4) ...
#7 38.26 Setting up libglx0:amd64 (1.4.0-1) ...
#7 38.30 Setting up libgl1:amd64 (1.4.0-1) ...
#7 38.33 Processing triggers for libc-bin (2.35-0ubuntu3.8) ...
#7 DONE 38.5s

#8 [3/5] RUN python -m pip install --no-cache-dir     numpy==1.26.4     sapien==3.0.0b1     mplib==0.2.1     open3d==0.18.0     gymnasium==0.29.1     toppra==0.6.3     transforms3d==0.4.2     trimesh==4.4.3     imageio==2.34.2     scipy==1.15.3     PyYAML==6.0.2     h5py==3.16.0     zarr==2.18.3     opencv-python-headless==4.11.0.86     pyglet==1.5.31     tqdm==4.67.1
#8 0.504 Collecting numpy==1.26.4
#8 0.518   Downloading numpy-1.26.4-cp311-cp311-manylinux_2_17_x86_64.manylinux2014_x86_64.whl.metadata (61 kB)
#8 0.714 Collecting sapien==3.0.0b1
#8 0.718   Downloading sapien-3.0.0b1-cp311-cp311-manylinux2014_x86_64.whl.metadata (10 kB)
#8 0.909 Collecting mplib==0.2.1
#8 0.914   Downloading mplib-0.2.1-cp311-cp311-manylinux_2_17_x86_64.manylinux2014_x86_64.whl.metadata (3.8 kB)
#8 0.926 Collecting open3d==0.18.0
#8 0.930   Downloading open3d-0.18.0-cp311-cp311-manylinux_2_27_x86_64.whl.metadata (4.2 kB)
#8 0.936 Collecting gymnasium==0.29.1
#8 0.940   Downloading gymnasium-0.29.1-py3-none-any.whl.metadata (10 kB)
#8 1.133 Collecting toppra==0.6.3
#8 1.137   Downloading toppra-0.6.3.tar.gz (256 kB)
#8 1.159   Installing build dependencies: started
#8 3.717   Installing build dependencies: finished with status 'done'
#8 3.718   Getting requirements to build wheel: started
#8 5.115   Getting requirements to build wheel: finished with status 'done'
#8 5.116   Preparing metadata (pyproject.toml): started
#8 5.669   Preparing metadata (pyproject.toml): finished with status 'done'
#8 5.676 Collecting transforms3d==0.4.2
#8 5.680   Downloading transforms3d-0.4.2-py3-none-any.whl.metadata (2.8 kB)
#8 5.719 Collecting trimesh==4.4.3
#8 5.723   Downloading trimesh-4.4.3-py3-none-any.whl.metadata (18 kB)
#8 5.735 Collecting imageio==2.34.2
#8 5.739   Downloading imageio-2.34.2-py3-none-any.whl.metadata (4.9 kB)
#8 5.808 Collecting scipy==1.15.3
#8 5.812   Downloading scipy-1.15.3-cp311-cp311-manylinux_2_17_x86_64.manylinux2014_x86_64.whl.metadata (61 kB)
#8 5.818 Requirement already satisfied: PyYAML==6.0.2 in /opt/conda/lib/python3.11/site-packages (6.0.2)
#8 5.834 Collecting h5py==3.16.0
#8 5.838   Downloading h5py-3.16.0-cp311-cp311-manylinux_2_28_x86_64.whl.metadata (3.0 kB)
#8 5.848 Collecting zarr==2.18.3
#8 5.851   Downloading zarr-2.18.3-py3-none-any.whl.metadata (5.7 kB)
#8 5.874 Collecting opencv-python-headless==4.11.0.86
#8 5.878   Downloading opencv_python_headless-4.11.0.86-cp37-abi3-manylinux_2_17_x86_64.manylinux2014_x86_64.whl.metadata (20 kB)
#8 5.891 Collecting pyglet==1.5.31
#8 5.895   Downloading pyglet-1.5.31-py3-none-any.whl.metadata (7.6 kB)
#8 5.896 Requirement already satisfied: tqdm==4.67.1 in /opt/conda/lib/python3.11/site-packages (4.67.1)
#8 5.899 Requirement already satisfied: requests>=2.22 in /opt/conda/lib/python3.11/site-packages (from sapien==3.0.0b1) (2.32.3)
#8 6.002 Collecting lxml (from sapien==3.0.0b1)
#8 6.006   Downloading lxml-6.1.3-cp311-cp311-manylinux_2_26_x86_64.manylinux_2_28_x86_64.whl.metadata (3.3 kB)
#8 6.010 Requirement already satisfied: networkx in /opt/conda/lib/python3.11/site-packages (from sapien==3.0.0b1) (3.5)
#8 6.011 Collecting pyperclip (from sapien==3.0.0b1)
#8 6.014   Downloading pyperclip-1.11.0-py3-none-any.whl.metadata (2.4 kB)
#8 6.066 Collecting opencv-python>=4.0 (from sapien==3.0.0b1)
#8 6.069   Downloading opencv_python-5.0.0.93-cp37-abi3-manylinux_2_28_x86_64.whl.metadata (19 kB)
#8 6.089 Collecting dash>=2.6.0 (from open3d==0.18.0)
#8 6.092   Downloading dash-4.4.1-py3-none-any.whl.metadata (11 kB)
#8 6.104 Collecting werkzeug>=2.2.3 (from open3d==0.18.0)
#8 6.109   Downloading werkzeug-3.1.9-py3-none-any.whl.metadata (4.1 kB)
#8 6.115 Collecting nbformat>=5.7.0 (from open3d==0.18.0)
#8 6.118   Downloading nbformat-5.11.1-py3-none-any.whl.metadata (3.7 kB)
#8 6.124 Collecting configargparse (from open3d==0.18.0)
#8 6.127   Downloading configargparse-1.7.7-py3-none-any.whl.metadata (23 kB)
#8 6.141 Collecting ipywidgets>=8.0.4 (from open3d==0.18.0)
#8 6.144   Downloading ipywidgets-8.1.9-py3-none-any.whl.metadata (2.4 kB)
#8 6.150 Collecting addict (from open3d==0.18.0)
#8 6.153   Downloading addict-2.4.0-py3-none-any.whl.metadata (1.0 kB)
#8 6.154 Requirement already satisfied: pillow>=9.3.0 in /opt/conda/lib/python3.11/site-packages (from open3d==0.18.0) (11.0.0)
#8 6.213 Collecting matplotlib>=3 (from open3d==0.18.0)
#8 6.217   Downloading matplotlib-3.11.2-cp311-cp311-manylinux2014_x86_64.manylinux_2_17_x86_64.whl.metadata (80 kB)
#8 6.275 Collecting pandas>=1.0 (from open3d==0.18.0)
#8 6.279   Downloading pandas-3.0.6-cp311-cp311-manylinux_2_24_x86_64.manylinux_2_28_x86_64.whl.metadata (79 kB)
#8 6.355 Collecting scikit-learn>=0.21 (from open3d==0.18.0)
#8 6.362   Downloading scikit_learn-1.9.1-cp311-cp311-manylinux_2_27_x86_64.manylinux_2_28_x86_64.whl.metadata (9.3 kB)
#8 6.369 Collecting pyquaternion (from open3d==0.18.0)
#8 6.372   Downloading pyquaternion-0.9.9-py3-none-any.whl.metadata (1.4 kB)
#8 6.382 Collecting cloudpickle>=1.2.0 (from gymnasium==0.29.1)
#8 6.387   Downloading cloudpickle-3.1.2-py3-none-any.whl.metadata (7.1 kB)
#8 6.388 Requirement already satisfied: typing-extensions>=4.3.0 in /opt/conda/lib/python3.11/site-packages (from gymnasium==0.29.1) (4.14.0)
#8 6.393 Collecting farama-notifications>=0.0.1 (from gymnasium==0.29.1)
#8 6.396   Downloading farama_notifications-0.0.6-py3-none-any.whl.metadata (729 bytes)
#8 6.597 Collecting asciitree (from zarr==2.18.3)
#8 6.601   Downloading asciitree-0.3.3.tar.gz (4.0 kB)
#8 6.603   Preparing metadata (setup.py): started
#8 6.713   Preparing metadata (setup.py): finished with status 'done'
#8 6.735 Collecting numcodecs>=0.10.0 (from zarr==2.18.3)
#8 6.739   Downloading numcodecs-0.16.5-cp311-cp311-manylinux2014_x86_64.manylinux_2_17_x86_64.manylinux_2_28_x86_64.whl.metadata (3.4 kB)
#8 6.749 Collecting fasteners (from zarr==2.18.3)
#8 6.752   Downloading fasteners-0.20-py3-none-any.whl.metadata (4.8 kB)
#8 6.781 Collecting Flask<3.2,>=1.0.4 (from dash>=2.6.0->open3d==0.18.0)
#8 6.785   Downloading flask-3.1.3-py3-none-any.whl.metadata (3.2 kB)
#8 6.810 Collecting plotly>=5.0.0 (from dash>=2.6.0->open3d==0.18.0)
#8 6.814   Downloading plotly-7.1.0-py3-none-any.whl.metadata (8.8 kB)
#8 6.834 Collecting importlib-metadata (from dash>=2.6.0->open3d==0.18.0)
#8 6.837   Downloading importlib_metadata-9.0.1-py3-none-any.whl.metadata (4.5 kB)
#8 6.845 Collecting retrying (from dash>=2.6.0->open3d==0.18.0)
#8 6.847   Downloading retrying-1.4.2-py3-none-any.whl.metadata (5.5 kB)
#8 6.855 Collecting nest-asyncio (from dash>=2.6.0->open3d==0.18.0)
#8 6.859   Downloading nest_asyncio-1.6.0-py3-none-any.whl.metadata (2.8 kB)
#8 6.860 Requirement already satisfied: setuptools in /opt/conda/lib/python3.11/site-packages (from dash>=2.6.0->open3d==0.18.0) (75.8.2)
#8 6.866 Collecting janus>=1.0.0 (from dash>=2.6.0->open3d==0.18.0)
#8 6.872   Downloading janus-2.0.0-py3-none-any.whl.metadata (5.3 kB)
#8 6.914 Collecting pydantic>=2.10 (from dash>=2.6.0->open3d==0.18.0)
#8 6.918   Downloading pydantic-2.13.5-py3-none-any.whl.metadata (110 kB)
#8 6.928 Collecting comm (from dash>=2.6.0->open3d==0.18.0)
#8 6.931   Downloading comm-0.2.3-py3-none-any.whl.metadata (3.7 kB)
#8 6.936 Collecting blinker>=1.9.0 (from Flask<3.2,>=1.0.4->dash>=2.6.0->open3d==0.18.0)
#8 6.939   Downloading blinker-1.9.0-py3-none-any.whl.metadata (1.6 kB)
#8 6.940 Requirement already satisfied: click>=8.1.3 in /opt/conda/lib/python3.11/site-packages (from Flask<3.2,>=1.0.4->dash>=2.6.0->open3d==0.18.0) (8.2.1)
#8 6.945 Collecting itsdangerous>=2.2.0 (from Flask<3.2,>=1.0.4->dash>=2.6.0->open3d==0.18.0)
#8 6.948   Downloading itsdangerous-2.2.0-py3-none-any.whl.metadata (1.9 kB)
#8 6.949 Requirement already satisfied: jinja2>=3.1.2 in /opt/conda/lib/python3.11/site-packages (from Flask<3.2,>=1.0.4->dash>=2.6.0->open3d==0.18.0) (3.1.6)
#8 6.949 Requirement already satisfied: markupsafe>=2.1.1 in /opt/conda/lib/python3.11/site-packages (from Flask<3.2,>=1.0.4->dash>=2.6.0->open3d==0.18.0) (3.0.2)
#8 6.954 Requirement already satisfied: ipython>=6.1.0 in /opt/conda/lib/python3.11/site-packages (from ipywidgets>=8.0.4->open3d==0.18.0) (9.3.0)
#8 6.954 Requirement already satisfied: traitlets>=4.3.1 in /opt/conda/lib/python3.11/site-packages (from ipywidgets>=8.0.4->open3d==0.18.0) (5.14.3)
#8 6.965 Collecting widgetsnbextension~=4.0.16 (from ipywidgets>=8.0.4->open3d==0.18.0)
#8 6.968   Downloading widgetsnbextension-4.0.16-py3-none-any.whl.metadata (1.6 kB)
#8 6.976 Collecting jupyterlab_widgets~=3.0.17 (from ipywidgets>=8.0.4->open3d==0.18.0)
#8 6.980   Downloading jupyterlab_widgets-3.0.17-py3-none-any.whl.metadata (20 kB)
#8 6.984 Requirement already satisfied: decorator in /opt/conda/lib/python3.11/site-packages (from ipython>=6.1.0->ipywidgets>=8.0.4->open3d==0.18.0) (5.2.1)
#8 6.984 Requirement already satisfied: ipython-pygments-lexers in /opt/conda/lib/python3.11/site-packages (from ipython>=6.1.0->ipywidgets>=8.0.4->open3d==0.18.0) (1.1.1)
#8 6.984 Requirement already satisfied: jedi>=0.16 in /opt/conda/lib/python3.11/site-packages (from ipython>=6.1.0->ipywidgets>=8.0.4->open3d==0.18.0) (0.19.2)
#8 6.984 Requirement already satisfied: matplotlib-inline in /opt/conda/lib/python3.11/site-packages (from ipython>=6.1.0->ipywidgets>=8.0.4->open3d==0.18.0) (0.1.7)
#8 6.984 Requirement already satisfied: pexpect>4.3 in /opt/conda/lib/python3.11/site-packages (from ipython>=6.1.0->ipywidgets>=8.0.4->open3d==0.18.0) (4.9.0)
#8 6.984 Requirement already satisfied: prompt_toolkit<3.1.0,>=3.0.41 in /opt/conda/lib/python3.11/site-packages (from ipython>=6.1.0->ipywidgets>=8.0.4->open3d==0.18.0) (3.0.51)
#8 6.984 Requirement already satisfied: pygments>=2.4.0 in /opt/conda/lib/python3.11/site-packages (from ipython>=6.1.0->ipywidgets>=8.0.4->open3d==0.18.0) (2.19.1)
#8 6.984 Requirement already satisfied: stack_data in /opt/conda/lib/python3.11/site-packages (from ipython>=6.1.0->ipywidgets>=8.0.4->open3d==0.18.0) (0.6.3)
#8 6.986 Requirement already satisfied: wcwidth in /opt/conda/lib/python3.11/site-packages (from prompt_toolkit<3.1.0,>=3.0.41->ipython>=6.1.0->ipywidgets>=8.0.4->open3d==0.18.0) (0.2.13)
#8 6.987 Requirement already satisfied: parso<0.9.0,>=0.8.4 in /opt/conda/lib/python3.11/site-packages (from jedi>=0.16->ipython>=6.1.0->ipywidgets>=8.0.4->open3d==0.18.0) (0.8.4)
#8 7.017 Collecting contourpy>=1.0.1 (from matplotlib>=3->open3d==0.18.0)
#8 7.020   Downloading contourpy-1.3.3-cp311-cp311-manylinux_2_27_x86_64.manylinux_2_28_x86_64.whl.metadata (5.5 kB)
#8 7.026 Collecting cycler>=0.10 (from matplotlib>=3->open3d==0.18.0)
#8 7.030   Downloading cycler-0.12.1-py3-none-any.whl.metadata (3.8 kB)
#8 7.139 Collecting fonttools>=4.28.2 (from matplotlib>=3->open3d==0.18.0)
#8 7.142   Downloading fonttools-4.66.0-cp311-cp311-manylinux2014_x86_64.manylinux_2_17_x86_64.whl.metadata (129 kB)
#8 7.183 Collecting kiwisolver>=1.3.1 (from matplotlib>=3->open3d==0.18.0)
#8 7.187   Downloading kiwisolver-1.5.1-cp311-cp311-manylinux2014_x86_64.manylinux_2_17_x86_64.whl.metadata (5.2 kB)
#8 7.193 Requirement already satisfied: packaging>=20.0 in /opt/conda/lib/python3.11/site-packages (from matplotlib>=3->open3d==0.18.0) (25.0)
#8 7.203 Collecting pyparsing>=3 (from matplotlib>=3->open3d==0.18.0)
#8 7.207   Downloading pyparsing-3.3.3-py3-none-any.whl.metadata (5.9 kB)
#8 7.213 Collecting python-dateutil>=2.7 (from matplotlib>=3->open3d==0.18.0)
#8 7.216   Downloading python_dateutil-2.9.0.post0-py2.py3-none-any.whl.metadata (8.4 kB)
#8 7.226 Collecting fastjsonschema>=2.15 (from nbformat>=5.7.0->open3d==0.18.0)
#8 7.229   Downloading fastjsonschema-2.22.2-py3-none-any.whl.metadata (2.1 kB)
#8 7.230 Requirement already satisfied: jsonschema>=2.6 in /opt/conda/lib/python3.11/site-packages (from nbformat>=5.7.0->open3d==0.18.0) (4.24.0)
#8 7.238 Collecting jupyter-core!=5.0.*,>=4.12 (from nbformat>=5.7.0->open3d==0.18.0)
#8 7.242   Downloading jupyter_core-5.9.1-py3-none-any.whl.metadata (1.5 kB)
#8 7.244 Requirement already satisfied: attrs>=22.2.0 in /opt/conda/lib/python3.11/site-packages (from jsonschema>=2.6->nbformat>=5.7.0->open3d==0.18.0) (25.3.0)
#8 7.244 Requirement already satisfied: jsonschema-specifications>=2023.03.6 in /opt/conda/lib/python3.11/site-packages (from jsonschema>=2.6->nbformat>=5.7.0->open3d==0.18.0) (2025.4.1)
#8 7.244 Requirement already satisfied: referencing>=0.28.4 in /opt/conda/lib/python3.11/site-packages (from jsonschema>=2.6->nbformat>=5.7.0->open3d==0.18.0) (0.36.2)
#8 7.245 Requirement already satisfied: rpds-py>=0.7.1 in /opt/conda/lib/python3.11/site-packages (from jsonschema>=2.6->nbformat>=5.7.0->open3d==0.18.0) (0.25.1)
#8 7.248 Requirement already satisfied: platformdirs>=2.5 in /opt/conda/lib/python3.11/site-packages (from jupyter-core!=5.0.*,>=4.12->nbformat>=5.7.0->open3d==0.18.0) (4.3.8)
#8 7.255 INFO: pip is looking at multiple versions of opencv-python to determine which version is compatible with other requirements. This could take a while.
#8 7.255 Collecting opencv-python>=4.0 (from sapien==3.0.0b1)
#8 7.258   Downloading opencv_python-4.14.0.94-cp37-abi3-manylinux_2_28_x86_64.whl.metadata (19 kB)
#8 7.263   Downloading opencv_python-4.13.0.92-cp37-abi3-manylinux_2_28_x86_64.whl.metadata (19 kB)
#8 7.267   Downloading opencv_python-4.13.0.90-cp37-abi3-manylinux_2_28_x86_64.whl.metadata (19 kB)
#8 7.272   Downloading opencv_python-4.12.0.88-cp37-abi3-manylinux2014_x86_64.manylinux_2_17_x86_64.whl.metadata (19 kB)
#8 7.282   Downloading opencv_python-4.11.0.86-cp37-abi3-manylinux_2_17_x86_64.manylinux2014_x86_64.whl.metadata (20 kB)
#8 7.296 Requirement already satisfied: ptyprocess>=0.5 in /opt/conda/lib/python3.11/site-packages (from pexpect>4.3->ipython>=6.1.0->ipywidgets>=8.0.4->open3d==0.18.0) (0.7.0)
#8 7.316 Collecting narwhals>=1.15.1 (from plotly>=5.0.0->dash>=2.6.0->open3d==0.18.0)
#8 7.319   Downloading narwhals-2.26.0-py3-none-any.whl.metadata (15 kB)
#8 7.327 Collecting annotated-types>=0.6.0 (from pydantic>=2.10->dash>=2.6.0->open3d==0.18.0)
#8 7.330   Downloading annotated_types-0.8.0-py3-none-any.whl.metadata (15 kB)
#8 7.650 Collecting pydantic-core==2.46.5 (from pydantic>=2.10->dash>=2.6.0->open3d==0.18.0)
#8 7.653   Downloading pydantic_core-2.46.5-cp311-cp311-manylinux_2_17_x86_64.manylinux2014_x86_64.whl.metadata (6.6 kB)
#8 7.661 Collecting typing-extensions>=4.3.0 (from gymnasium==0.29.1)
#8 7.664   Downloading typing_extensions-4.16.0-py3-none-any.whl.metadata (3.3 kB)
#8 7.671 Collecting typing-inspection>=0.4.2 (from pydantic>=2.10->dash>=2.6.0->open3d==0.18.0)
#8 7.673   Downloading typing_inspection-0.4.4-py3-none-any.whl.metadata (2.6 kB)
#8 7.677 Requirement already satisfied: six>=1.5 in /opt/conda/lib/python3.11/site-packages (from python-dateutil>=2.7->matplotlib>=3->open3d==0.18.0) (1.17.0)
#8 7.681 Requirement already satisfied: charset_normalizer<4,>=2 in /opt/conda/lib/python3.11/site-packages (from requests>=2.22->sapien==3.0.0b1) (3.4.2)
#8 7.681 Requirement already satisfied: idna<4,>=2.5 in /opt/conda/lib/python3.11/site-packages (from requests>=2.22->sapien==3.0.0b1) (3.10)
#8 7.681 Requirement already satisfied: urllib3<3,>=1.21.1 in /opt/conda/lib/python3.11/site-packages (from requests>=2.22->sapien==3.0.0b1) (2.4.0)
#8 7.681 Requirement already satisfied: certifi>=2017.4.17 in /opt/conda/lib/python3.11/site-packages (from requests>=2.22->sapien==3.0.0b1) (2025.4.26)
#8 7.705 Collecting joblib>=1.4.0 (from scikit-learn>=0.21->open3d==0.18.0)
#8 7.709   Downloading joblib-1.6.0-py3-none-any.whl.metadata (6.5 kB)
#8 7.720 Collecting threadpoolctl>=3.5.0 (from scikit-learn>=0.21->open3d==0.18.0)
#8 7.723   Downloading threadpoolctl-3.7.0-py3-none-any.whl.metadata (24 kB)
#8 7.735 Requirement already satisfied: zipp>=3.20 in /opt/conda/lib/python3.11/site-packages (from importlib-metadata->dash>=2.6.0->open3d==0.18.0) (3.22.0)
#8 7.744 Requirement already satisfied: executing>=1.2.0 in /opt/conda/lib/python3.11/site-packages (from stack_data->ipython>=6.1.0->ipywidgets>=8.0.4->open3d==0.18.0) (2.2.0)
#8 7.744 Requirement already satisfied: asttokens>=2.1.0 in /opt/conda/lib/python3.11/site-packages (from stack_data->ipython>=6.1.0->ipywidgets>=8.0.4->open3d==0.18.0) (3.0.0)
#8 7.744 Requirement already satisfied: pure_eval in /opt/conda/lib/python3.11/site-packages (from stack_data->ipython>=6.1.0->ipywidgets>=8.0.4->open3d==0.18.0) (0.2.3)
#8 7.751 Downloading numpy-1.26.4-cp311-cp311-manylinux_2_17_x86_64.manylinux2014_x86_64.whl (18.3 MB)
#8 8.779    ━━━━━━━━━━━━━━━━━━━━━━━━━━━━━━━━━━━━━━━━ 18.3/18.3 MB 17.6 MB/s eta 0:00:00
#8 8.783 Downloading sapien-3.0.0b1-cp311-cp311-manylinux2014_x86_64.whl (49.6 MB)
#8 11.69    ━━━━━━━━━━━━━━━━━━━━━━━━━━━━━━━━━━━━━━━━ 49.6/49.6 MB 17.0 MB/s eta 0:00:00
#8 11.69 Downloading mplib-0.2.1-cp311-cp311-manylinux_2_17_x86_64.manylinux2014_x86_64.whl (12.5 MB)
#8 12.93    ━━━━━━━━━━━━━━━━━━━━━━━━━━━━━━━━━━━━━━━━ 12.5/12.5 MB 9.9 MB/s eta 0:00:00
#8 12.93 Downloading open3d-0.18.0-cp311-cp311-manylinux_2_27_x86_64.whl (399.7 MB)
#8 38.74    ━━━━━━━━━━━━━━━━━━━━━━━━━━━━━━━━━━━━━━━━ 399.7/399.7 MB 15.5 MB/s eta 0:00:00
#8 38.74 Downloading gymnasium-0.29.1-py3-none-any.whl (953 kB)
#8 40.13    ━━━━━━━━━━━━━━━━━━━━━━━━━━━━━━━━━━━━━━━ 953.9/953.9 kB 498.6 kB/s eta 0:00:00
#8 40.14 Downloading transforms3d-0.4.2-py3-none-any.whl (1.4 MB)
#8 40.35    ━━━━━━━━━━━━━━━━━━━━━━━━━━━━━━━━━━━━━━━━ 1.4/1.4 MB 29.9 MB/s eta 0:00:00
#8 40.35 Downloading trimesh-4.4.3-py3-none-any.whl (695 kB)
#8 40.36    ━━━━━━━━━━━━━━━━━━━━━━━━━━━━━━━━━━━━━━━━ 695.9/695.9 kB 50.2 MB/s eta 0:00:00
#8 40.37 Downloading imageio-2.34.2-py3-none-any.whl (313 kB)
#8 40.38 Downloading scipy-1.15.3-cp311-cp311-manylinux_2_17_x86_64.manylinux2014_x86_64.whl (37.7 MB)
#8 42.77    ━━━━━━━━━━━━━━━━━━━━━━━━━━━━━━━━━━━━━━━━ 37.7/37.7 MB 15.6 MB/s eta 0:00:00
#8 42.78 Downloading h5py-3.16.0-cp311-cp311-manylinux_2_28_x86_64.whl (5.0 MB)
#8 43.54    ━━━━━━━━━━━━━━━━━━━━━━━━━━━━━━━━━━━━━━━━ 5.0/5.0 MB 6.3 MB/s eta 0:00:00
#8 43.54 Downloading zarr-2.18.3-py3-none-any.whl (210 kB)
#8 43.55 Downloading opencv_python_headless-4.11.0.86-cp37-abi3-manylinux_2_17_x86_64.manylinux2014_x86_64.whl (50.0 MB)
#8 45.94    ━━━━━━━━━━━━━━━━━━━━━━━━━━━━━━━━━━━━━━━━ 50.0/50.0 MB 20.9 MB/s eta 0:00:00
#8 45.94 Downloading pyglet-1.5.31-py3-none-any.whl (1.1 MB)
#8 45.96    ━━━━━━━━━━━━━━━━━━━━━━━━━━━━━━━━━━━━━━━━ 1.1/1.1 MB 58.7 MB/s eta 0:00:00
#8 45.97 Downloading cloudpickle-3.1.2-py3-none-any.whl (22 kB)
#8 45.97 Downloading dash-4.4.1-py3-none-any.whl (8.9 MB)
#8 46.87    ━━━━━━━━━━━━━━━━━━━━━━━━━━━━━━━━━━━━━━━━ 8.9/8.9 MB 9.7 MB/s eta 0:00:00
#8 46.87 Downloading flask-3.1.3-py3-none-any.whl (103 kB)
#8 46.88 Downloading werkzeug-3.1.9-py3-none-any.whl (228 kB)
#8 46.88 Downloading blinker-1.9.0-py3-none-any.whl (8.5 kB)
#8 46.89 Downloading farama_notifications-0.0.6-py3-none-any.whl (2.9 kB)
#8 46.89 Downloading ipywidgets-8.1.9-py3-none-any.whl (140 kB)
#8 46.89 Downloading jupyterlab_widgets-3.0.17-py3-none-any.whl (217 kB)
#8 46.90 Downloading widgetsnbextension-4.0.16-py3-none-any.whl (2.2 MB)
#8 46.94    ━━━━━━━━━━━━━━━━━━━━━━━━━━━━━━━━━━━━━━━━ 2.2/2.2 MB 48.9 MB/s eta 0:00:00
#8 46.95 Downloading comm-0.2.3-py3-none-any.whl (7.3 kB)
#8 46.95 Downloading itsdangerous-2.2.0-py3-none-any.whl (16 kB)
#8 46.95 Downloading janus-2.0.0-py3-none-any.whl (12 kB)
#8 46.96 Downloading matplotlib-3.11.2-cp311-cp311-manylinux2014_x86_64.manylinux_2_17_x86_64.whl (9.9 MB)
#8 47.82    ━━━━━━━━━━━━━━━━━━━━━━━━━━━━━━━━━━━━━━━━ 9.9/9.9 MB 11.2 MB/s eta 0:00:00
#8 47.82 Downloading contourpy-1.3.3-cp311-cp311-manylinux_2_27_x86_64.manylinux_2_28_x86_64.whl (355 kB)
#8 47.83 Downloading cycler-0.12.1-py3-none-any.whl (8.3 kB)
#8 47.84 Downloading fonttools-4.66.0-cp311-cp311-manylinux2014_x86_64.manylinux_2_17_x86_64.whl (5.4 MB)
#8 47.93    ━━━━━━━━━━━━━━━━━━━━━━━━━━━━━━━━━━━━━━━━ 5.4/5.4 MB 60.3 MB/s eta 0:00:00
#8 47.93 Downloading kiwisolver-1.5.1-cp311-cp311-manylinux2014_x86_64.manylinux_2_17_x86_64.whl (1.4 MB)
#8 47.96    ━━━━━━━━━━━━━━━━━━━━━━━━━━━━━━━━━━━━━━━━ 1.4/1.4 MB 53.1 MB/s eta 0:00:00
#8 47.96 Downloading nbformat-5.11.1-py3-none-any.whl (79 kB)
#8 47.97 Downloading fastjsonschema-2.22.2-py3-none-any.whl (27 kB)
#8 47.97 Downloading jupyter_core-5.9.1-py3-none-any.whl (29 kB)
#8 47.97 Downloading numcodecs-0.16.5-cp311-cp311-manylinux2014_x86_64.manylinux_2_17_x86_64.manylinux_2_28_x86_64.whl (9.1 MB)
#8 48.87    ━━━━━━━━━━━━━━━━━━━━━━━━━━━━━━━━━━━━━━━━ 9.1/9.1 MB 10.0 MB/s eta 0:00:00
#8 48.87 Downloading opencv_python-4.11.0.86-cp37-abi3-manylinux_2_17_x86_64.manylinux2014_x86_64.whl (63.0 MB)
#8 52.58    ━━━━━━━━━━━━━━━━━━━━━━━━━━━━━━━━━━━━━━━━ 63.0/63.0 MB 16.9 MB/s eta 0:00:00
#8 52.58 Downloading pandas-3.0.6-cp311-cp311-manylinux_2_24_x86_64.manylinux_2_28_x86_64.whl (11.1 MB)
#8 53.50    ━━━━━━━━━━━━━━━━━━━━━━━━━━━━━━━━━━━━━━━━ 11.1/11.1 MB 11.9 MB/s eta 0:00:00
#8 53.50 Downloading plotly-7.1.0-py3-none-any.whl (9.7 MB)
#8 53.69    ━━━━━━━━━━━━━━━━━━━━━━━━━━━━━━━━━━━━━━━━ 9.7/9.7 MB 53.4 MB/s eta 0:00:00
#8 53.69 Downloading narwhals-2.26.0-py3-none-any.whl (474 kB)
#8 53.70 Downloading pydantic-2.13.5-py3-none-any.whl (472 kB)
#8 53.71 Downloading pydantic_core-2.46.5-cp311-cp311-manylinux_2_17_x86_64.manylinux2014_x86_64.whl (2.1 MB)
#8 53.74    ━━━━━━━━━━━━━━━━━━━━━━━━━━━━━━━━━━━━━━━━ 2.1/2.1 MB 66.5 MB/s eta 0:00:00
#8 53.74 Downloading annotated_types-0.8.0-py3-none-any.whl (13 kB)
#8 53.75 Downloading pyparsing-3.3.3-py3-none-any.whl (126 kB)
#8 53.75 Downloading python_dateutil-2.9.0.post0-py2.py3-none-any.whl (229 kB)
#8 53.76 Downloading scikit_learn-1.9.1-cp311-cp311-manylinux_2_27_x86_64.manylinux_2_28_x86_64.whl (9.3 MB)
#8 54.64    ━━━━━━━━━━━━━━━━━━━━━━━━━━━━━━━━━━━━━━━━ 9.3/9.3 MB 10.3 MB/s eta 0:00:00
#8 54.65 Downloading joblib-1.6.0-py3-none-any.whl (306 kB)
#8 54.66 Downloading threadpoolctl-3.7.0-py3-none-any.whl (26 kB)
#8 54.66 Downloading typing_extensions-4.16.0-py3-none-any.whl (45 kB)
#8 54.66 Downloading typing_inspection-0.4.4-py3-none-any.whl (14 kB)
#8 54.67 Downloading addict-2.4.0-py3-none-any.whl (3.8 kB)
#8 54.67 Downloading configargparse-1.7.7-py3-none-any.whl (34 kB)
#8 54.67 Downloading fasteners-0.20-py3-none-any.whl (18 kB)
#8 54.68 Downloading importlib_metadata-9.0.1-py3-none-any.whl (27 kB)
#8 54.68 Downloading lxml-6.1.3-cp311-cp311-manylinux_2_26_x86_64.manylinux_2_28_x86_64.whl (5.2 MB)
#8 54.78    ━━━━━━━━━━━━━━━━━━━━━━━━━━━━━━━━━━━━━━━━ 5.2/5.2 MB 50.2 MB/s eta 0:00:00
#8 54.79 Downloading nest_asyncio-1.6.0-py3-none-any.whl (5.2 kB)
#8 54.79 Downloading pyperclip-1.11.0-py3-none-any.whl (11 kB)
#8 54.79 Downloading pyquaternion-0.9.9-py3-none-any.whl (14 kB)
#8 54.80 Downloading retrying-1.4.2-py3-none-any.whl (10 kB)
#8 55.06 Building wheels for collected packages: toppra, asciitree
#8 55.06   Building wheel for toppra (pyproject.toml): started
#8 58.19   Building wheel for toppra (pyproject.toml): finished with status 'done'
#8 58.19   Created wheel for toppra: filename=toppra-0.6.3-cp311-cp311-linux_x86_64.whl size=228374 sha256=2d91bdaaa8b0bd207603084fe9f6f353d25cde5518add59450e25bcfab6d6984
#8 58.19   Stored in directory: /tmp/pip-ephem-wheel-cache-_qnbrgnp/wheels/57/59/c1/4daf9fdaf34e03a2d94430efe8b070346c86b15bc9d446c162
#8 58.19   DEPRECATION: Building 'asciitree' using the legacy setup.py bdist_wheel mechanism, which will be removed in a future version. pip 25.3 will enforce this behaviour change. A possible replacement is to use the standardized build interface by setting the `--use-pep517` option, (possibly combined with `--no-build-isolation`), or adding a `pyproject.toml` file to the source tree of 'asciitree'. Discussion can be found at https://github.com/pypa/pip/issues/6334
#8 58.19   Building wheel for asciitree (setup.py): started
#8 58.31   Building wheel for asciitree (setup.py): finished with status 'done'
#8 58.31   Created wheel for asciitree: filename=asciitree-0.3.3-py3-none-any.whl size=5069 sha256=4bfe7322f7441e72281a31b45a5a5d07b8f27871a051a6a5b4c1d7e36b05b4ca
#8 58.31   Stored in directory: /tmp/pip-ephem-wheel-cache-_qnbrgnp/wheels/71/c1/da/23077eb3b87d24d6f3852ed1ed1a1ac2d3c885ad6ebd2b4a07
#8 58.31 Successfully built toppra asciitree
#8 58.41 Installing collected packages: pyperclip, pyglet, farama-notifications, asciitree, addict, widgetsnbextension, werkzeug, typing-extensions, threadpoolctl, retrying, python-dateutil, pyparsing, numpy, nest-asyncio, narwhals, lxml, kiwisolver, jupyterlab_widgets, jupyter-core, janus, itsdangerous, importlib-metadata, fonttools, fastjsonschema, fasteners, cycler, configargparse, comm, cloudpickle, blinker, annotated-types, typing-inspection, trimesh, transforms3d, scipy, pyquaternion, pydantic-core, plotly, pandas, opencv-python-headless, opencv-python, numcodecs, joblib, imageio, h5py, gymnasium, Flask, contourpy, zarr, scikit-learn, sapien, pydantic, matplotlib, ipywidgets, toppra, dash, nbformat, mplib, open3d
#8 58.87   Attempting uninstall: typing-extensions
#8 58.87     Found existing installation: typing_extensions 4.14.0
#8 58.87     Uninstalling typing_extensions-4.14.0:
#8 58.94       Successfully uninstalled typing_extensions-4.14.0
#8 59.07   Attempting uninstall: numpy
#8 59.07     Found existing installation: numpy 2.2.6
#8 59.09     Uninstalling numpy-2.2.6:
#8 59.34       Successfully uninstalled numpy-2.2.6
#8 72.90 
#8 72.90 Successfully installed Flask-3.1.3 addict-2.4.0 annotated-types-0.8.0 asciitree-0.3.3 blinker-1.9.0 cloudpickle-3.1.2 comm-0.2.3 configargparse-1.7.7 contourpy-1.3.3 cycler-0.12.1 dash-4.4.1 farama-notifications-0.0.6 fasteners-0.20 fastjsonschema-2.22.2 fonttools-4.66.0 gymnasium-0.29.1 h5py-3.16.0 imageio-2.34.2 importlib-metadata-9.0.1 ipywidgets-8.1.9 itsdangerous-2.2.0 janus-2.0.0 joblib-1.6.0 jupyter-core-5.9.1 jupyterlab_widgets-3.0.17 kiwisolver-1.5.1 lxml-6.1.3 matplotlib-3.11.2 mplib-0.2.1 narwhals-2.26.0 nbformat-5.11.1 nest-asyncio-1.6.0 numcodecs-0.16.5 numpy-1.26.4 open3d-0.18.0 opencv-python-4.11.0.86 opencv-python-headless-4.11.0.86 pandas-3.0.6 plotly-7.1.0 pydantic-2.13.5 pydantic-core-2.46.5 pyglet-1.5.31 pyparsing-3.3.3 pyperclip-1.11.0 pyquaternion-0.9.9 python-dateutil-2.9.0.post0 retrying-1.4.2 sapien-3.0.0b1 scikit-learn-1.9.1 scipy-1.15.3 threadpoolctl-3.7.0 toppra-0.6.3 transforms3d-0.4.2 trimesh-4.4.3 typing-extensions-4.16.0 typing-inspection-0.4.4 werkzeug-3.1.9 widgetsnbextension-4.0.16 zarr-2.18.3
#8 72.90 WARNING: Running pip as the 'root' user can result in broken permissions and conflicting behaviour with the system package manager, possibly rendering your system unusable. It is recommended to use a virtual environment instead: https://pip.pypa.io/warnings/venv. Use the --root-user-action option if you know what you are doing and want to suppress this warning.
#8 DONE 73.9s

#9 [4/5] RUN git clone --filter=blob:none --no-checkout https://github.com/NVlabs/curobo.git /opt/curobo     && git -C /opt/curobo fetch --depth 1 origin d64c4b005459db10c5dd867d8b30a87d5bda9bdb     && git -C /opt/curobo checkout --detach d64c4b005459db10c5dd867d8b30a87d5bda9bdb     && printf 'numpy==1.26.4\n' > /tmp/curobo-constraints.txt     && python -m pip install --no-cache-dir setuptools==69.5.1 setuptools_scm==8.3.1 wheel==0.45.1     && python -m pip install --no-cache-dir --no-build-isolation        --constraint /tmp/curobo-constraints.txt -e /opt/curobo     && python -m pip install --no-cache-dir warp-lang==1.12.0
#9 0.368 Cloning into '/opt/curobo'...
#9 2.198 From https://github.com/NVlabs/curobo
#9 2.198  * branch            d64c4b005459db10c5dd867d8b30a87d5bda9bdb -> FETCH_HEAD
#9 9.354 HEAD is now at d64c4b0 Merge pull request #587 from WYYAHYT/main
#9 9.617 Collecting setuptools==69.5.1
#9 9.633   Downloading setuptools-69.5.1-py3-none-any.whl.metadata (6.2 kB)
#9 9.648 Collecting setuptools_scm==8.3.1
#9 9.653   Downloading setuptools_scm-8.3.1-py3-none-any.whl.metadata (7.0 kB)
#9 9.654 Requirement already satisfied: wheel==0.45.1 in /opt/conda/lib/python3.11/site-packages (0.45.1)
#9 9.655 Requirement already satisfied: packaging>=20 in /opt/conda/lib/python3.11/site-packages (from setuptools_scm==8.3.1) (25.0)
#9 9.660 Downloading setuptools-69.5.1-py3-none-any.whl (894 kB)
#9 9.678    ━━━━━━━━━━━━━━━━━━━━━━━━━━━━━━━━━━━━━━━━ 894.6/894.6 kB 69.2 MB/s eta 0:00:00
#9 9.682 Downloading setuptools_scm-8.3.1-py3-none-any.whl (43 kB)
#9 9.790 Installing collected packages: setuptools, setuptools_scm
#9 9.791   Attempting uninstall: setuptools
#9 9.791     Found existing installation: setuptools 75.8.2
#9 9.808     Uninstalling setuptools-75.8.2:
#9 10.05       Successfully uninstalled setuptools-75.8.2
#9 10.31 
#9 10.31 Successfully installed setuptools-69.5.1 setuptools_scm-8.3.1
#9 10.32 WARNING: Running pip as the 'root' user can result in broken permissions and conflicting behaviour with the system package manager, possibly rendering your system unusable. It is recommended to use a virtual environment instead: https://pip.pypa.io/warnings/venv. Use the --root-user-action option if you know what you are doing and want to suppress this warning.
#9 10.51 Obtaining file:///opt/curobo
#9 10.51   Checking if build backend supports build_editable: started
#9 10.59   Checking if build backend supports build_editable: finished with status 'done'
#9 10.59   Preparing editable metadata (pyproject.toml): started
#9 13.46   Preparing editable metadata (pyproject.toml): finished with status 'done'
#9 13.48 Collecting pybind11 (from nvidia_curobo==0.7.8)
#9 13.50   Downloading pybind11-3.1.0-py3-none-any.whl.metadata (10 kB)
#9 13.50 Requirement already satisfied: networkx in /opt/conda/lib/python3.11/site-packages (from nvidia_curobo==0.7.8) (3.5)
#9 13.50 Requirement already satisfied: numpy in /opt/conda/lib/python3.11/site-packages (from nvidia_curobo==0.7.8) (1.26.4)
#9 13.55 Collecting numpy-quaternion (from nvidia_curobo==0.7.8)
#9 13.55   Downloading numpy_quaternion-2024.0.13-cp311-cp311-manylinux1_x86_64.manylinux_2_28_x86_64.manylinux_2_5_x86_64.whl.metadata (14 kB)
#9 13.55 Requirement already satisfied: pyyaml in /opt/conda/lib/python3.11/site-packages (from nvidia_curobo==0.7.8) (6.0.2)
#9 13.55 Requirement already satisfied: setuptools-scm>=6.2 in /opt/conda/lib/python3.11/site-packages (from nvidia_curobo==0.7.8) (8.3.1)
#9 13.55 Requirement already satisfied: torch>=1.10 in /opt/conda/lib/python3.11/site-packages (from nvidia_curobo==0.7.8) (2.7.1+cu128)
#9 13.55 Requirement already satisfied: trimesh in /opt/conda/lib/python3.11/site-packages (from nvidia_curobo==0.7.8) (4.4.3)
#9 13.56 Collecting yourdfpy>=0.0.53 (from nvidia_curobo==0.7.8)
#9 13.56   Downloading yourdfpy-0.0.60-py3-none-any.whl.metadata (9.0 kB)
#9 13.57 Collecting warp-lang>=0.9.0 (from nvidia_curobo==0.7.8)
#9 13.58   Downloading warp_lang-1.17.0-py3-none-manylinux_2_28_x86_64.whl.metadata (24 kB)
#9 13.58 Requirement already satisfied: scipy>=1.7.0 in /opt/conda/lib/python3.11/site-packages (from nvidia_curobo==0.7.8) (1.15.3)
#9 13.58 Requirement already satisfied: tqdm in /opt/conda/lib/python3.11/site-packages (from nvidia_curobo==0.7.8) (4.67.1)
#9 13.58 Requirement already satisfied: wheel in /opt/conda/lib/python3.11/site-packages (from nvidia_curobo==0.7.8) (0.45.1)
#9 13.58 Requirement already satisfied: importlib-resources in /opt/conda/lib/python3.11/site-packages (from nvidia_curobo==0.7.8) (6.5.2)
#9 13.62 Collecting scikit-image (from nvidia_curobo==0.7.8)
#9 13.62   Downloading scikit_image-0.26.0-cp311-cp311-manylinux_2_24_x86_64.manylinux_2_28_x86_64.whl.metadata (15 kB)
#9 13.63 Requirement already satisfied: packaging>=20 in /opt/conda/lib/python3.11/site-packages (from setuptools-scm>=6.2->nvidia_curobo==0.7.8) (25.0)
#9 13.63 Requirement already satisfied: setuptools in /opt/conda/lib/python3.11/site-packages (from setuptools-scm>=6.2->nvidia_curobo==0.7.8) (69.5.1)
#9 13.63 Requirement already satisfied: filelock in /opt/conda/lib/python3.11/site-packages (from torch>=1.10->nvidia_curobo==0.7.8) (3.18.0)
#9 13.63 Requirement already satisfied: typing-extensions>=4.10.0 in /opt/conda/lib/python3.11/site-packages (from torch>=1.10->nvidia_curobo==0.7.8) (4.16.0)
#9 13.63 Requirement already satisfied: sympy>=1.13.3 in /opt/conda/lib/python3.11/site-packages (from torch>=1.10->nvidia_curobo==0.7.8) (1.14.0)
#9 13.63 Requirement already satisfied: jinja2 in /opt/conda/lib/python3.11/site-packages (from torch>=1.10->nvidia_curobo==0.7.8) (3.1.6)
#9 13.63 Requirement already satisfied: fsspec in /opt/conda/lib/python3.11/site-packages (from torch>=1.10->nvidia_curobo==0.7.8) (2025.5.1)
#9 13.63 Requirement already satisfied: nvidia-cuda-nvrtc-cu12==12.8.61 in /opt/conda/lib/python3.11/site-packages (from torch>=1.10->nvidia_curobo==0.7.8) (12.8.61)
#9 13.63 Requirement already satisfied: nvidia-cuda-runtime-cu12==12.8.57 in /opt/conda/lib/python3.11/site-packages (from torch>=1.10->nvidia_curobo==0.7.8) (12.8.57)
#9 13.63 Requirement already satisfied: nvidia-cuda-cupti-cu12==12.8.57 in /opt/conda/lib/python3.11/site-packages (from torch>=1.10->nvidia_curobo==0.7.8) (12.8.57)
#9 13.63 Requirement already satisfied: nvidia-cudnn-cu12==9.7.1.26 in /opt/conda/lib/python3.11/site-packages (from torch>=1.10->nvidia_curobo==0.7.8) (9.7.1.26)
#9 13.63 Requirement already satisfied: nvidia-cublas-cu12==12.8.3.14 in /opt/conda/lib/python3.11/site-packages (from torch>=1.10->nvidia_curobo==0.7.8) (12.8.3.14)
#9 13.63 Requirement already satisfied: nvidia-cufft-cu12==11.3.3.41 in /opt/conda/lib/python3.11/site-packages (from torch>=1.10->nvidia_curobo==0.7.8) (11.3.3.41)
#9 13.64 Requirement already satisfied: nvidia-curand-cu12==10.3.9.55 in /opt/conda/lib/python3.11/site-packages (from torch>=1.10->nvidia_curobo==0.7.8) (10.3.9.55)
#9 13.64 Requirement already satisfied: nvidia-cusolver-cu12==11.7.2.55 in /opt/conda/lib/python3.11/site-packages (from torch>=1.10->nvidia_curobo==0.7.8) (11.7.2.55)
#9 13.64 Requirement already satisfied: nvidia-cusparse-cu12==12.5.7.53 in /opt/conda/lib/python3.11/site-packages (from torch>=1.10->nvidia_curobo==0.7.8) (12.5.7.53)
#9 13.64 Requirement already satisfied: nvidia-cusparselt-cu12==0.6.3 in /opt/conda/lib/python3.11/site-packages (from torch>=1.10->nvidia_curobo==0.7.8) (0.6.3)
#9 13.64 Requirement already satisfied: nvidia-nccl-cu12==2.26.2 in /opt/conda/lib/python3.11/site-packages (from torch>=1.10->nvidia_curobo==0.7.8) (2.26.2)
#9 13.64 Requirement already satisfied: nvidia-nvtx-cu12==12.8.55 in /opt/conda/lib/python3.11/site-packages (from torch>=1.10->nvidia_curobo==0.7.8) (12.8.55)
#9 13.64 Requirement already satisfied: nvidia-nvjitlink-cu12==12.8.61 in /opt/conda/lib/python3.11/site-packages (from torch>=1.10->nvidia_curobo==0.7.8) (12.8.61)
#9 13.64 Requirement already satisfied: nvidia-cufile-cu12==1.13.0.11 in /opt/conda/lib/python3.11/site-packages (from torch>=1.10->nvidia_curobo==0.7.8) (1.13.0.11)
#9 13.64 Requirement already satisfied: triton==3.3.1 in /opt/conda/lib/python3.11/site-packages (from torch>=1.10->nvidia_curobo==0.7.8) (3.3.1)
#9 13.65 Requirement already satisfied: mpmath<1.4,>=1.1.0 in /opt/conda/lib/python3.11/site-packages (from sympy>=1.13.3->torch>=1.10->nvidia_curobo==0.7.8) (1.3.0)
#9 13.65 Requirement already satisfied: lxml in /opt/conda/lib/python3.11/site-packages (from yourdfpy>=0.0.53->nvidia_curobo==0.7.8) (6.1.3)
#9 13.65 Requirement already satisfied: six in /opt/conda/lib/python3.11/site-packages (from yourdfpy>=0.0.53->nvidia_curobo==0.7.8) (1.17.0)
#9 13.66 Collecting colorlog (from trimesh[easy]>=3.11.2->yourdfpy>=0.0.53->nvidia_curobo==0.7.8)
#9 13.66   Downloading colorlog-6.12.0-py3-none-any.whl.metadata (11 kB)
#9 13.68 Collecting manifold3d>=2.3.0 (from trimesh[easy]>=3.11.2->yourdfpy>=0.0.53->nvidia_curobo==0.7.8)
#9 13.69   Downloading manifold3d-3.5.4-cp311-cp311-manylinux_2_27_x86_64.manylinux_2_28_x86_64.whl.metadata (20 kB)
#9 13.69 Requirement already satisfied: chardet in /opt/conda/lib/python3.11/site-packages (from trimesh[easy]>=3.11.2->yourdfpy>=0.0.53->nvidia_curobo==0.7.8) (5.2.0)
#9 13.69 Requirement already satisfied: jsonschema in /opt/conda/lib/python3.11/site-packages (from trimesh[easy]>=3.11.2->yourdfpy>=0.0.53->nvidia_curobo==0.7.8) (4.24.0)
#9 13.69 Collecting svg.path (from trimesh[easy]>=3.11.2->yourdfpy>=0.0.53->nvidia_curobo==0.7.8)
#9 13.70   Downloading svg_path-7.1-py2.py3-none-any.whl.metadata (14 kB)
#9 13.70 Collecting pycollada (from trimesh[easy]>=3.11.2->yourdfpy>=0.0.53->nvidia_curobo==0.7.8)
#9 13.70   Downloading pycollada-0.9.3-py3-none-any.whl.metadata (1.7 kB)
#9 13.74 Collecting shapely (from trimesh[easy]>=3.11.2->yourdfpy>=0.0.53->nvidia_curobo==0.7.8)
#9 13.74   Downloading shapely-2.1.2-cp311-cp311-manylinux2014_x86_64.manylinux_2_17_x86_64.whl.metadata (6.8 kB)
#9 13.81 Collecting xxhash (from trimesh[easy]>=3.11.2->yourdfpy>=0.0.53->nvidia_curobo==0.7.8)
#9 13.81   Downloading xxhash-4.0.1-cp311-cp311-manylinux2014_x86_64.manylinux_2_17_x86_64.manylinux_2_28_x86_64.whl.metadata (17 kB)
#9 13.82 Collecting rtree (from trimesh[easy]>=3.11.2->yourdfpy>=0.0.53->nvidia_curobo==0.7.8)
#9 13.82   Downloading rtree-1.4.1-py3-none-manylinux_2_24_x86_64.manylinux_2_28_x86_64.whl.metadata (2.1 kB)
#9 13.83 Collecting httpx (from trimesh[easy]>=3.11.2->yourdfpy>=0.0.53->nvidia_curobo==0.7.8)
#9 13.84   Downloading httpx-0.28.1-py3-none-any.whl.metadata (7.1 kB)
#9 13.84 Requirement already satisfied: pillow in /opt/conda/lib/python3.11/site-packages (from trimesh[easy]>=3.11.2->yourdfpy>=0.0.53->nvidia_curobo==0.7.8) (11.0.0)
#9 13.86 Collecting vhacdx (from trimesh[easy]>=3.11.2->yourdfpy>=0.0.53->nvidia_curobo==0.7.8)
#9 13.86   Downloading vhacdx-0.1.0-cp311-cp311-manylinux_2_27_x86_64.manylinux_2_28_x86_64.whl.metadata (1.1 kB)
#9 13.87 Collecting xatlas (from trimesh[easy]>=3.11.2->yourdfpy>=0.0.53->nvidia_curobo==0.7.8)
#9 13.88   Downloading xatlas-0.0.11-cp311-cp311-manylinux_2_17_x86_64.manylinux2014_x86_64.whl.metadata (5.2 kB)
#9 13.89 Collecting embreex (from trimesh[easy]>=3.11.2->yourdfpy>=0.0.53->nvidia_curobo==0.7.8)
#9 13.89   Downloading embreex-4.4.0-cp311-cp311-manylinux_2_27_x86_64.manylinux_2_28_x86_64.whl.metadata (3.0 kB)
#9 13.90 Collecting anyio (from httpx->trimesh[easy]>=3.11.2->yourdfpy>=0.0.53->nvidia_curobo==0.7.8)
#9 13.91   Downloading anyio-4.15.1-py3-none-any.whl.metadata (4.7 kB)
#9 13.91 Requirement already satisfied: certifi in /opt/conda/lib/python3.11/site-packages (from httpx->trimesh[easy]>=3.11.2->yourdfpy>=0.0.53->nvidia_curobo==0.7.8) (2025.4.26)
#9 13.92 Collecting httpcore==1.* (from httpx->trimesh[easy]>=3.11.2->yourdfpy>=0.0.53->nvidia_curobo==0.7.8)
#9 13.92   Downloading httpcore-1.0.9-py3-none-any.whl.metadata (21 kB)
#9 13.92 Requirement already satisfied: idna in /opt/conda/lib/python3.11/site-packages (from httpx->trimesh[easy]>=3.11.2->yourdfpy>=0.0.53->nvidia_curobo==0.7.8) (3.10)
#9 13.93 Collecting h11>=0.16 (from httpcore==1.*->httpx->trimesh[easy]>=3.11.2->yourdfpy>=0.0.53->nvidia_curobo==0.7.8)
#9 13.93   Downloading h11-0.16.0-py3-none-any.whl.metadata (8.3 kB)
#9 13.93 Requirement already satisfied: MarkupSafe>=2.0 in /opt/conda/lib/python3.11/site-packages (from jinja2->torch>=1.10->nvidia_curobo==0.7.8) (3.0.2)
#9 13.93 Requirement already satisfied: attrs>=22.2.0 in /opt/conda/lib/python3.11/site-packages (from jsonschema->trimesh[easy]>=3.11.2->yourdfpy>=0.0.53->nvidia_curobo==0.7.8) (25.3.0)
#9 13.93 Requirement already satisfied: jsonschema-specifications>=2023.03.6 in /opt/conda/lib/python3.11/site-packages (from jsonschema->trimesh[easy]>=3.11.2->yourdfpy>=0.0.53->nvidia_curobo==0.7.8) (2025.4.1)
#9 13.93 Requirement already satisfied: referencing>=0.28.4 in /opt/conda/lib/python3.11/site-packages (from jsonschema->trimesh[easy]>=3.11.2->yourdfpy>=0.0.53->nvidia_curobo==0.7.8) (0.36.2)
#9 13.93 Requirement already satisfied: rpds-py>=0.7.1 in /opt/conda/lib/python3.11/site-packages (from jsonschema->trimesh[easy]>=3.11.2->yourdfpy>=0.0.53->nvidia_curobo==0.7.8) (0.25.1)
#9 13.94 Requirement already satisfied: python-dateutil in /opt/conda/lib/python3.11/site-packages (from pycollada->trimesh[easy]>=3.11.2->yourdfpy>=0.0.53->nvidia_curobo==0.7.8) (2.9.0.post0)
#9 13.95 Requirement already satisfied: imageio!=2.35.0,>=2.33 in /opt/conda/lib/python3.11/site-packages (from scikit-image->nvidia_curobo==0.7.8) (2.34.2)
#9 13.98 Collecting tifffile>=2022.8.12 (from scikit-image->nvidia_curobo==0.7.8)
#9 13.98   Downloading tifffile-2026.3.3-py3-none-any.whl.metadata (31 kB)
#9 13.99 Collecting lazy-loader>=0.4 (from scikit-image->nvidia_curobo==0.7.8)
#9 13.99   Downloading lazy_loader-0.6-py3-none-any.whl.metadata (6.0 kB)
#9 14.00 Downloading warp_lang-1.17.0-py3-none-manylinux_2_28_x86_64.whl (164.3 MB)
#9 25.84    ━━━━━━━━━━━━━━━━━━━━━━━━━━━━━━━━━━━━━━━━ 164.3/164.3 MB 13.9 MB/s eta 0:00:00
#9 25.85 Downloading yourdfpy-0.0.60-py3-none-any.whl (22 kB)
#9 25.85 Downloading manifold3d-3.5.4-cp311-cp311-manylinux_2_27_x86_64.manylinux_2_28_x86_64.whl (1.4 MB)
#9 25.88    ━━━━━━━━━━━━━━━━━━━━━━━━━━━━━━━━━━━━━━━━ 1.4/1.4 MB 56.0 MB/s eta 0:00:00
#9 25.88 Downloading colorlog-6.12.0-py3-none-any.whl (12 kB)
#9 25.88 Downloading embreex-4.4.0-cp311-cp311-manylinux_2_27_x86_64.manylinux_2_28_x86_64.whl (14.5 MB)
#9 26.87    ━━━━━━━━━━━━━━━━━━━━━━━━━━━━━━━━━━━━━━━━ 14.5/14.5 MB 14.6 MB/s eta 0:00:00
#9 26.87 Downloading httpx-0.28.1-py3-none-any.whl (73 kB)
#9 26.87 Downloading httpcore-1.0.9-py3-none-any.whl (78 kB)
#9 26.88 Downloading h11-0.16.0-py3-none-any.whl (37 kB)
#9 26.88 Downloading anyio-4.15.1-py3-none-any.whl (132 kB)
#9 26.88 Downloading numpy_quaternion-2024.0.13-cp311-cp311-manylinux1_x86_64.manylinux_2_28_x86_64.manylinux_2_5_x86_64.whl (188 kB)
#9 26.89 Downloading pybind11-3.1.0-py3-none-any.whl (319 kB)
#9 26.90 Downloading pycollada-0.9.3-py3-none-any.whl (129 kB)
#9 26.90 Downloading rtree-1.4.1-py3-none-manylinux_2_24_x86_64.manylinux_2_28_x86_64.whl (507 kB)
#9 26.92 Downloading scikit_image-0.26.0-cp311-cp311-manylinux_2_24_x86_64.manylinux_2_28_x86_64.whl (13.7 MB)
#9 27.64    ━━━━━━━━━━━━━━━━━━━━━━━━━━━━━━━━━━━━━━━━ 13.7/13.7 MB 18.6 MB/s eta 0:00:00
#9 27.65 Downloading lazy_loader-0.6-py3-none-any.whl (8.8 kB)
#9 27.65 Downloading tifffile-2026.3.3-py3-none-any.whl (243 kB)
#9 27.66 Downloading shapely-2.1.2-cp311-cp311-manylinux2014_x86_64.manylinux_2_17_x86_64.whl (3.1 MB)
#9 27.71    ━━━━━━━━━━━━━━━━━━━━━━━━━━━━━━━━━━━━━━━━ 3.1/3.1 MB 57.2 MB/s eta 0:00:00
#9 27.71 Downloading svg_path-7.1-py2.py3-none-any.whl (18 kB)
#9 27.72 Downloading vhacdx-0.1.0-cp311-cp311-manylinux_2_27_x86_64.manylinux_2_28_x86_64.whl (259 kB)
#9 27.73 Downloading xatlas-0.0.11-cp311-cp311-manylinux_2_17_x86_64.manylinux2014_x86_64.whl (262 kB)
#9 27.73 Downloading xxhash-4.0.1-cp311-cp311-manylinux2014_x86_64.manylinux_2_17_x86_64.manylinux_2_28_x86_64.whl (261 kB)
#9 27.81 Building wheels for collected packages: nvidia_curobo
#9 27.81   Building editable for nvidia_curobo (pyproject.toml): started
#9 90.51   Building editable for nvidia_curobo (pyproject.toml): still running...
#9 158.5   Building editable for nvidia_curobo (pyproject.toml): still running...
#9 182.7   Building editable for nvidia_curobo (pyproject.toml): finished with status 'done'
#9 182.7   Created wheel for nvidia_curobo: filename=nvidia_curobo-0.7.8-0.editable-cp311-cp311-linux_x86_64.whl size=5572 sha256=044080fd537095b2a2d6fcc2454f3cb2a92432de1d6f023c1f0310f0367c123b
#9 182.7   Stored in directory: /tmp/pip-ephem-wheel-cache-ylg305hy/wheels/d4/60/06/dd1dea50f719654e5f3ace45e85882090a1dc379d4759ae4ed
#9 182.7 Successfully built nvidia_curobo
#9 182.8 Installing collected packages: xxhash, xatlas, warp-lang, vhacdx, tifffile, svg.path, shapely, rtree, pybind11, manifold3d, lazy-loader, h11, embreex, colorlog, anyio, scikit-image, pycollada, numpy-quaternion, httpcore, httpx, yourdfpy, nvidia_curobo
#9 185.9 
#9 185.9 Successfully installed anyio-4.15.1 colorlog-6.12.0 embreex-4.4.0 h11-0.16.0 httpcore-1.0.9 httpx-0.28.1 lazy-loader-0.6 manifold3d-3.5.4 numpy-quaternion-2024.0.13 nvidia_curobo-0.7.8 pybind11-3.1.0 pycollada-0.9.3 rtree-1.4.1 scikit-image-0.26.0 shapely-2.1.2 svg.path-7.1 tifffile-2026.3.3 vhacdx-0.1.0 warp-lang-1.17.0 xatlas-0.0.11 xxhash-4.0.1 yourdfpy-0.0.60
#9 185.9 WARNING: Running pip as the 'root' user can result in broken permissions and conflicting behaviour with the system package manager, possibly rendering your system unusable. It is recommended to use a virtual environment instead: https://pip.pypa.io/warnings/venv. Use the --root-user-action option if you know what you are doing and want to suppress this warning.
#9 187.0 Collecting warp-lang==1.12.0
#9 187.0   Downloading warp_lang-1.12.0-py3-none-manylinux_2_28_x86_64.whl.metadata (22 kB)
#9 187.0 Requirement already satisfied: numpy in /opt/conda/lib/python3.11/site-packages (from warp-lang==1.12.0) (1.26.4)
#9 187.0 Downloading warp_lang-1.12.0-py3-none-manylinux_2_28_x86_64.whl (136.5 MB)
#9 196.1    ━━━━━━━━━━━━━━━━━━━━━━━━━━━━━━━━━━━━━━━━ 136.5/136.5 MB 14.9 MB/s eta 0:00:00
#9 196.3 Installing collected packages: warp-lang
#9 196.3   Attempting uninstall: warp-lang
#9 196.3     Found existing installation: warp-lang 1.17.0
#9 196.3     Uninstalling warp-lang-1.17.0:
#9 196.3       Successfully uninstalled warp-lang-1.17.0
#9 197.9 Successfully installed warp-lang-1.12.0
#9 197.9 WARNING: Running pip as the 'root' user can result in broken permissions and conflicting behaviour with the system package manager, possibly rendering your system unusable. It is recommended to use a virtual environment instead: https://pip.pypa.io/warnings/venv. Use the --root-user-action option if you know what you are doing and want to suppress this warning.
#9 DONE 198.1s

#10 [5/5] WORKDIR /sim
#10 DONE 0.1s

#11 exporting to image
#11 exporting layers
#11 exporting layers 49.4s done
#11 exporting manifest sha256:2417cf7b3d3f93e3d0824891de7c7858096209f22f5af12e88fa6b9eafea8073 0.0s done
#11 exporting config sha256:9f8422b1ecc9a873504c17f20679c548b17978da6dc2ef00b33bbd80d1b1eadf 0.0s done
#11 exporting attestation manifest sha256:7f3f9fa57a5a34071ef500b7001c9eda33c10507f5e520ec50284735be06b9f1 0.1s done
#11 exporting manifest list sha256:cfadc55b359b215bcfc187b066a75e5d98f98625022d6f4bb837267a3a553ea6
#11 ...

#12 [auth] pytorch/pytorch:pull token for registry-1.docker.io
#12 DONE 0.0s

#11 exporting to image
#11 exporting manifest list sha256:cfadc55b359b215bcfc187b066a75e5d98f98625022d6f4bb837267a3a553ea6 0.0s done
#11 naming to docker.io/library/research3-q17-sim:v2 done
#11 unpacking to docker.io/library/research3-q17-sim:v2
#11 ...

#5 [1/5] FROM docker.io/pytorch/pytorch:2.7.1-cuda12.8-cudnn9-devel@sha256:3d614dfd422b7e43647491cbf07d6acc516c032fc49c594a94afdebd52552fb9
#5 sha256:7478e0ac0f23f94b2f27848fbcdf804a670fbf8d4bab26df842d40a10cd33059 0B / 30.44MB 0.2s
#5 sha256:7478e0ac0f23f94b2f27848fbcdf804a670fbf8d4bab26df842d40a10cd33059 10.49MB / 30.44MB 1.7s
#5 sha256:7478e0ac0f23f94b2f27848fbcdf804a670fbf8d4bab26df842d40a10cd33059 15.73MB / 30.44MB 1.8s
#5 sha256:7478e0ac0f23f94b2f27848fbcdf804a670fbf8d4bab26df842d40a10cd33059 24.12MB / 30.44MB 2.6s
#5 sha256:7478e0ac0f23f94b2f27848fbcdf804a670fbf8d4bab26df842d40a10cd33059 30.44MB / 30.44MB 2.8s done
#5 DONE 746.4s

#11 exporting to image
#11 unpacking to docker.io/library/research3-q17-sim:v2 11.2s done
#11 DONE 60.8s
