--2026-09-25 12:45:35--  https://codeload.github.com/mani-skill/ManiSkill/tar.gz/baab60ede2e89167c1b7aaed41a9aa8e690a9d1e
Resolving codeload.github.com (codeload.github.com)... 20.200.245.246
Connecting to codeload.github.com (codeload.github.com)|20.200.245.246|:443... connected.
HTTP request sent, awaiting response... 200 OK
Length: unspecified [application/x-gzip]
Saving to: ‘/home/yoohyun/research3/external/q16/ManiSkill-baab60ede2e89167c1b7aaed41a9aa8e690a9d1e.tar.gz’

     0K .......... .......... .......... .......... .......... 6.92M
    50K .......... .......... .......... .......... .......... 14.1M
   100K .......... .......... .......... .......... .......... 50.9M
   150K .......... .......... .......... .......... .......... 16.6M
   200K .......... .......... .......... .......... ..........  170M
   250K .......... .......... .......... .......... .......... 84.0M
   300K .......... .......... .......... .......... .......... 52.9M
   350K .......... .......... .......... .......... .......... 22.3M
   400K .......... .......... .......... .......... ..........  285M
   450K .......... .......... .......... .......... .......... 12.1M
   500K .......... .......... .......... .......... .......... 12.4M
   550K .......... .......... .......... .......... .......... 10.3M
   600K .......... .......... .......... .......... .......... 15.9M
   650K .......... .......... .......... .......... ..........  153M
   700K .......... .......... .......... .......... ..........  103M
   750K .......... .......... .......... .......... .......... 13.4M
   800K .......... .......... .......... .......... .......... 77.0M
   850K .......... .......... .......... .......... ..........  391M
   900K .......... .......... .......... .......... ..........  442M
   950K .......... .......... .......... .......... ..........  428M
  1000K .......... .......... .......... .......... .......... 16.5M
  1050K .......... .......... .......... .......... .......... 97.8M
  1100K .......... .......... .......... .......... .......... 55.8M
  1150K .......... .......... .......... .......... .......... 16.9M
  1200K .......... .......... .......... .......... .......... 92.6M
  1250K .......... .......... .......... .......... .......... 15.4M
  1300K .......... .......... .......... .......... ..........  110M
  1350K .......... .......... .......... .......... ..........  110M
  1400K .......... .......... .......... .......... ..........  130M
  1450K .......... .......... .......... .......... .......... 15.6M
  1500K .......... .......... .......... .......... .......... 15.5M
  1550K .......... .......... .......... .......... .......... 55.1M
  1600K .......... .......... .......... .......... ..........  116M
  1650K .......... .......... .......... .......... ..........  104M
  1700K .......... .......... .......... .......... .......... 15.8M
  1750K .......... .......... .......... .......... .......... 17.7M
  1800K .......... .......... .......... .......... .......... 28.8M
  1850K .......... .......... .......... .......... ..........  110M
  1900K .......... .......... .......... .......... ..........  101M
  1950K .......... .......... .......... .......... .......... 24.5M
  2000K .......... .......... .......... .......... .......... 13.1M
  2050K .......... .......... .......... .......... .......... 38.5M
  2100K .......... .......... .......... .......... ..........  114M
  2150K .......... .......... .......... .......... .......... 85.4M
  2200K .......... .......... .......... .......... .......... 23.5M
  2250K .......... .......... .......... .......... .......... 45.9M
  2300K .......... .......... .......... .......... .......... 13.9M
  2350K .......... .......... .......... .......... ..........  331M
  2400K .......... .......... .......... .......... .......... 52.3M
  2450K .......... .......... .......... .......... .......... 17.1M
  2500K .......... .......... .......... .......... .......... 63.3M
  2550K .......... .......... .......... .......... .......... 14.0M
  2600K .......... .......... .......... .......... .......... 56.8M
  2650K .......... .......... .......... .......... .......... 85.2M
  2700K .......... .......... .......... .......... .......... 21.7M
  2750K .......... .......... .......... .......... ..........  768K
  2800K .......... .......... .......... .......... ..........  166M
  2850K .......... .......... .......... .......... .......... 27.5M
  2900K .......... .......... .......... .......... ..........  364M
  2950K .......... .......... .......... .......... .......... 26.5M
  3000K .......... .......... .......... .......... .......... 35.4M
  3050K .......... .......... .......... .......... .......... 79.8M
  3100K .......... .......... .......... .......... .......... 34.7M
  3150K .......... .......... .......... .......... ..........  111M
  3200K .......... .......... .......... .......... .......... 32.2M
  3250K .......... .......... .......... .......... .......... 72.2M
  3300K .......... .......... .......... .......... .......... 29.5M
  3350K .......... .......... .......... .......... .......... 32.7M
  3400K .......... .......... .......... .......... .......... 64.5M
  3450K .......... .......... .......... .......... ..........  413M
  3500K .......... .......... .......... .......... .......... 32.4M
  3550K .......... .......... .......... .......... .......... 31.6M
  3600K .......... .......... .......... .......... .......... 58.4M
  3650K .......... .......... .......... .......... .......... 42.0M
  3700K .......... .......... .......... .......... .......... 27.1M
  3750K .......... .......... .......... .......... .......... 51.2M
  3800K .......... .......... .......... .......... ..........  272M
  3850K .......... .......... .......... .......... .......... 56.6M
  3900K .......... .......... .......... .......... .......... 25.8M
  3950K .......... .......... .......... .......... .......... 35.5M
  4000K .......... .......... .......... .......... .......... 64.2M
  4050K .......... .......... .......... .......... ..........  242M
  4100K .......... .......... .......... .......... .......... 16.6M
  4150K .......... .......... .......... .......... ..........  379M
  4200K .......... .......... .......... .......... .......... 64.1M
  4250K .......... .......... .......... .......... .......... 45.9M
  4300K .......... .......... .......... .......... .......... 23.6M
  4350K .......... .......... .......... .......... .......... 66.5M
  4400K .......... .......... .......... .......... ..........  156M
  4450K .......... .......... .......... .......... .......... 64.5M
  4500K .......... .......... .......... .......... .......... 22.4M
  4550K .......... .......... .......... .......... .......... 61.4M
  4600K .......... .......... .......... .......... .......... 51.8M
  4650K .......... .......... .......... .......... .......... 23.5M
  4700K .......... .......... .......... .......... .......... 54.4M
  4750K .......... .......... .......... .......... .......... 51.3M
  4800K .......... .......... .......... .......... ..........  167M
  4850K .......... .......... .......... .......... .......... 30.5M
  4900K .......... .......... .......... .......... .......... 41.5M
  4950K .......... .......... .......... .......... .......... 50.7M
  5000K .......... .......... .......... .......... ..........  133M
  5050K .......... .......... .......... .......... .......... 22.3M
  5100K .......... .......... .......... .......... .......... 40.1M
  5150K .......... .......... .......... .......... ..........  172M
  5200K .......... .......... .......... .......... .......... 80.4M
  5250K .......... .......... .......... .......... .......... 23.5M
  5300K .......... .......... .......... .......... .......... 40.0M
  5350K .......... .......... .......... .......... .......... 81.4M
  5400K .......... .......... .......... .......... ..........  103M
  5450K .......... .......... .......... .......... .......... 35.7M
  5500K .......... .......... .......... .......... .......... 34.5M
  5550K .......... .......... .......... .......... .......... 69.3M
  5600K .......... .......... .......... .......... ..........  119M
  5650K .......... .......... .......... .......... .......... 21.9M
  5700K .......... .......... .......... .......... .......... 46.8M
  5750K .......... .......... .......... .......... .......... 26.0M
  5800K .......... .......... .......... .......... .......... 35.7M
  5850K .......... .......... .......... .......... .......... 82.3M
  5900K .......... .......... .......... .......... .......... 46.1M
  5950K .......... .......... .......... .......... .......... 60.4M
  6000K .......... .......... .......... .......... .......... 12.9M
  6050K .......... .......... .......... .......... .......... 42.6M
  6100K .......... .......... .......... .......... .......... 46.2M
  6150K .......... .......... .......... .......... .......... 35.4M
  6200K .......... .......... .......... .......... .......... 36.1M
  6250K .......... .......... .......... .......... .......... 21.5M
  6300K .......... .......... .......... .......... .......... 53.7M
  6350K .......... .......... .......... .......... .......... 79.3M
  6400K .......... .......... .......... .......... .......... 58.6M
  6450K .......... .......... .......... .......... .......... 6.75M
  6500K .......... .......... .......... .......... ..........  110M
  6550K .......... .......... .......... .......... ..........  119M
  6600K .......... .......... .......... .......... .......... 12.7M
  6650K .......... .......... .......... .......... ..........  433M
  6700K .......... .......... .......... .......... ..........  412M
  6750K .......... .......... .......... .......... ..........  779K
  6800K .......... .......... .......... .......... ..........  104M
  6850K .......... .......... .......... .......... .......... 19.4M
  6900K .......... .......... .......... .......... .......... 49.6M
  6950K .......... .......... .......... .......... ..........  107M
  7000K .......... .......... .......... .......... .......... 19.8M
  7050K .......... .......... .......... .......... .......... 38.0M
  7100K .......... .......... .......... .......... ..........  110M
  7150K .......... .......... .......... .......... .......... 24.4M
  7200K .......... .......... .......... .......... .......... 27.5M
  7250K .......... .......... .......... .......... .......... 50.7M
  7300K .......... .......... .......... .......... .......... 22.1M
  7350K .......... .......... .......... .......... .......... 63.5M
  7400K .......... .......... .......... .......... .......... 26.3M
  7450K .......... .......... .......... .......... .......... 26.6M
  7500K .......... .......... .......... .......... .......... 79.3M
  7550K .......... .......... .......... .......... .......... 39.2M
  7600K .......... .......... .......... .......... .......... 23.0M
  7650K .......... .......... .......... .......... .......... 86.5M
  7700K .......... .......... .......... .......... .......... 16.1M
  7750K .......... .......... .......... .......... .......... 64.1M
  7800K .......... .......... .......... .......... .......... 42.0M
  7850K .......... .......... .......... .......... .......... 19.9M
  7900K .......... .......... .......... .......... .......... 36.2M
  7950K .......... .......... .......... .......... ..........  288M
  8000K .......... .......... .......... .......... .......... 19.4M
  8050K .......... .......... .......... .......... .......... 41.4M
  8100K .......... .......... .......... .......... ..........  112M
  8150K .......... .......... .......... .......... .......... 22.1M
  8200K .......... .......... .......... .......... .......... 30.6M
  8250K .......... .......... .......... .......... ..........  104M
  8300K .......... .......... .......... .......... .......... 18.4M
  8350K .......... .......... .......... .......... .......... 60.5M
  8400K .......... .......... .......... .......... .......... 30.9M
  8450K .......... .......... .......... .......... .......... 39.6M
  8500K .......... .......... .......... .......... .......... 34.9M
  8550K .......... .......... .......... .......... .......... 35.6M
  8600K .......... .......... .......... .......... .......... 28.5M
  8650K .......... .......... .......... .......... .......... 55.2M
  8700K .......... .......... .......... .......... .......... 9.68M
  8750K .......... .......... .......... .......... ..........  336M
  8800K .......... .......... .......... .......... ..........  419M
  8850K .......... .......... .......... .......... ..........  424M
  8900K .......... .......... .......... .......... .......... 14.1M
  8950K .......... .......... .......... .......... ..........  201K
  9000K .......... .......... .......... .......... .......... 3.49M
  9050K .......... .......... .......... .......... .......... 6.79M
  9100K .......... .......... .......... .......... .......... 92.7M
  9150K .......... .......... .......... .......... .......... 14.0M
  9200K .......... .......... .......... .......... .......... 13.5M
  9250K .......... .......... .......... .......... ..........  137M
  9300K .......... .......... .......... .......... .......... 13.4M
  9350K .......... .......... .......... .......... .......... 13.8M
  9400K .......... .......... .......... .......... .......... 14.0M
  9450K .......... .......... .......... .......... .......... 13.4M
  9500K .......... .......... .......... .......... ..........  136M
  9550K .......... .......... .......... .......... .......... 13.5M
  9600K .......... .......... .......... .......... .......... 14.8M
  9650K .......... .......... .......... .......... .......... 71.0M
  9700K .......... .......... .......... .......... .......... 13.7M
  9750K .......... .......... .......... .......... .......... 16.3M
  9800K .......... .......... .......... .......... .......... 52.5M
  9850K .......... .......... .......... .......... .......... 13.5M
  9900K .......... .......... .......... .......... .......... 13.5M
  9950K .......... .......... .......... .......... ..........  137M
 10000K .......... .......... .......... .......... .......... 13.7M
 10050K .......... .......... .......... .......... .......... 22.6M
 10100K .......... .......... .......... .......... .......... 27.5M
 10150K .......... .......... .......... .......... .......... 13.8M
 10200K .......... .......... .......... .......... .......... 26.9M
 10250K .......... .......... .......... .......... .......... 24.2M
 10300K .......... .......... .......... .......... .......... 13.8M
 10350K .......... .......... .......... .......... .......... 29.8M
 10400K .......... .......... .......... .......... .......... 19.7M
 10450K .......... .......... .......... .......... .......... 13.9M
 10500K .......... .......... .......... .......... ..........  141M
 10550K .......... .......... .......... .......... .......... 13.4M
 10600K .......... .......... .......... .......... .......... 30.4M
 10650K .......... .......... .......... .......... .......... 23.1M
 10700K .......... .......... .......... .......... .......... 15.4M
 10750K .......... .......... .......... .......... .......... 20.7M
 10800K .......... .......... .......... .......... .......... 29.6M
 10850K .......... .......... .......... .......... .......... 15.2M
 10900K .......... .......... .......... .......... .......... 20.6M
 10950K .......... .......... .......... .......... .......... 27.6M
 11000K .......... .......... .......... .......... .......... 24.7M
 11050K .......... .......... .......... .......... .......... 25.7M
 11100K .......... .......... .......... .......... .......... 14.1M
 11150K .......... .......... .......... .......... .......... 24.6M
 11200K .......... .......... .......... .......... .......... 25.2M
 11250K .......... .......... .......... .......... .......... 28.0M
 11300K .......... .......... .......... .......... .......... 24.4M
 11350K .......... .......... .......... .......... .......... 15.2M
 11400K .......... .......... .......... .......... .......... 22.9M
 11450K .......... .......... .......... .......... .......... 31.5M
 11500K .......... .......... .......... .......... .......... 22.9M
 11550K .......... .......... .......... .......... .......... 19.4M
 11600K .......... .......... .......... .......... .......... 38.3M
 11650K .......... .......... .......... .......... .......... 20.4M
 11700K .......... .......... .......... .......... .......... 34.2M
 11750K .......... .......... .......... .......... .......... 21.3M
 11800K .......... .......... .......... .......... .......... 33.8M
 11850K .......... .......... .......... .......... .......... 15.0M
 11900K .......... .......... .......... .......... .......... 40.6M
 11950K .......... .......... .......... .......... .......... 19.8M
 12000K .......... .......... .......... .......... .......... 18.6M
 12050K .......... .......... .......... .......... .......... 23.3M
 12100K .......... .......... .......... .......... .......... 30.4M
 12150K .......... .......... .......... .......... .......... 23.1M
 12200K .......... .......... .......... .......... .......... 18.2M
 12250K .......... .......... .......... .......... .......... 41.5M
 12300K .......... .......... .......... .......... .......... 19.5M
 12350K .......... .......... .......... .......... .......... 38.8M
 12400K .......... .......... .......... .......... .......... 20.5M
 12450K .......... .......... .......... .......... .......... 32.0M
 12500K .......... .......... .......... .......... .......... 23.1M
 12550K .......... .......... .......... .......... .......... 20.8M
 12600K .......... .......... .......... .......... .......... 37.5M
 12650K .......... .......... .......... .......... .......... 20.8M
 12700K .......... .......... .......... .......... .......... 16.7M
 12750K .......... .......... .......... .......... .......... 53.1M
 12800K .......... .......... .......... .......... .......... 17.6M
 12850K .......... .......... .......... .......... .......... 43.3M
 12900K .......... .......... .......... .......... .......... 15.1M
 12950K .......... .......... .......... .......... .......... 87.6M
 13000K .......... .......... .......... .......... .......... 14.7M
 13050K .......... .......... .......... .......... .......... 43.7M
 13100K .......... .......... .......... .......... .......... 34.6M
 13150K .......... .......... .......... .......... .......... 20.5M
 13200K .......... .......... .......... .......... .......... 42.5M
 13250K .......... .......... .......... .......... .......... 18.8M
 13300K .......... .......... .......... .......... ..........  111M
 13350K .......... .......... .......... .......... .......... 14.9M
 13400K .......... .......... .......... .......... .......... 98.0M
 13450K .......... .......... .......... .......... .......... 15.0M
 13500K .......... .......... .......... .......... .......... 57.2M
 13550K .......... .......... .......... .......... .......... 15.7M
 13600K .......... .......... .......... .......... .......... 81.1M
 13650K .......... .......... .......... .......... .......... 18.6M
 13700K .......... .......... .......... .......... .......... 37.3M
 13750K .......... .......... .......... .......... .......... 21.7M
 13800K .......... .......... .......... .......... .......... 31.3M
 13850K .......... .......... .......... .......... .......... 24.3M
 13900K .......... .......... .......... .......... .......... 20.2M
 13950K .......... .......... .......... .......... ..........  183M
 14000K .......... .......... .......... .......... .......... 14.0M
 14050K .......... .......... .......... .......... ..........  141M
 14100K .......... .......... .......... .......... .......... 14.3M
 14150K .......... .......... .......... .......... .......... 95.5M
 14200K .......... .......... .......... .......... .......... 15.0M
 14250K .......... .......... .......... .......... ..........  105M
 14300K .......... .......... .......... .......... .......... 17.4M
 14350K .......... .......... .......... .......... .......... 33.2M
 14400K .......... .......... .......... .......... ..........  146M
 14450K .......... .......... .......... .......... .......... 7.60M
 14500K .......... .......... .......... .......... ..........  127M
 14550K .......... .......... .......... .......... .......... 5.88M
 14600K .......... .......... .......... .......... ..........  413M
 14650K .......... .......... .......... .......... ..........  161M
 14700K .......... .......... .......... .......... .......... 13.9M
 14750K .......... .......... .......... .......... .......... 13.3M
 14800K .......... .......... .......... .......... ..........  151M
 14850K .......... .......... .......... .......... .......... 13.9M
 14900K .......... .......... .......... .......... .......... 13.3M
 14950K .......... .......... .......... .......... ..........  156M
 15000K .......... .......... .......... .......... .......... 14.4M
 15050K .......... .......... .......... .......... .......... 60.6M
 15100K .......... .......... .......... .......... .......... 13.4M
 15150K .......... .......... .......... .......... .......... 15.2M
 15200K .......... .......... .......... .......... .......... 70.9M
 15250K .......... .......... .......... .......... .......... 14.3M
 15300K .......... .......... .......... .......... .......... 15.1M
 15350K .......... .......... .......... .......... .......... 34.4M
 15400K .......... .......... .......... .......... .......... 13.9M
 15450K .......... .......... .......... .......... .......... 23.3M
 15500K .......... .......... .......... .......... .......... 24.0M
 15550K .......... .......... .......... .......... .......... 13.7M
 15600K .......... .......... .......... .......... ..........  129M
 15650K .......... .......... .......... .......... .......... 14.4M
 15700K .......... .......... .......... .......... .......... 43.4M
 15750K .......... .......... .......... .......... .......... 15.4M
 15800K .......... .......... .......... .......... .......... 13.8M
 15850K .......... .......... .......... .......... .......... 90.8M
 15900K .......... .......... .......... .......... .......... 13.3M
 15950K .......... .......... .......... .......... ..........  152M
 16000K .......... .......... .......... .......... .......... 14.2M
 16050K .......... .......... .......... .......... .......... 15.2M
 16100K .......... .......... .......... .......... .......... 70.3M
 16150K .......... .......... .......... .......... .......... 13.6M
 16200K .......... .......... .......... .......... .......... 42.3M
 16250K .......... .......... .......... .......... .......... 16.9M
 16300K .......... .......... .......... .......... .......... 55.9M
 16350K .......... .......... .......... .......... .......... 16.0M
 16400K .......... .......... .......... .......... .......... 28.1M
 16450K .......... .......... .......... .......... .......... 24.3M
 16500K .......... .......... .......... .......... .......... 15.5M
 16550K .......... .......... .......... .......... .......... 39.4M
 16600K .......... .......... .......... .......... .......... 18.0M
 16650K .......... .......... .......... .......... .......... 46.2M
 16700K .......... .......... .......... .......... .......... 15.5M
 16750K .......... .......... .......... .......... .......... 48.2M
 16800K .......... .......... .......... .......... .......... 17.5M
 16850K .......... .......... .......... .......... .......... 45.0M
 16900K .......... .......... .......... .......... .......... 15.5M
 16950K .......... .......... .......... .......... .......... 75.9M
 17000K .......... .......... .......... .......... .......... 15.6M
 17050K .......... .......... .......... .......... .......... 25.9M
 17100K .......... .......... .......... .......... .......... 25.9M
 17150K .......... .......... .......... .......... .......... 15.7M
 17200K .......... .......... .......... .......... .......... 41.4M
 17250K .......... .......... .......... .......... .......... 20.4M
 17300K .......... .......... .......... .......... .......... 35.7M
 17350K .......... .......... .......... .......... .......... 16.3M
 17400K .......... .......... .......... .......... .......... 31.1M
 17450K .......... .......... .......... .......... .......... 20.6M
 17500K .......... .......... .......... .......... .......... 35.1M
 17550K .......... .......... .......... .......... .......... 14.8M
 17600K .......... .......... .......... .......... ..........  105M
 17650K .......... .......... .......... .......... .......... 14.5M
 17700K .......... .......... .......... .......... .......... 41.0M
 17750K .......... .......... .......... .......... .......... 1.75M
 17800K .......... .......... .......... .......... .......... 13.4M
 17850K .......... .......... .......... .......... .......... 13.3M
 17900K .......... .......... .......... .......... .......... 14.1M
 17950K .......... .......... .......... .......... ..........  113M
 18000K .......... .......... .......... .......... .......... 13.8M
 18050K .......... .......... .......... .......... .......... 13.4M
 18100K .......... .......... .......... .......... .......... 50.5M
 18150K .......... .......... .......... .......... .......... 16.5M
 18200K .......... .......... .......... .......... .......... 13.3M
 18250K .......... .......... .......... .......... .......... 15.1M
 18300K .......... .......... .......... .......... .......... 40.4M
 18350K .......... .......... .......... .......... .......... 13.6M
 18400K .......... .......... .......... .......... .......... 13.4M
 18450K .......... .......... .......... .......... .......... 16.1M
 18500K .......... .......... .......... .......... .......... 54.5M
 18550K .......... .......... .......... .......... .......... 13.5M
 18600K .......... .......... .......... .......... .......... 17.8M
 18650K .......... .......... .......... .......... .......... 41.6M
 18700K .......... .......... .......... .......... .......... 13.9M
 18750K .......... .......... .......... .......... .......... 19.4M
 18800K .......... .......... .......... .......... .......... 32.8M
 18850K .......... .......... .......... .......... .......... 13.2M
 18900K .......... .......... .......... .......... .......... 24.2M
 18950K .......... .......... .......... .......... .......... 27.4M
 19000K .......... .......... .......... .......... .......... 13.9M
 19050K .......... .......... .......... .......... .......... 15.5M
 19100K .......... .......... .......... .......... .......... 66.7M
 19150K .......... .......... .......... .......... .......... 13.5M
 19200K .......... .......... .......... .......... .......... 17.3M
 19250K .......... .......... .......... .......... .......... 47.0M
 19300K .......... .......... .......... .......... .......... 13.3M
 19350K .......... .......... .......... .......... .......... 32.8M
 19400K .......... .......... .......... .......... .......... 18.8M
 19450K .......... .......... .......... .......... .......... 25.0M
 19500K .......... .......... .......... .......... .......... 27.4M
 19550K .......... .......... .......... .......... .......... 14.1M
 19600K .......... .......... .......... .......... .......... 40.2M
 19650K .......... .......... .......... .......... .......... 17.1M
 19700K .......... .......... .......... .......... .......... 18.2M
 19750K .......... .......... .......... .......... .......... 17.3M
 19800K .......... .......... .......... .......... .......... 28.7M
 19850K .......... .......... .......... .......... .......... 13.3M
 19900K .......... .......... .......... .......... .......... 26.0M
 19950K .......... .......... .......... .......... .......... 23.9M
 20000K .......... .......... .......... .......... .......... 26.8M
 20050K .......... .......... .......... .......... .......... 24.5M
 20100K .......... .......... .......... .......... .......... 15.2M
 20150K .......... .......... .......... .......... .......... 32.1M
 20200K .......... .......... .......... .......... .......... 18.6M
 20250K .......... .......... .......... .......... .......... 32.5M
 20300K .......... .......... .......... .......... .......... 22.3M
 20350K .......... .......... .......... .......... .......... 28.6M
 20400K .......... .......... .......... .......... .......... 16.0M
 20450K .......... .......... .......... .......... .......... 72.3M
 20500K .......... .......... .......... .......... .......... 13.7M
 20550K .......... .......... .......... .......... .......... 21.7M
 20600K .......... .......... .......... .......... .......... 33.4M
 20650K .......... .......... .......... .......... .......... 21.5M
 20700K .......... .......... .......... .......... .......... 21.4M
 20750K .......... .......... .......... .......... .......... 30.4M
 20800K .......... .......... .......... .......... .......... 19.6M
 20850K .......... .......... .......... .......... .......... 21.5M
 20900K .......... .......... .......... .......... .......... 37.5M
 20950K .......... .......... .......... .......... .......... 20.8M
 21000K .......... .......... .......... .......... .......... 34.3M
 21050K .......... .......... .......... .......... .......... 14.7M
 21100K .......... .......... .......... .......... .......... 29.0M
 21150K .......... .......... .......... .......... .......... 21.7M
 21200K .......... .......... .......... .......... .......... 30.3M
 21250K .......... .......... .......... .......... .......... 23.4M
 21300K .......... .......... .......... .......... .......... 30.9M
 21350K .......... .......... .......... .......... .......... 21.8M
 21400K .......... .......... .......... .......... .......... 31.0M
 21450K .......... .......... .......... .......... .......... 21.9M
 21500K .......... .......... .......... .......... .......... 30.7M
 21550K .......... .......... .......... .......... .......... 22.0M
 21600K .......... .......... .......... .......... .......... 32.5M
 21650K .......... .......... .......... .......... .......... 21.7M
 21700K .......... .......... .......... .......... .......... 23.3M
 21750K .......... .......... .......... .......... .......... 19.2M
 21800K .......... .......... .......... .......... .......... 39.2M
 21850K .......... .......... .......... .......... .......... 32.0M
 21900K .......... .......... .......... .......... .......... 20.8M
 21950K .......... .......... .......... .......... .......... 34.1M
 22000K .......... .......... .......... .......... .......... 20.9M
 22050K .......... .......... .......... .......... .......... 25.6M
 22100K .......... .......... .......... .......... .......... 26.3M
 22150K .......... .......... .......... .......... .......... 24.5M
 22200K .......... .......... .......... .......... .......... 19.1M
 22250K .......... .......... .......... .......... .......... 41.6M
 22300K .......... .......... .......... .......... .......... 19.3M
 22350K .......... .......... .......... .......... .......... 34.8M
 22400K .......... .......... .......... .......... .......... 22.6M
 22450K .......... .......... .......... .......... .......... 32.4M
 22500K .......... .......... .......... .......... .......... 18.6M
 22550K .......... .......... .......... .......... .......... 27.4M
 22600K .......... .......... .......... .......... .......... 26.1M
 22650K .......... .......... .......... .......... .......... 26.2M
 22700K .......... .......... .......... .......... .......... 28.2M
 22750K .......... .......... .......... .......... .......... 24.8M
 22800K .......... .......... .......... .......... ..........  163M
 22850K .......... .......... .......... .......... .......... 26.1M
 22900K .......... .......... .......... .......... .......... 26.2M
 22950K .......... .......... .......... .......... .......... 24.5M
 23000K .......... .......... .......... .......... .......... 23.4M
 23050K .......... .......... .......... .......... .......... 29.8M
 23100K .......... .......... .......... .......... .......... 23.4M
 23150K .......... .......... .......... .......... .......... 28.9M
 23200K .......... .......... .......... .......... .......... 22.7M
 23250K .......... .......... .......... .......... .......... 30.8M
 23300K .......... .......... .......... .......... .......... 27.5M
 23350K .......... .......... .......... .......... .......... 25.9M
 23400K .......... .......... .......... .......... .......... 29.5M
 23450K .......... .......... .......... .......... .......... 24.0M
 23500K .......... .......... .......... .......... ..........  127M
 23550K .......... .......... .......... .......... .......... 23.6M
 23600K .......... .......... .......... .......... .......... 29.4M
 23650K .......... .......... .......... .......... .......... 21.8M
 23700K .......... .......... .......... .......... .......... 29.2M
 23750K .......... .......... .......... .......... .......... 22.9M
 23800K .......... .......... .......... .......... .......... 28.3M
 23850K .......... .......... .......... .......... .......... 22.3M
 23900K .......... .......... .......... .......... .......... 31.0M
 23950K .......... .......... .......... .......... .......... 26.5M
 24000K .......... .......... .......... .......... .......... 91.4M
 24050K .......... .......... .......... .......... .......... 16.3M
 24100K .......... .......... .......... .......... .......... 52.3M
 24150K .......... .......... .......... .......... .......... 38.7M
 24200K .......... .......... .......... .......... .......... 19.1M
 24250K .......... .......... .......... .......... .......... 55.3M
 24300K .......... .......... .......... .......... .......... 17.8M
 24350K .......... .......... .......... .......... .......... 41.7M
 24400K .......... .......... .......... .......... .......... 36.7M
 24450K .......... .......... .......... .......... .......... 19.4M
 24500K .......... .......... .......... .......... ..........  154M
 24550K .......... .......... .......... .......... .......... 10.5M
 24600K .......... .......... .......... .......... ..........  386M
 24650K .......... .......... .......... .......... .......... 52.6M
 24700K .......... .......... .......... .......... .......... 16.7M
 24750K .......... .......... .......... .......... .......... 11.8M
 24800K .......... .......... .......... .......... .......... 49.0M
 24850K .......... .......... .......... .......... .......... 18.1M
 24900K .......... .......... .......... .......... ..........  126M
 24950K .......... .......... .......... .......... .......... 6.89M
 25000K .......... .......... .......... .......... ..........  421M
 25050K .......... .......... .......... .......... .......... 14.2M
 25100K .......... .......... .......... .......... .......... 13.6M
 25150K .......... .......... .......... .......... .......... 55.9M
 25200K .......... .......... .......... .......... .......... 7.99M
 25250K .......... .......... .......... .......... .......... 13.6M
 25300K .......... .......... .......... .......... .......... 46.3M
 25350K .......... .......... .......... .......... .......... 13.6M
 25400K .......... .......... .......... .......... .......... 13.1M
 25450K .......... .......... .......... .......... .......... 13.9M
 25500K .......... .......... .......... .......... .......... 15.7M
 25550K .......... .......... .......... .......... .......... 13.6M
 25600K .......... .......... .......... .......... .......... 8.19M
 25650K .......... .......... .......... .......... .......... 14.4M
 25700K .......... .......... .......... .......... ..........  218M
 25750K .......... .......... .......... .......... .......... 6.99M
 25800K .......... .......... .......... .......... .......... 13.4M
 25850K .......... .......... .......... .......... .......... 13.2M
 25900K .......... .......... .......... .......... .......... 13.1M
 25950K .......... .......... .......... .......... .......... 13.6M
 26000K .......... .......... .......... .......... ..........  212K
 26050K .......... .......... .......... .......... .......... 6.64M
 26100K .......... .......... .......... .......... .......... 7.06M
 26150K .......... .......... .......... .......... .......... 7.12M
 26200K .......... .......... .......... .......... .......... 12.6M
 26250K .......... .......... .......... .......... .......... 7.34M
 26300K .......... .......... .......... .......... .......... 11.9M
 26350K .......... .......... .......... .......... .......... 6.84M
 26400K .......... .......... .......... .......... .......... 13.3M
 26450K .......... .......... .......... .......... .......... 13.3M
 26500K .......... .......... .......... .......... .......... 7.86M
 26550K .......... .......... .......... .......... .......... 10.8M
 26600K .......... .......... .......... .......... .......... 13.2M
 26650K .......... .......... .......... .......... .......... 13.2M
 26700K .......... .......... .......... .......... .......... 7.16M
 26750K .......... .......... .......... .......... .......... 12.9M
 26800K .......... .......... .......... .......... .......... 13.3M
 26850K .......... .......... .......... .......... .......... 13.2M
 26900K .......... .......... .......... .......... .......... 13.2M
 26950K .......... .......... .......... .......... .......... 12.7M
 27000K .......... .......... .......... .......... .......... 13.8M
 27050K .......... .......... .......... .......... .......... 13.4M
 27100K .......... .......... .......... .......... .......... 10.0M
 27150K .......... .......... .......... .......... .......... 13.8M
 27200K .......... .......... .......... .......... .......... 9.03M
 27250K .......... .......... .......... .......... .......... 12.9M
 27300K .......... .......... .......... .......... .......... 13.4M
 27350K .......... .......... .......... .......... .......... 31.8M
 27400K .......... .......... .......... .......... .......... 13.2M
 27450K .......... .......... .......... .......... .......... 10.7M
 27500K .......... .......... .......... .......... .......... 11.2M
 27550K .......... .......... .......... .......... .......... 25.1M
 27600K .......... .......... .......... .......... .......... 13.6M
 27650K .......... .......... .......... .......... .......... 13.7M
 27700K .......... .......... .......... .......... .......... 11.6M
 27750K .......... .......... .......... .......... .......... 13.5M
 27800K .......... .......... .......... .......... .......... 13.5M
 27850K .......... .......... .......... .......... .......... 19.0M
 27900K .......... .......... .......... .......... .......... 19.9M
 27950K .......... .......... .......... .......... .......... 13.9M
 28000K .......... .......... .......... .......... .......... 19.4M
 28050K .......... .......... .......... .......... .......... 13.5M
 28100K .......... .......... .......... .......... .......... 21.9M
 28150K .......... .......... .......... .......... .......... 13.7M
 28200K .......... .......... .......... .......... .......... 13.3M
 28250K .......... .......... .......... .......... .......... 22.2M
 28300K .......... .......... .......... .......... .......... 16.1M
 28350K .......... .......... .......... .......... .......... 13.4M
 28400K .......... .......... .......... .......... .......... 21.9M
 28450K .......... .......... .......... .......... .......... 13.7M
 28500K .......... .......... .......... .......... .......... 26.6M
 28550K .......... .......... .......... .......... .......... 13.3M
 28600K .......... .......... .......... .......... .......... 15.3M
 28650K .......... .......... .......... .......... .......... 21.0M
 28700K .......... .......... .......... .......... .......... 24.1M
 28750K .......... .......... .......... .......... .......... 13.5M
 28800K .......... .......... .......... .......... .......... 14.7M
 28850K .......... .......... .......... .......... .......... 27.8M
 28900K .......... .......... .......... .......... .......... 21.4M
 28950K .......... .......... .......... .......... .......... 14.1M
 29000K .......... .......... .......... .......... .......... 14.3M
 29050K .......... .......... .......... .......... .......... 83.2M
 29100K .......... .......... .......... .......... .......... 12.9M
 29150K .......... .......... .......... .......... .......... 18.2M
 29200K .......... .......... .......... .......... .......... 47.2M
 29250K .......... .......... .......... .......... .......... 12.8M
 29300K .......... .......... .......... .......... .......... 21.9M
 29350K .......... .......... .......... .......... .......... 20.3M
 29400K .......... .......... .......... .......... .......... 17.9M
 29450K .......... .......... .......... .......... .......... 26.1M
 29500K .......... .......... .......... .......... .......... 17.0M
 29550K .......... .......... .......... .......... .......... 13.7M
 29600K .......... .......... .......... .......... .......... 51.4M
 29650K .......... .......... .......... .......... .......... 13.5M
 29700K .......... .......... .......... .......... .......... 17.9M
 29750K .......... .......... .......... .......... .......... 43.5M
 29800K .......... .......... .......... .......... .......... 13.3M
 29850K .......... .......... .......... .......... .......... 35.7M
 29900K .......... .......... .......... .......... .......... 13.7M
 29950K .......... .......... .......... .......... .......... 21.1M
 30000K .......... .......... .......... .......... .......... 34.3M
 30050K .......... .......... .......... .......... .......... 19.8M
 30100K .......... .......... .......... .......... .......... 26.9M
 30150K .......... .......... .......... .......... .......... 25.6M
 30200K .......... .......... .......... .......... .......... 15.3M
 30250K .......... .......... .......... .......... .......... 21.9M
 30300K .......... .......... .......... .......... .......... 16.6M
 30350K .......... .......... .......... .......... .......... 40.2M
 30400K .......... .......... .......... .......... .......... 14.1M
 30450K .......... .......... .......... .......... .......... 49.7M
 30500K .......... .......... .......... .......... .......... 17.3M
 30550K .......... .......... .......... .......... .......... 19.7M
 30600K .......... .......... .......... .......... .......... 25.2M
 30650K .......... .......... .......... .......... .......... 28.1M
 30700K .......... .......... .......... .......... .......... 21.5M
 30750K .......... .......... .......... .......... .......... 20.2M
 30800K .......... .......... .......... .......... .......... 35.3M
 30850K .......... .......... .......... .......... .......... 14.0M
 30900K .......... .......... .......... .......... .......... 31.0M
 30950K .......... .......... .......... .......... .......... 22.1M
 31000K .......... .......... .......... .......... .......... 26.5M
 31050K .......... .......... .......... .......... .......... 23.5M
 31100K .......... .......... .......... .......... .......... 36.4M
 31150K .......... .......... .......... .......... .......... 18.8M
 31200K .......... .......... .......... .......... .......... 14.1M
 31250K .......... .......... .......... .......... ..........  168M
 31300K .......... .......... .......... .......... .......... 14.5M
 31350K .......... .......... .......... .......... .......... 34.5M
 31400K .......... .......... .......... .......... .......... 19.7M
 31450K .......... .......... .......... .......... .......... 41.6M
 31500K .......... .......... .......... .......... .......... 18.4M
 31550K .......... .......... .......... .......... .......... 32.6M
 31600K .......... .......... .......... .......... .......... 22.3M
 31650K .......... .......... .......... .......... .......... 22.2M
 31700K .......... .......... .......... .......... .......... 16.5M
 31750K .......... .......... .......... .......... .......... 59.8M
 31800K .......... .......... .......... .......... .......... 16.9M
 31850K .......... .......... .......... .......... .......... 23.4M
 31900K .......... .......... .......... .......... .......... 20.7M
 31950K .......... .......... .......... .......... .......... 37.6M
 32000K .......... .......... .......... .......... .......... 20.3M
 32050K .......... .......... .......... .......... .......... 39.9M
 32100K .......... .......... .......... .......... .......... 19.8M
 32150K .......... .......... .......... .......... .......... 29.1M
 32200K .......... .......... .......... .......... .......... 21.8M
 32250K .......... .......... .......... .......... .......... 27.7M
 32300K .......... .......... .......... .......... .......... 26.9M
 32350K .......... .......... .......... .......... .......... 29.3M
 32400K .......... .......... .......... .......... .......... 22.0M
 32450K .......... .......... .......... .......... .......... 32.1M
 32500K .......... .......... .......... .......... .......... 21.5M
 32550K .......... .......... .......... .......... .......... 32.0M
 32600K .......... .......... .......... .......... .......... 23.3M
 32650K .......... .......... .......... .......... .......... 29.9M
 32700K .......... .......... .......... .......... .......... 20.8M
 32750K .......... .......... .......... .......... .......... 37.2M
 32800K .......... .......... .......... .......... .......... 19.7M
 32850K .......... .......... .......... .......... .......... 36.9M
 32900K .......... .......... .......... .......... .......... 20.9M
 32950K .......... .......... .......... .......... .......... 36.8M
 33000K .......... .......... .......... .......... .......... 18.4M
 33050K .......... .......... .......... .......... .......... 37.4M
 33100K .......... .......... .......... .......... .......... 20.9M
 33150K .......... .......... .......... .......... .......... 35.9M
 33200K .......... .......... .......... .......... .......... 15.3M
 33250K .......... .......... .......... .......... .......... 95.8M
 33300K .......... .......... .......... .......... .......... 15.3M
 33350K .......... .......... .......... .......... .......... 65.1M
 33400K .......... .......... .......... .......... .......... 16.8M
 33450K .......... .......... .......... .......... .......... 54.6M
 33500K .......... .......... .......... .......... .......... 93.4M
 33550K .......... .......... .......... .......... .......... 14.2M
 33600K .......... .......... .......... .......... ..........  181M
 33650K .......... .......... .......... .......... .......... 12.5M
 33700K .......... .......... .......... .......... .......... 83.5M
 33750K .......... .......... .......... .......... .......... 16.4M
 33800K .......... .......... .......... .......... ..........  116M
 33850K .......... .......... .......... .......... .......... 26.5M
 33900K .......... .......... .......... .......... .......... 24.3M
 33950K .......... .......... .......... .......... .......... 33.8M
 34000K .......... .......... .......... .......... .......... 23.6M
 34050K .......... .......... .......... .......... ..........  112M
 34100K .......... .......... .......... .......... .......... 14.5M
 34150K .......... .......... .......... .......... ..........  102M
 34200K .......... .......... .......... .......... .......... 15.0M
 34250K .......... .......... .......... .......... ..........  126M
 34300K .......... .......... .......... .......... .......... 19.4M
 34350K .......... .......... .......... .......... .......... 37.6M
 34400K .......... .......... .......... .......... .......... 18.5M
 34450K .......... .......... .......... .......... .......... 39.7M
 34500K .......... .......... .......... .......... .......... 85.2M
 34550K .......... .......... .......... .......... .......... 13.8M
 34600K .......... .......... .......... .......... ..........  208M
 34650K .......... .......... .......... .......... .......... 30.8M
 34700K .......... .......... .......... .......... .......... 21.7M
 34750K .......... .......... .......... .......... .......... 38.5M
 34800K .......... .......... .......... .......... .......... 19.6M
 34850K .......... .......... .......... .......... ..........  149M
 34900K .......... .......... .......... .......... .......... 13.4M
 34950K .......... .......... .......... .......... ..........  215M
 35000K .......... .......... .......... .......... .......... 31.5M
 35050K .......... .......... .......... .......... .......... 21.6M
 35100K .......... .......... .......... .......... .......... 44.0M
 35150K .......... .......... .......... .......... .......... 14.1M
 35200K .......... .......... .......... .......... .......... 95.7M
 35250K .......... .......... .......... .......... .......... 22.0M
 35300K .......... .......... .......... .......... .......... 33.2M
 35350K .......... .......... .......... .......... ..........  119M
 35400K .......... .......... .......... .......... .......... 15.1M
 35450K .......... .......... .......... .......... .......... 97.7M
 35500K .......... .......... .......... .......... .......... 16.7M
 35550K .......... .......... .......... .......... .......... 54.4M
 35600K .......... .......... .......... .......... ..........  159M
 35650K .......... .......... .......... .......... .......... 15.4M
 35700K .......... .......... .......... .......... ..........  127M
 35750K .......... .......... .......... .......... .......... 14.7M
 35800K .......... .......... .......... .......... ..........  105M
 35850K .......... .......... .......... .......... .......... 68.2M
 35900K .......... .......... .......... .......... .......... 16.0M
 35950K .......... .......... .......... .......... ..........  185M
 36000K .......... .......... .......... .......... .......... 16.4M
 36050K .......... .......... .......... .......... .......... 72.6M
 36100K .......... .......... .......... .......... ..........  120M
 36150K .......... .......... .......... .......... .......... 13.2M
 36200K .......... .......... .......... .......... ..........  122M
 36250K .......... .......... .......... .......... .......... 23.1M
 36300K .......... .......... .......... .......... .......... 36.7M
 36350K .......... .......... .......... .......... .......... 58.8M
 36400K .......... .......... .......... .......... .......... 17.0M
 36450K .......... .......... .......... .......... ..........  109M
 36500K .......... .......... .......... .......... .......... 28.0M
 36550K .......... .......... .......... .......... .......... 24.1M
 36600K .......... .......... .......... .......... ..........  247M
 36650K .......... .......... .......... .......... .......... 15.8M
 36700K .......... .......... .......... .......... .......... 77.7M
 36750K .......... .......... .......... .......... .......... 38.4M
 36800K .......... .......... .......... .......... .......... 19.3M
 36850K .......... .......... .......... .......... .......... 37.1M
 36900K .......... .......... .......... .......... .......... 22.4M
 36950K .......... .......... .......... .......... ..........  103M
 37000K .......... .......... .......... .......... .......... 37.7M
 37050K .......... .......... .......... .......... .......... 16.4M
 37100K .......... .......... .......... .......... .......... 55.6M
 37150K .......... .......... .......... .......... .......... 66.3M
 37200K .......... .......... .......... .......... .......... 16.6M
 37250K .......... .......... .......... .......... ..........  228M
 37300K .......... .......... .......... .......... .......... 19.2M
 37350K .......... .......... .......... .......... .......... 44.4M
 37400K .......... .......... .......... .......... .......... 53.5M
 37450K .......... .......... .......... .......... .......... 16.7M
 37500K .......... .......... .......... .......... .......... 58.0M
 37550K .......... .......... .......... .......... .......... 32.5M
 37600K .......... .......... .......... .......... .......... 31.0M
 37650K .......... .......... .......... .......... .......... 54.7M
 37700K .......... .......... .......... .......... .......... 17.8M
 37750K .......... .......... .......... .......... .......... 48.2M
 37800K .......... .......... .......... .......... ..........  123M
 37850K .......... .......... .......... .......... .......... 14.4M
 37900K .......... .......... .......... .......... .......... 92.9M
 37950K .......... .......... .......... .......... ..........  149M
 38000K .......... .......... .......... .......... .......... 15.3M
 38050K .......... .......... .......... .......... ..........  131M
 38100K .......... .......... .......... .......... .......... 31.4M
 38150K .......... .......... .......... .......... .......... 21.3M
 38200K .......... .......... .......... .......... ..........  117M
 38250K .......... .......... .......... .......... .......... 19.0M
 38300K .......... .......... .......... .......... .......... 49.4M
 38350K .......... .......... .......... .......... .......... 16.9M
 38400K .......... .......... .......... .......... .......... 84.8M
 38450K .......... .......... .......... .......... .......... 16.4M
 38500K .......... .......... .......... .......... ..........  115M
 38550K .......... .......... .......... .......... .......... 63.8M
 38600K .......... .......... .......... .......... .......... 17.4M
 38650K .......... .......... .......... .......... .......... 54.9M
 38700K .......... .......... .......... .......... ..........  144M
 38750K .......... .......... .......... .......... .......... 15.1M
 38800K .......... .......... .......... .......... .......... 4.99M
 38850K .......... .......... .......... .......... ..........  110M
 38900K .......... .......... .......... .......... .......... 14.8M
 38950K .......... .......... .......... .......... ..........  197M
 39000K .......... .......... .......... .......... .......... 96.3M
 39050K .......... .......... .......... .......... .......... 15.5M
 39100K .......... .......... .......... .......... .......... 68.2M
 39150K .......... .......... .......... .......... ..........  113M
 39200K .......... .......... .......... .......... .......... 14.6M
 39250K .......... .......... .......... .......... ..........  100M
 39300K .......... .......... .......... .......... ..........  345M
 39350K .......... .......... .......... .......... .......... 15.6M
 39400K .......... .......... .......... .......... .......... 75.8M
 39450K .......... .......... .......... .......... .......... 41.4M
 39500K .......... .......... .......... .......... .......... 18.3M
 39550K .......... .......... .......... .......... .......... 29.0M
 39600K .......... .......... .......... .......... ..........  343M
 39650K .......... .......... .......... .......... .......... 25.0M
 39700K .......... .......... .......... .......... .......... 37.3M
 39750K .......... .......... .......... .......... ..........  141M
 39800K .......... .......... .......... .......... .......... 13.3M
 39850K .......... .......... .......... .......... .......... 39.7M
 39900K .......... .......... .......... .......... ..........  336M
 39950K .......... .......... .......... .......... .......... 18.2M
 40000K .......... .......... .......... .......... .......... 43.2M
 40050K .......... .......... .......... .......... ..........  114M
 40100K .......... .......... .......... .......... .......... 14.4M
 40150K .......... .......... .......... .......... ..........  232M
 40200K .......... .......... .......... .......... ..........  124M
 40250K .......... .......... .......... .......... .......... 11.0M
 40300K .......... .......... .......... .......... .......... 5.77M
 40350K .......... .......... .......... .......... .......... 70.3M
 40400K .......... .......... .......... .......... .......... 13.4M
 40450K .......... .......... .......... .......... .......... 13.7M
 40500K .......... .......... .......... .......... .......... 13.6M
 40550K .......... .......... .......... .......... .......... 13.1M
 40600K .......... .......... .......... .......... .......... 18.4M
 40650K .......... .......... .......... .......... .......... 39.6M
 40700K .......... .......... .......... .......... .......... 13.5M
 40750K .......... .......... .......... .......... .......... 13.7M
 40800K .......... .......... .......... .......... .......... 9.85M
 40850K .......... .......... .......... .......... .......... 46.4M
 40900K .......... .......... .......... .......... .......... 17.1M
 40950K .......... .......... .......... .......... .......... 13.5M
 41000K .......... .......... .......... .......... .......... 13.6M
 41050K .......... .......... .......... .......... .......... 15.8M
 41100K .......... .......... .......... .......... .......... 34.1M
 41150K .......... .......... .......... .......... .......... 13.6M
 41200K .......... .......... .......... .......... .......... 13.5M
 41250K .......... .......... .......... .......... .......... 9.95M
 41300K .......... .......... .......... .......... ..........  326M
 41350K .......... .......... .......... .......... .......... 13.7M
 41400K .......... .......... .......... .......... .......... 13.6M
 41450K .......... .......... .......... .......... .......... 13.5M
 41500K .......... .......... .......... .......... ..........  111M
 41550K .......... .......... .......... .......... .......... 14.2M
 41600K .......... .......... .......... .......... .......... 13.8M
 41650K .......... .......... .......... .......... .......... 85.1M
 41700K .......... .......... .......... .......... .......... 14.4M
 41750K .......... .......... .......... .......... .......... 14.4M
 41800K .......... .......... .......... .......... .......... 60.7M
 41850K .......... .......... .......... .......... .......... 13.2M
 41900K .......... .......... .......... .......... .......... 13.9M
 41950K .......... .......... .......... .......... ..........  216K
 42000K .......... .......... .......... .......... .......... 13.5M
 42050K .......... .......... .......... .......... ..........  246M
 42100K .......... .......... .......... .......... .......... 13.4M
 42150K .......... .......... .......... .......... .......... 13.5M
 42200K .......... .......... .......... .......... .......... 13.4M
 42250K .......... .......... .......... .......... .......... 13.4M
 42300K .......... .......... .......... .......... .......... 13.2M
 42350K .......... .......... .......... .......... .......... 13.4M
 42400K .......... .......... .......... .......... .......... 13.5M
 42450K .......... .......... .......... .......... .......... 13.5M
 42500K .......... .......... .......... .......... .......... 13.6M
 42550K .......... .......... .......... .......... .......... 20.3M
 42600K .......... .......... .......... .......... .......... 25.3M
 42650K .......... .......... .......... .......... .......... 13.4M
 42700K .......... .......... .......... .......... .......... 14.2M
 42750K .......... .......... .......... .......... .......... 13.7M
 42800K .......... .......... .......... .......... .......... 15.0M
 42850K .......... .......... .......... .......... .......... 23.4M
 42900K .......... .......... .......... .......... .......... 21.8M
 42950K .......... .......... .......... .......... .......... 13.5M
 43000K .......... .......... .......... .......... .......... 13.4M
 43050K .......... .......... .......... .......... .......... 14.3M
 43100K .......... .......... .......... .......... .......... 33.8M
 43150K .......... .......... .......... .......... .......... 19.2M
 43200K .......... .......... .......... .......... .......... 13.3M
 43250K .......... .......... .......... .......... .......... 14.1M
 43300K .......... .......... .......... .......... .......... 16.0M
 43350K .......... .......... .......... .......... .......... 32.3M
 43400K .......... .......... .......... .......... .......... 16.8M
 43450K .......... .......... .......... .......... .......... 13.7M
 43500K .......... .......... .......... .......... .......... 38.8M
 43550K .......... .......... .......... .......... .......... 11.6M
 43600K .......... .......... .......... .......... .......... 25.5M
 43650K .......... .......... .......... .......... .......... 21.6M
 43700K .......... .......... .......... .......... .......... 15.0M
 43750K .......... .......... .......... .......... .......... 13.7M
 43800K .......... .......... .......... .......... .......... 24.7M
 43850K .......... .......... .......... .......... .......... 21.1M
 43900K .......... .......... .......... .......... .......... 13.9M
 43950K .......... .......... .......... .......... .......... 30.3M
 44000K .......... .......... .......... .......... .......... 21.3M
 44050K .......... .......... .......... .......... .......... 12.5M
 44100K .......... .......... .......... .......... .......... 39.1M
 44150K .......... .......... .......... .......... .......... 19.2M
 44200K .......... .......... .......... .......... .......... 13.7M
 44250K .......... .......... .......... .......... .......... 39.8M
 44300K .......... .......... .......... .......... .......... 19.1M
 44350K .......... .......... .......... .......... .......... 13.9M
 44400K .......... .......... .......... .......... .......... 37.5M
 44450K .......... .......... .......... .......... .......... 19.0M
 44500K .......... .......... .......... .......... .......... 15.0M
 44550K .......... .......... .......... .......... .......... 22.8M
 44600K .......... .......... .......... .......... .......... 12.9M
 44650K .......... .......... .......... .......... ..........  243M
 44700K .......... .......... .......... .......... .......... 14.0M
 44750K .......... .......... .......... .......... .......... 24.7M
 44800K .......... .......... .......... .......... .......... 22.3M
 44850K .......... .......... .......... .......... .......... 13.5M
 44900K .......... .......... .......... .......... .......... 91.7M
 44950K .......... .......... .......... .......... .......... 13.2M
 45000K .......... .......... .......... .......... .......... 13.2M
 45050K .......... .......... .......... .......... .......... 53.7M
 45100K .......... .......... .......... .......... .......... 17.0M
 45150K .......... .......... .......... .......... .......... 41.4M
 45200K .......... .......... .......... .......... .......... 12.6M
 45250K .......... .......... .......... .......... .......... 22.1M
 45300K .......... .......... .......... .......... .......... 28.5M
 45350K .......... .......... .......... .......... .......... 14.7M
 45400K .......... .......... .......... .......... ..........  116M
 45450K .......... .......... .......... .......... .......... 13.3M
 45500K .......... .......... .......... .......... ..........  148M
 45550K .......... .......... .......... .......... .......... 14.2M
 45600K .......... .......... .......... .......... .......... 27.8M
 45650K .......... .......... .......... .......... .......... 21.0M
 45700K .......... .......... .......... .......... .......... 19.9M
 45750K .......... .......... .......... .......... .......... 36.9M
 45800K .......... .......... .......... .......... .......... 13.6M
 45850K .......... .......... .......... .......... ..........  161M
 45900K .......... .......... .......... .......... .......... 14.2M
 45950K .......... .......... .......... .......... .......... 25.8M
 46000K .......... .......... .......... .......... .......... 24.7M
 46050K .......... .......... .......... .......... .......... 28.6M
 46100K .......... .......... .......... .......... .......... 23.9M
 46150K .......... .......... .......... .......... .......... 14.9M
 46200K .......... .......... .......... .......... ..........  105M
 46250K .......... .......... .......... .......... .......... 15.6M
 46300K .......... .......... .......... .......... .......... 56.0M
 46350K .......... .......... .......... .......... .......... 17.5M
 46400K .......... .......... .......... .......... .......... 47.5M
 46450K .......... .......... .......... .......... .......... 14.1M
 46500K .......... .......... .......... .......... .......... 38.9M
 46550K .......... .......... .......... .......... .......... 17.3M
 46600K .......... .......... .......... .......... .......... 54.5M
 46650K .......... .......... .......... .......... .......... 17.0M
 46700K .......... .......... .......... .......... .......... 51.7M
 46750K .......... .......... .......... .......... .......... 17.2M
 46800K .......... .......... .......... .......... .......... 44.3M
 46850K .......... .......... .......... .......... .......... 15.0M
 46900K .......... .......... .......... .......... .......... 84.6M
 46950K .......... .......... .......... .......... .......... 14.3M
 47000K .......... .......... .......... .......... .......... 58.2M
 47050K .......... .......... .......... .......... .......... 17.2M
 47100K .......... .......... .......... .......... .......... 53.0M
 47150K .......... .......... .......... .......... .......... 15.5M
 47200K .......... .......... .......... .......... .......... 82.5M
 47250K .......... .......... .......... .......... .......... 12.2M
 47300K .......... .......... .......... .......... .......... 94.4M
 47350K .......... .......... .......... .......... .......... 15.8M
 47400K .......... .......... .......... .......... .......... 72.7M
 47450K .......... .......... .......... .......... .......... 16.8M
 47500K .......... .......... .......... .......... .......... 30.2M
 47550K .......... .......... .......... .......... .......... 24.6M
 47600K .......... .......... .......... .......... .......... 27.0M
 47650K .......... .......... .......... .......... .......... 17.0M
 47700K .......... .......... .......... .......... .......... 56.5M
 47750K .......... .......... .......... .......... .......... 17.5M
 47800K .......... .......... .......... .......... .......... 42.3M
 47850K .......... .......... .......... .......... .......... 19.7M
 47900K .......... .......... .......... .......... .......... 40.1M
 47950K .......... .......... .......... .......... .......... 19.8M
 48000K .......... .......... .......... .......... .......... 32.8M
 48050K .......... .......... .......... .......... .......... 76.0M
 48100K .......... .......... .......... .......... .......... 16.3M
 48150K .......... .......... .......... .......... .......... 61.0M
 48200K .......... .......... .......... .......... .......... 16.8M
 48250K .......... .......... .......... .......... .......... 49.3M
 48300K .......... .......... .......... .......... .......... 18.4M
 48350K .......... .......... .......... .......... .......... 45.4M
 48400K .......... .......... .......... .......... .......... 56.0M
 48450K .......... .......... .......... .......... .......... 16.1M
 48500K .......... .......... .......... .......... .......... 60.7M
 48550K .......... .......... .......... .......... .......... 16.2M
 48600K .......... .......... .......... .......... .......... 52.9M
 48650K .......... .......... .......... .......... .......... 14.7M
 48700K .......... .......... .......... .......... ..........  100M
 48750K .......... .......... .......... .......... .......... 24.9M
 48800K .......... .......... .......... .......... .......... 24.8M
 48850K .......... .......... .......... .......... .......... 87.8M
 48900K .......... .......... .......... .......... .......... 15.2M
 48950K .......... .......... .......... .......... .......... 74.5M
 49000K .......... .......... .......... .......... .......... 13.4M
 49050K .......... .......... .......... .......... ..........  219M
 49100K .......... .......... .......... .......... .......... 16.4M
 49150K .......... .......... .......... .......... .......... 59.3M
 49200K .......... .......... .......... .......... .......... 17.0M
 49250K .......... .......... .......... .......... .......... 36.2M
 49300K .......... .......... .......... .......... ..........  135M
 49350K .......... .......... .......... .......... .......... 15.5M
 49400K .......... .......... .......... .......... .......... 73.9M
 49450K .......... .......... .......... .......... .......... 26.1M
 49500K .......... .......... .......... .......... .......... 24.5M
 49550K .......... .......... .......... .......... .......... 36.8M
 49600K .......... .......... .......... .......... .......... 18.1M
 49650K .......... .......... .......... .......... ..........  173M
 49700K .......... .......... .......... .......... .......... 16.0M
 49750K .......... .......... .......... .......... .......... 61.3M
 49800K .......... .......... .......... .......... .......... 48.5M
 49850K .......... .......... .......... .......... .......... 17.1M
 49900K .......... .......... .......... .......... .......... 43.1M
 49950K .......... .......... .......... .......... .......... 14.1M
 50000K .......... .......... .......... .......... ..........  102M
 50050K .......... .......... .......... .......... .......... 15.5M
 50100K .......... .......... .......... .......... .......... 92.7M
 50150K .......... .......... .......... .......... ..........  113M
 50200K .......... .......... .......... .......... .......... 15.2M
 50250K .......... .......... .......... .......... .......... 90.1M
 50300K .......... .......... .......... .......... .......... 15.0M
 50350K .......... .......... .......... .......... ..........  219M
 50400K .......... .......... .......... .......... .......... 29.0M
 50450K .......... .......... .......... .......... .......... 24.5M
 50500K .......... .......... .......... .......... .......... 99.3M
 50550K .......... .......... .......... .......... .......... 15.1M
 50600K .......... .......... .......... .......... ..........  137M
 50650K .......... .......... .......... .......... .......... 44.2M
 50700K .......... .......... .......... .......... .......... 19.4M
 50750K .......... .......... .......... .......... ..........  125M
 50800K .......... .......... .......... .......... ..........  202K
 50850K .......... .......... .......... .......... .......... 2.72M
 50900K .......... .......... .......... .......... .......... 6.84M
 50950K .......... .......... .......... .......... .......... 12.7M
 51000K .......... .......... .......... .......... .......... 15.0M
 51050K .......... .......... .......... .......... .......... 84.3M
 51100K .......... .......... .......... .......... .......... 14.1M
 51150K .......... .......... .......... .......... ..........  106M
 51200K .......... .......... .......... .......... .......... 14.8M
 51250K .......... .......... .......... .......... .......... 95.5M
 51300K .......... .......... .......... .......... .......... 13.8M
 51350K .......... .......... .......... .......... .......... 15.7M
 51400K .......... .......... .......... .......... .......... 58.9M
 51450K .......... .......... .......... .......... .......... 15.5M
 51500K .......... .......... .......... .......... .......... 66.0M
 51550K .......... .......... .......... .......... .......... 15.1M
 51600K .......... .......... .......... .......... .......... 86.0M
 51650K .......... .......... .......... .......... .......... 13.8M
 51700K .......... .......... .......... .......... .......... 19.3M
 51750K .......... .......... .......... .......... .......... 39.7M
 51800K .......... .......... .......... .......... .......... 13.8M
 51850K .......... .......... .......... .......... ..........  205M
 51900K .......... .......... .......... .......... .......... 14.3M
 51950K .......... .......... .......... .......... .......... 42.8M
 52000K .......... .......... .......... .......... .......... 16.2M
 52050K .......... .......... .......... .......... .......... 59.3M
 52100K .......... .......... .......... .......... .......... 16.5M
 52150K .......... .......... .......... .......... .......... 67.7M
 52200K .......... .......... .......... .......... .......... 15.6M
 52250K .......... .......... .......... .......... .......... 39.5M
 52300K .......... .......... .......... .......... .......... 17.3M
 52350K .......... .......... .......... .......... .......... 17.3M
 52400K .......... .......... .......... .......... .......... 40.9M
 52450K .......... .......... .......... .......... .......... 16.3M
 52500K .......... .......... .......... .......... .......... 37.0M
 52550K .......... .......... .......... .......... .......... 15.8M
 52600K .......... .......... .......... .......... .......... 80.9M
 52650K .......... .......... .......... .......... .......... 14.8M
 52700K .......... .......... .......... .......... .......... 85.5M
 52750K .......... .......... .......... .......... .......... 15.8M
 52800K .......... .......... .......... .......... .......... 63.3M
 52850K .......... .......... .......... .......... .......... 14.1M
 52900K .......... .......... .......... .......... ..........  127M
 52950K .......... .......... .......... .......... .......... 14.3M
 53000K .......... .......... .......... .......... .......... 51.5M
 53050K .......... .......... .......... .......... .......... 18.0M
 53100K .......... .......... .......... .......... .......... 49.5M
 53150K .......... .......... .......... .......... .......... 18.4M
 53200K .......... .......... .......... .......... .......... 43.5M
 53250K .......... .......... .......... .......... .......... 19.0M
 53300K .......... .......... .......... .......... .......... 33.6M
 53350K .......... .......... .......... .......... .......... 21.7M
 53400K .......... .......... .......... .......... .......... 33.6M
 53450K .......... .......... .......... .......... .......... 21.7M
 53500K .......... .......... .......... .......... .......... 20.3M
 53550K .......... .......... .......... .......... .......... 38.2M
 53600K .......... .......... .......... .......... .......... 19.5M
 53650K .......... .......... .......... .......... .......... 45.4M
 53700K .......... .......... .......... .......... .......... 19.5M
 53750K .......... .......... .......... .......... .......... 41.7M
 53800K .......... .......... .......... .......... .......... 20.2M
 53850K .......... .......... .......... .......... .......... 36.5M
 53900K .......... .......... .......... .......... .......... 19.6M
 53950K .......... .......... .......... .......... .......... 22.8M
 54000K .......... .......... .......... .......... .......... 31.5M
 54050K .......... .......... .......... .......... .......... 24.2M
 54100K .......... .......... .......... .......... .......... 23.1M
 54150K .......... .......... .......... .......... .......... 63.9M
 54200K .......... .......... .......... .......... .......... 15.5M
 54250K .......... .......... .......... .......... .......... 12.3M
 54300K .......... .......... .......... .......... ..........  442M
 54350K .......... .......... .......... .......... .......... 14.7M
 54400K .......... .......... .......... .......... .......... 13.8M
 54450K .......... .......... .......... .......... .......... 68.5M
 54500K .......... .......... .......... .......... .......... 13.9M
 54550K .......... .......... .......... .......... .......... 16.3M
 54600K .......... .......... .......... .......... .......... 42.6M
 54650K .......... .......... .......... .......... .......... 12.6M
 54700K .......... .......... .......... .......... .......... 23.5M
 54750K .......... .......... .......... .......... .......... 29.6M
 54800K .......... .......... .......... .......... .......... 14.2M
 54850K .......... .......... .......... .......... .......... 22.7M
 54900K .......... .......... .......... .......... .......... 27.1M
 54950K .......... .......... .......... .......... .......... 13.4M
 55000K .......... .......... .......... .......... .......... 26.7M
 55050K .......... .......... .......... .......... .......... 23.4M
 55100K .......... .......... .......... .......... .......... 14.1M
 55150K .......... .......... .......... .......... .......... 17.4M
 55200K .......... .......... .......... .......... .......... 40.8M
 55250K .......... .......... .......... .......... .......... 13.1M
 55300K .......... .......... .......... .......... .......... 51.8M
 55350K .......... .......... .......... .......... .......... 17.4M
 55400K .......... .......... .......... .......... .......... 13.9M
 55450K .......... .......... .......... .......... .......... 48.4M
 55500K .......... .......... .......... .......... .......... 15.7M
 55550K .......... .......... .......... .......... .......... 32.2M
 55600K .......... .......... .......... .......... .......... 18.2M
 55650K .......... .......... .......... .......... .......... 13.2M
 55700K .......... .......... .......... .......... .......... 53.6M
 55750K .......... .......... .......... .......... .......... 17.3M
 55800K .......... .......... .......... .......... .......... 21.0M
 55850K .......... .......... .......... .......... .......... 18.3M
 55900K .......... .......... .......... .......... .......... 22.1M
 55950K .......... .......... .......... .......... .......... 29.8M
 56000K .......... .......... .......... .......... .......... 14.2M
 56050K .......... .......... .......... .......... ..........  165M
 56100K .......... .......... .......... .......... .......... 14.0M
 56150K .......... .......... .......... .......... .......... 66.8M
 56200K .......... .......... .......... .......... .......... 15.7M
 56250K .......... .......... .......... .......... .......... 28.9M
 56300K .......... .......... .......... .......... .......... 19.1M
 56350K .......... .......... .......... .......... .......... 18.9M
 56400K .......... .......... .......... .......... .......... 40.1M
 56450K .......... .......... .......... .......... .......... 14.1M
 56500K .......... .......... .......... .......... .......... 41.8M
 56550K .......... .......... .......... .......... .......... 18.7M
 56600K .......... .......... .......... .......... .......... 43.2M
 56650K .......... .......... .......... .......... .......... 17.6M
 56700K .......... .......... .......... .......... .......... 50.5M
 56750K .......... .......... .......... .......... .......... 17.8M
 56800K .......... .......... .......... .......... .......... 16.4M
 56850K .......... .......... .......... .......... .......... 62.5M
 56900K .......... .......... .......... .......... .......... 13.3M
 56950K .......... .......... .......... .......... .......... 48.4M
 57000K .......... .......... .......... .......... .......... 17.2M
 57050K .......... .......... .......... .......... .......... 52.8M
 57100K .......... .......... .......... .......... .......... 16.9M
 57150K .......... .......... .......... .......... .......... 49.2M
 57200K .......... .......... .......... .......... .......... 17.4M
 57250K .......... .......... .......... .......... .......... 51.0M
 57300K .......... .......... .......... .......... .......... 13.9M
 57350K .......... .......... .......... .......... ..........  152M
 57400K .......... .......... .......... .......... .......... 14.4M
 57450K .......... .......... .......... .......... .......... 46.1M
 57500K .......... .......... .......... .......... .......... 16.7M
 57550K .......... .......... .......... .......... .......... 21.3M
 57600K .......... .......... .......... .......... .......... 33.6M
 57650K .......... .......... .......... .......... .......... 65.0M
 57700K .......... .......... .......... .......... .......... 17.2M
 57750K .......... .......... .......... .......... .......... 47.7M
 57800K .......... .......... .......... .......... .......... 13.7M
 57850K .......... .......... .......... .......... .......... 30.5M
 57900K .......... .......... .......... .......... .......... 21.4M
 57950K .......... .......... .......... .......... .......... 30.6M
 58000K .......... .......... .......... .......... .......... 23.9M
 58050K .......... .......... .......... .......... .......... 30.5M
 58100K .......... .......... .......... .......... .......... 24.4M
 58150K .......... .......... .......... .......... .......... 18.2M
 58200K .......... .......... .......... .......... .......... 46.7M
 58250K .......... .......... .......... .......... .......... 17.4M
 58300K .......... .......... .......... .......... .......... 47.8M
 58350K .......... .......... .......... .......... .......... 19.2M
 58400K .......... .......... .......... .......... .......... 41.5M
 58450K .......... .......... .......... .......... .......... 20.1M
 58500K .......... .......... .......... .......... .......... 30.4M
 58550K .......... .......... .......... .......... .......... 19.3M
 58600K .......... .......... .......... .......... .......... 35.5M
 58650K .......... .......... .......... .......... .......... 59.9M
 58700K .......... .......... .......... .......... .......... 16.7M
 58750K .......... .......... .......... .......... .......... 67.8M
 58800K .......... .......... .......... .......... .......... 14.6M
 58850K .......... .......... .......... .......... ..........  105M
 58900K .......... .......... .......... .......... .......... 15.0M
 58950K .......... .......... .......... .......... .......... 39.9M
 59000K .......... .......... .......... .......... .......... 18.2M
 59050K .......... .......... .......... .......... .......... 47.8M
 59100K .......... .......... .......... .......... .......... 21.3M
 59150K .......... .......... .......... .......... .......... 31.8M
 59200K .......... .......... .......... .......... .......... 72.2M
 59250K .......... .......... .......... .......... .......... 15.1M
 59300K .......... .......... .......... .......... .......... 99.3M
 59350K .......... .......... .......... .......... .......... 15.7M
 59400K .......... .......... .......... .......... .......... 74.0M
 59450K .......... .......... .......... .......... .......... 13.4M
 59500K .......... .......... .......... .......... ..........  253M
 59550K .......... .......... .......... .......... .......... 40.0M
 59600K .......... .......... .......... .......... .......... 18.3M
 59650K .......... .......... .......... .......... .......... 44.5M
 59700K .......... .......... .......... .......... .......... 20.0M
 59750K .......... .......... .......... .......... .......... 34.2M
 59800K .......... .......... .......... .......... .......... 24.6M
 59850K .......... .......... .......... .......... .......... 26.8M
 59900K .......... .......... .......... .......... .......... 59.6M
 59950K .......... .......... .......... .......... .......... 14.0M
 60000K .......... .......... .......... .......... ..........  144M
 60050K .......... .......... .......... .......... .......... 23.5M
 60100K .......... .......... .......... .......... .......... 19.2M
 60150K .......... .......... .......... .......... ..........  333M
 60200K .......... .......... .......... .......... .......... 13.3M
 60250K .......... .......... .......... .......... ..........  114M
 60300K .......... .......... .......... .......... .......... 7.41M
 60350K .......... .......... .......... .......... ..........  415M
 60400K .......... .......... .......... .......... .......... 42.4M
 60450K .......... .......... .......... .......... .......... 14.1M
 60500K .......... .......... .......... .......... ..........  143M
 60550K .......... .......... .......... .......... .......... 13.4M
 60600K .......... .......... .......... .......... .......... 15.2M
 60650K .......... .......... .......... .......... .......... 69.8M
 60700K .......... .......... .......... .......... .......... 14.3M
 60750K .......... .......... .......... .......... .......... 25.7M
 60800K .......... .......... .......... .......... .......... 20.5M
 60850K .......... .......... .......... .......... .......... 14.0M
 60900K .......... .......... .......... .......... .......... 38.1M
 60950K .......... .......... .......... .......... .......... 19.3M
 61000K .......... .......... .......... .......... .......... 23.7M
 61050K .......... .......... .......... .......... .......... 18.4M
 61100K .......... .......... .......... .......... .......... 21.0M
 61150K .......... .......... .......... .......... .......... 20.1M
 61200K .......... .......... .......... .......... .......... 30.9M
 61250K .......... .......... .......... .......... .......... 22.4M
 61300K .......... .......... .......... .......... .......... 20.5M
 61350K .......... .......... .......... .......... .......... 17.5M
 61400K .......... .......... .......... .......... .......... 25.8M
 61450K .......... .......... .......... .......... .......... 20.6M
 61500K .......... .......... .......... .......... .......... 32.9M
 61550K .......... .......... .......... .......... .......... 21.1M
 61600K .......... .......... .......... .......... .......... 18.1M
 61650K .......... .......... .......... .......... .......... 24.0M
 61700K .......... .......... .......... .......... .......... 19.5M
 61750K .......... .......... .......... .......... .......... 33.9M
 61800K .......... .......... .......... .......... .......... 19.0M
 61850K .......... .......... .......... .......... .......... 36.9M
 61900K .......... .......... .......... .......... .......... 19.8M
 61950K .......... .......... .......... .......... .......... 23.4M
 62000K .......... .......... .......... .......... .......... 16.3M
 62050K .......... .......... .......... .......... .......... 28.9M
 62100K .......... .......... .......... .......... .......... 24.3M
 62150K .......... .......... .......... .......... .......... 21.4M
 62200K .......... .......... .......... .......... .......... 24.8M
 62250K .......... .......... .......... .......... .......... 27.2M
 62300K .......... .......... .......... .......... .......... 22.5M
 62350K .......... .......... .......... .......... .......... 30.8M
 62400K .......... .......... .......... .......... .......... 23.2M
 62450K .......... .......... .......... .......... .......... 28.9M
 62500K .......... .......... .......... .......... .......... 23.1M
 62550K .......... .......... .......... .......... .......... 30.4M
 62600K .......... .......... .......... .......... .......... 20.6M
 62650K .......... .......... .......... .......... .......... 13.4M
 62700K .......... .......... .......... .......... ..........  229M
 62750K .......... .......... .......... .......... .......... 13.9M
 62800K .......... .......... .......... .......... .......... 36.5M
 62850K .......... .......... .......... .......... .......... 19.4M
 62900K .......... .......... .......... .......... .......... 38.4M
 62950K .......... .......... .......... .......... .......... 18.7M
 63000K .......... .......... .......... .......... .......... 35.4M
 63050K .......... .......... .......... .......... .......... 21.4M
 63100K .......... .......... .......... .......... .......... 39.5M
 63150K .......... .......... .......... .......... .......... 18.5M
 63200K .......... .......... .......... .......... .......... 40.2M
 63250K .......... .......... .......... .......... .......... 19.1M
 63300K .......... .......... .......... .......... .......... 34.7M
 63350K .......... .......... .......... .......... .......... 22.9M
 63400K .......... .......... .......... .......... .......... 33.6M
 63450K .......... .......... .......... .......... .......... 20.4M
 63500K .......... .......... .......... .......... .......... 35.6M
 63550K .......... .......... .......... .......... .......... 19.8M
 63600K .......... .......... .......... .......... .......... 34.6M
 63650K .......... .......... .......... .......... .......... 20.0M
 63700K .......... .......... .......... .......... .......... 42.9M
 63750K .......... .......... .......... .......... .......... 20.0M
 63800K .......... .......... .......... .......... .......... 38.4M
 63850K .......... .......... .......... .......... .......... 19.8M
 63900K .......... .......... .......... .......... .......... 39.3M
 63950K .......... .......... .......... .......... .......... 17.7M
 64000K .......... .......... .......... .......... .......... 49.6M
 64050K .......... .......... .......... .......... .......... 18.9M
 64100K .......... .......... .......... .......... .......... 17.6M
 64150K .......... .......... .......... .......... ..........  291M
 64200K .......... .......... .......... .......... .......... 13.8M
 64250K .......... .......... .......... .......... .......... 9.20M
 64300K .......... .......... .......... .......... .......... 19.5M
 64350K .......... .......... .......... .......... ..........  336M
 64400K .......... .......... .......... .......... .......... 13.8M
 64450K .......... .......... .......... .......... .......... 45.1M
 64500K .......... .......... .......... .......... .......... 16.4M
 64550K .......... .......... .......... .......... .......... 14.2M
 64600K .......... .......... .......... .......... .......... 52.3M
 64650K .......... .......... .......... .......... .......... 13.1M
 64700K .......... .......... .......... .......... .......... 18.0M
 64750K .......... .......... .......... .......... .......... 42.8M
 64800K .......... .......... .......... .......... .......... 13.9M
 64850K .......... .......... .......... .......... .......... 17.5M
 64900K .......... .......... .......... .......... .......... 41.9M
 64950K .......... .......... .......... .......... .......... 13.3M
 65000K .......... .......... .......... .......... .......... 20.7M
 65050K .......... .......... .......... .......... .......... 32.1M
 65100K .......... .......... .......... .......... .......... 13.8M
 65150K .......... .......... .......... .......... .......... 44.7M
 65200K .......... .......... .......... .......... .......... 13.4M
 65250K .......... .......... .......... .......... .......... 43.7M
 65300K .......... .......... .......... .......... .......... 17.4M
 65350K .......... .......... .......... .......... .......... 14.7M
 65400K .......... .......... .......... .......... .......... 41.3M
 65450K .......... .......... .......... .......... .......... 16.8M
 65500K .......... .......... .......... .......... .......... 30.2M
 65550K .......... .......... .......... .......... .......... 16.5M
 65600K .......... .......... .......... .......... .......... 13.2M
 65650K .......... .......... .......... .......... .......... 89.6M
 65700K .......... .......... .......... .......... .......... 15.1M
 65750K .......... .......... .......... .......... .......... 70.9M
 65800K .......... .......... .......... .......... .......... 13.1M
 65850K .......... .......... .......... .......... .......... 14.5M
 65900K .......... .......... .......... .......... ..........  104M
 65950K .......... .......... .......... .......... .......... 14.2M
 66000K .......... .......... .......... .......... ..........  139M
 66050K .......... .......... .......... .......... .......... 14.3M
 66100K .......... .......... .......... .......... .......... 21.0M
 66150K .......... .......... .......... .......... .......... 29.2M
 66200K .......... .......... .......... .......... .......... 24.5M
 66250K .......... .......... .......... .......... .......... 28.0M
 66300K .......... .......... .......... .......... .......... 14.3M
 66350K .......... .......... .......... .......... ..........  174M
 66400K .......... .......... .......... .......... .......... 13.5M
 66450K .......... .......... .......... .......... ..........  162M
 66500K .......... .......... .......... .......... .......... 13.8M
 66550K .......... .......... .......... .......... .......... 34.2M
 66600K .......... .......... .......... .......... .......... 20.8M
 66650K .......... .......... .......... .......... .......... 14.1M
 66700K .......... .......... .......... .......... ..........  187M
 66750K .......... .......... .......... .......... .......... 14.0M
 66800K .......... .......... .......... .......... ..........  110M
 66850K .......... .......... .......... .......... .......... 13.6M
 66900K .......... .......... .......... .......... ..........  120M
 66950K .......... .......... .......... .......... .......... 14.2M
 67000K .......... .......... .......... .......... .......... 88.5M
 67050K .......... .......... .......... .......... .......... 16.0M
 67100K .......... .......... .......... .......... .......... 54.4M
 67150K .......... .......... .......... .......... .......... 15.1M
 67200K .......... .......... .......... .......... ..........  105M
 67250K .......... .......... .......... .......... .......... 14.4M
 67300K .......... .......... .......... .......... .......... 49.7M
 67350K .......... .......... .......... .......... .......... 18.0M
 67400K .......... .......... .......... .......... .......... 47.2M
 67450K .......... .......... .......... .......... .......... 18.3M
 67500K .......... .......... .......... .......... .......... 44.6M
 67550K .......... .......... .......... .......... ..........  211K
 67600K .......... .......... .......... .......... .......... 4.66M
 67650K .......... .......... .......... .......... .......... 13.3M
 67700K .......... .......... .......... .......... .......... 13.3M
 67750K .......... .......... .......... .......... .......... 13.7M
 67800K .......... .......... .......... .......... ..........  101M
 67850K .......... .......... .......... .......... .......... 13.6M
 67900K .......... .......... .......... .......... .......... 14.1M
 67950K .......... .......... .......... .......... .......... 15.7M
 68000K .......... .......... .......... .......... .......... 56.6M
 68050K .......... .......... .......... .......... .......... 14.1M
 68100K .......... .......... .......... .......... .......... 13.6M
 68150K .......... .......... .......... .......... ..........  116M
 68200K .......... .......... .......... .......... .......... 13.4M
 68250K .......... .......... .......... .......... .......... 13.8M
 68300K .......... .......... .......... .......... .......... 13.3M
 68350K .......... .......... .......... .......... ..........  138M
 68400K .......... .......... .......... .......... .......... 13.9M
 68450K .......... .......... .......... .......... .......... 13.7M
 68500K .......... .......... .......... .......... .......... 88.1M
 68550K .......... .......... .......... .......... .......... 13.9M
 68600K .......... .......... .......... .......... .......... 15.7M
 68650K .......... .......... .......... .......... .......... 51.2M
 68700K .......... .......... .......... .......... .......... 15.0M
 68750K .......... .......... .......... .......... .......... 16.5M
 68800K .......... .......... .......... .......... .......... 35.6M
 68850K .......... .......... .......... .......... .......... 13.4M
 68900K .......... .......... .......... .......... .......... 13.6M
 68950K .......... .......... .......... .......... ..........  127M
 69000K .......... .......... .......... .......... .......... 13.3M
 69050K .......... .......... .......... .......... ..........  182M
 69100K .......... .......... .......... .......... .......... 13.2M
 69150K .......... .......... .......... .......... .......... 13.3M
 69200K .......... .......... .......... .......... ..........  146M
 69250K .......... .......... .......... .......... .......... 13.2M
 69300K .......... .......... .......... .......... .......... 22.2M
 69350K .......... .......... .......... .......... .......... 28.5M
 69400K .......... .......... .......... .......... .......... 13.9M
 69450K .......... .......... .......... .......... .......... 76.9M
 69500K .......... .......... .......... .......... .......... 13.5M
 69550K .......... .......... .......... .......... .......... 35.5M
 69600K .......... .......... .......... .......... .......... 20.2M
 69650K .......... .......... .......... .......... .......... 13.2M
 69700K .......... .......... .......... .......... .......... 43.6M
 69750K .......... .......... .......... .......... .......... 18.8M
 69800K .......... .......... .......... .......... .......... 16.2M
 69850K .......... .......... .......... .......... .......... 57.4M
 69900K .......... .......... .......... .......... .......... 13.3M
 69950K .......... .......... .......... .......... .......... 42.2M
 70000K .......... .......... .......... .......... .......... 14.0M
 70050K .......... .......... .......... .......... ..........  186M
 70100K .......... .......... .......... .......... .......... 14.2M
 70150K .......... .......... .......... .......... ..........  114M
 70200K .......... .......... .......... .......... .......... 14.3M
 70250K .......... .......... .......... .......... .......... 39.8M
 70300K .......... .......... .......... .......... .......... 18.1M
 70350K .......... .......... .......... .......... .......... 49.4M
 70400K .......... .......... .......... .......... .......... 16.3M
 70450K .......... .......... .......... .......... .......... 20.1M
 70500K .......... .......... .......... .......... .......... 24.6M
 70550K .......... .......... .......... .......... .......... 17.9M
 70600K .......... .......... .......... .......... .......... 46.5M
 70650K .......... .......... .......... .......... .......... 16.7M
 70700K .......... .......... .......... .......... .......... 55.9M
 70750K .......... .......... .......... .......... .......... 16.9M
 70800K .......... .......... .......... .......... .......... 49.6M
 70850K .......... .......... .......... .......... .......... 13.9M
 70900K .......... .......... .......... .......... ..........  114M
 70950K .......... .......... .......... .......... .......... 14.5M
 71000K .......... .......... .......... .......... ..........  119M
 71050K .......... .......... .......... .......... .......... 15.1M
 71100K .......... .......... .......... .......... .......... 85.0M
 71150K .......... .......... .......... .......... .......... 13.5M
 71200K .......... .......... .......... .......... ..........  199M
 71250K .......... .......... .......... .......... .......... 13.6M
 71300K .......... .......... .......... .......... ..........  164M
 71350K .......... .......... .......... .......... .......... 14.4M
 71400K .......... .......... .......... .......... .......... 37.8M
 71450K .......... .......... .......... .......... .......... 17.0M
 71500K .......... .......... .......... .......... .......... 46.6M
 71550K .......... .......... .......... .......... .......... 18.2M
 71600K .......... .......... .......... .......... .......... 30.7M
 71650K .......... .......... .......... .......... .......... 16.1M
 71700K .......... .......... .......... .......... .......... 70.2M
 71750K .......... .......... .......... .......... .......... 15.5M
 71800K .......... .......... .......... .......... .......... 46.3M
 71850K .......... .......... .......... .......... .......... 18.2M
 71900K .......... .......... .......... .......... .......... 43.3M
 71950K .......... .......... .......... .......... .......... 15.7M
 72000K .......... .......... .......... .......... .......... 38.2M
 72050K .......... .......... .......... .......... .......... 20.6M
 72100K .......... .......... .......... .......... .......... 20.6M
 72150K .......... .......... .......... .......... .......... 13.5M
 72200K .......... .......... .......... .......... ..........  207M
 72250K .......... .......... .......... .......... .......... 6.52M
 72300K .......... .......... .......... .......... ..........  361M
 72350K .......... .......... .......... .......... ..........  430M
 72400K .......... .......... .......... .......... .......... 13.9M
 72450K .......... .......... .......... .......... .......... 98.5M
 72500K .......... .......... .......... .......... .......... 13.4M
 72550K .......... .......... .......... .......... .......... 14.4M
 72600K .......... .......... .......... .......... ..........  100M
 72650K .......... .......... .......... .......... .......... 13.5M
 72700K .......... .......... .......... .......... .......... 15.1M
 72750K .......... .......... .......... .......... .......... 13.5M
 72800K .......... .......... .......... .......... .......... 62.9M
 72850K .......... .......... .......... .......... .......... 13.4M
 72900K .......... .......... .......... .......... .......... 14.0M
 72950K .......... .......... .......... .......... ..........  119M
 73000K .......... .......... .......... .......... .......... 13.5M
 73050K .......... .......... .......... .......... .......... 14.6M
 73100K .......... .......... .......... .......... .......... 88.1M
 73150K .......... .......... .......... .......... .......... 8.06M
 73200K .......... .......... .......... .......... .......... 13.7M
 73250K .......... .......... .......... .......... ..........  180M
 73300K .......... .......... .......... .......... .......... 13.5M
 73350K .......... .......... .......... .......... ..........  141M
 73400K .......... .......... .......... .......... .......... 13.3M
 73450K .......... .......... .......... .......... .......... 14.2M
 73500K .......... .......... .......... .......... .......... 93.3M
 73550K .......... .......... .......... .......... .......... 13.4M
 73600K .......... .......... .......... .......... .......... 13.2M
 73650K .......... .......... .......... .......... ..........  132M
 73700K .......... .......... .......... .......... .......... 14.1M
 73750K .......... .......... .......... .......... .......... 14.0M
 73800K .......... .......... .......... .......... .......... 77.7M
 73850K .......... .......... .......... .......... .......... 15.9M
 73900K .......... .......... .......... .......... .......... 68.1M
 73950K .......... .......... .......... .......... .......... 14.7M
 74000K .......... .......... .......... .......... .......... 28.0M
 74050K .......... .......... .......... .......... .......... 21.9M
 74100K .......... .......... .......... .......... .......... 16.2M
 74150K .......... .......... .......... .......... .......... 54.5M
 74200K .......... .......... .......... .......... .......... 14.8M
 74250K .......... .......... .......... .......... ..........  118M
 74300K .......... .......... .......... .......... .......... 12.8M
 74350K .......... .......... .......... .......... .......... 15.7M
 74400K .......... .......... .......... .......... .......... 83.6M
 74450K .......... .......... .......... .......... .......... 13.8M
 74500K .......... .......... .......... .......... .......... 72.0M
 74550K .......... .......... .......... .......... .......... 15.4M
 74600K .......... .......... .......... .......... .......... 27.4M
 74650K .......... .......... .......... .......... .......... 20.3M
 74700K .......... .......... .......... .......... .......... 18.3M
 74750K .......... .......... .......... .......... .......... 45.5M
 74800K .......... .......... .......... .......... .......... 19.6M
 74850K .......... .......... .......... .......... .......... 39.1M
 74900K .......... .......... .......... .......... .......... 13.7M
 74950K .......... .......... .......... .......... .......... 38.5M
 75000K .......... .......... .......... .......... .......... 18.9M
 75050K .......... .......... .......... .......... .......... 38.2M
 75100K .......... .......... .......... .......... .......... 19.9M
 75150K .......... .......... .......... .......... .......... 25.2M
 75200K .......... .......... .......... .......... .......... 27.7M
 75250K .......... .......... .......... .......... .......... 24.1M
 75300K .......... .......... .......... .......... .......... 30.1M
 75350K .......... .......... .......... .......... .......... 23.3M
 75400K .......... .......... .......... .......... .......... 18.2M
 75450K .......... .......... .......... .......... .......... 25.2M
 75500K .......... .......... .......... .......... .......... 27.5M
 75550K .......... .......... .......... .......... .......... 22.1M
 75600K .......... .......... .......... .......... .......... 27.0M
 75650K .......... .......... .......... .......... .......... 24.5M
 75700K .......... .......... .......... .......... .......... 19.8M
 75750K .......... .......... .......... .......... .......... 42.5M
 75800K .......... .......... .......... .......... .......... 19.3M
 75850K .......... .......... .......... .......... .......... 38.4M
 75900K .......... .......... .......... .......... .......... 18.7M
 75950K .......... .......... .......... .......... .......... 24.9M
 76000K .......... .......... .......... .......... .......... 28.7M
 76050K .......... .......... .......... .......... .......... 23.5M
 76100K .......... .......... .......... .......... .......... 18.6M
 76150K .......... .......... .......... .......... .......... 24.3M
 76200K .......... .......... .......... .......... .......... 29.7M
 76250K .......... .......... .......... .......... .......... 23.0M
 76300K .......... .......... .......... .......... .......... 30.7M
 76350K .......... .......... .......... .......... .......... 20.8M
 76400K .......... .......... .......... .......... ..........  207K
 76450K .......... .......... .......... .......... .......... 6.98M
 76500K .......... .......... .......... .......... .......... 13.4M
 76550K .......... .......... .......... .......... ..........  115M
 76600K .......... .......... .......... .......... .......... 13.7M
 76650K .......... .......... .......... .......... .......... 13.5M
 76700K .......... .......... .......... .......... ..........  143M
 76750K .......... .......... .......... .......... .......... 14.1M
 76800K .......... .......... .......... .......... .......... 13.7M
 76850K .......... .......... .......... .......... .......... 17.5M
 76900K .......... .......... .......... .......... .......... 39.7M
 76950K .......... .......... .......... .......... .......... 13.4M
 77000K .......... .......... .......... .......... .......... 21.0M
 77050K .......... .......... .......... .......... .......... 26.5M
 77100K .......... .......... .......... .......... .......... 14.2M
 77150K .......... .......... .......... .......... .......... 14.0M
 77200K .......... .......... .......... .......... ..........  116M
 77250K .......... .......... .......... .......... .......... 13.5M
 77300K .......... .......... .......... .......... .......... 13.3M
 77350K .......... .......... .......... .......... .......... 94.6M
 77400K .......... .......... .......... .......... .......... 14.1M
 77450K .......... .......... .......... .......... .......... 13.7M
 77500K .......... .......... .......... .......... ..........  125M
 77550K .......... .......... .......... .......... .......... 13.6M
 77600K .......... .......... .......... .......... .......... 60.5M
 77650K .......... .......... .......... .......... .......... 13.4M
 77700K .......... .......... .......... .......... .......... 17.0M
 77750K .......... .......... .......... .......... .......... 46.1M
 77800K .......... .......... .......... .......... .......... 13.2M
 77850K .......... .......... .......... .......... .......... 14.4M
 77900K .......... .......... .......... .......... ..........  102M
 77950K .......... .......... .......... .......... .......... 13.3M
 78000K .......... .......... .......... .......... ..........  155M
 78050K .......... .......... .......... .......... .......... 13.9M
 78100K .......... .......... .......... .......... .......... 15.9M
 78150K .......... .......... .......... .......... .......... 52.4M
 78200K .......... .......... .......... .......... .......... 14.8M
 78250K .......... .......... .......... .......... .......... 36.5M
 78300K .......... .......... .......... .......... .......... 18.3M
 78350K .......... .......... .......... .......... .......... 15.2M
 78400K .......... .......... .......... .......... .......... 89.8M
 78450K .......... .......... .......... .......... .......... 14.1M
 78500K .......... .......... .......... .......... .......... 54.8M
 78550K .......... .......... .......... .......... .......... 13.5M
 78600K .......... .......... .......... .......... .......... 44.2M
 78650K .......... .......... .......... .......... .......... 17.1M
 78700K .......... .......... .......... .......... .......... 14.2M
 78750K .......... .......... .......... .......... ..........  109M
 78800K .......... .......... .......... .......... .......... 14.2M
 78850K .......... .......... .......... .......... ..........  146M
 78900K .......... .......... .......... .......... .......... 14.3M
 78950K .......... .......... .......... .......... ..........  129M
 79000K .......... .......... .......... .......... .......... 14.6M
 79050K .......... .......... .......... .......... .......... 37.3M
 79100K .......... .......... .......... .......... .......... 18.5M
 79150K .......... .......... .......... .......... .......... 18.3M
 79200K .......... .......... .......... .......... .......... 46.1M
 79250K .......... .......... .......... .......... .......... 14.1M
 79300K .......... .......... .......... .......... .......... 44.0M
 79350K .......... .......... .......... .......... .......... 17.8M
 79400K .......... .......... .......... .......... .......... 42.3M
 79450K .......... .......... .......... .......... .......... 18.5M
 79500K .......... .......... .......... .......... .......... 51.3M
 79550K .......... .......... .......... .......... .......... 17.5M
 79600K .......... .......... .......... .......... .......... 45.9M
 79650K .......... .......... .......... .......... .......... 13.7M
 79700K .......... .......... .......... .......... .......... 21.2M
 79750K .......... .......... .......... .......... .......... 33.5M
 79800K .......... .......... .......... .......... .......... 23.4M
 79850K .......... .......... .......... .......... .......... 29.0M
 79900K .......... .......... .......... .......... .......... 25.8M
 79950K .......... .......... .......... .......... .......... 23.9M
 80000K .......... .......... .......... .......... .......... 33.3M
 80050K .......... .......... .......... .......... .......... 22.4M
 80100K .......... .......... .......... .......... .......... 21.1M
 80150K .......... .......... .......... .......... .......... 29.8M
 80200K .......... .......... .......... .......... .......... 23.6M
 80250K .......... .......... .......... .......... .......... 29.0M
 80300K .......... .......... .......... .......... .......... 24.5M
 80350K .......... .......... .......... .......... .......... 29.9M
 80400K .......... .......... .......... .......... .......... 24.5M
 80450K .......... .......... .......... .......... .......... 23.1M
 80500K .......... .......... .......... .......... .......... 16.9M
 80550K .......... .......... .......... .......... .......... 49.8M
 80600K .......... .......... .......... .......... .......... 18.3M
 80650K .......... .......... .......... .......... .......... 37.5M
 80700K .......... .......... .......... .......... .......... 13.2M
 80750K .......... .......... .......... .......... ..........  210M
 80800K .......... .......... .......... .......... ..........  157M
 80850K .......... .......... .......... .......... .......... 14.4M
 80900K .......... .......... .......... .......... ..........  109M
 80950K .......... .......... .......... .......... .......... 14.6M
 81000K .......... .......... .......... .......... ..........  150M
 81050K .......... .......... .......... .......... .......... 14.4M
 81100K .......... .......... .......... .......... .......... 91.7M
 81150K .......... .......... .......... .......... .......... 13.6M
 81200K .......... .......... .......... .......... ..........  134M
 81250K .......... .......... .......... .......... .......... 14.2M
 81300K .......... .......... .......... .......... .......... 76.9M
 81350K .......... .......... .......... .......... .......... 15.9M
 81400K .......... .......... .......... .......... .......... 73.2M
 81450K .......... .......... .......... .......... .......... 16.7M
 81500K .......... .......... .......... .......... .......... 50.9M
 81550K .......... .......... .......... .......... .......... 56.5M
 81600K .......... .......... .......... .......... .......... 16.3M
 81650K .......... .......... .......... .......... .......... 76.4M
 81700K .......... .......... .......... .......... .......... 15.8M
 81750K .......... .......... .......... .......... .......... 81.0M
 81800K .......... .......... .......... .......... .......... 14.2M
 81850K .......... .......... .......... .......... ..........  120M
 81900K .......... .......... .......... .......... .......... 34.6M
 81950K .......... .......... .......... .......... .......... 18.5M
 82000K .......... .......... .......... .......... ..........  195M
 82050K .......... .......... .......... .......... .......... 14.9M
 82100K .......... .......... .......... .......... .......... 49.0M
 82150K .......... .......... .......... .......... .......... 15.1M
 82200K .......... .......... .......... .......... .......... 84.5M
 82250K .......... .......... .......... .......... .......... 22.8M
 82300K .......... .......... .......... .......... .......... 26.2M
 82350K .......... .......... .......... .......... ..........  227M
 82400K .......... .......... .......... .......... .......... 14.8M
 82450K .......... .......... .......... .......... .......... 22.1M
 82500K .......... .......... .......... .......... .......... 48.0M
 82550K .......... .......... .......... .......... .......... 44.7M
 82600K .......... .......... .......... .......... .......... 18.6M
 82650K .......... .......... .......... .......... .......... 45.3M
 82700K .......... .......... .......... .......... .......... 37.6M
 82750K .......... .......... .......... .......... .......... 23.6M
 82800K .......... .......... .......... .......... .......... 30.0M
 82850K .......... .......... .......... .......... .......... 34.4M
 82900K .......... .......... .......... .......... .......... 49.8M
 82950K .......... .......... .......... .......... .......... 35.1M
 83000K .......... .......... .......... .......... .......... 19.9M
 83050K .......... .......... .......... .......... .......... 42.5M
 83100K .......... .......... .......... .......... .......... 24.4M
 83150K .......... .......... .......... .......... .......... 67.5M
 83200K .......... .......... .......... .......... .......... 20.2M
 83250K .......... .......... .......... .......... .......... 35.9M
 83300K .......... .......... .......... .......... .......... 19.6M
 83350K .......... .......... .......... .......... ..........  141M
 83400K .......... .......... .......... .......... .......... 16.2M
 83450K .......... .......... .......... .......... .......... 77.8M
 83500K .......... .......... .......... .......... .......... 44.5M
 83550K .......... .......... .......... .......... .......... 19.4M
 83600K .......... .......... .......... .......... .......... 42.9M
 83650K .......... .......... .......... .......... .......... 18.3M
 83700K .......... .......... .......... .......... ..........  250M
 83750K .......... .......... .......... .......... .......... 41.9M
 83800K .......... .......... .......... .......... .......... 19.7M
 83850K .......... .......... .......... .......... .......... 38.8M
 83900K .......... .......... .......... .......... .......... 19.0M
 83950K .......... .......... .......... .......... ..........  209M
 84000K .......... .......... .......... .......... .......... 43.8M
 84050K .......... .......... .......... .......... .......... 18.2M
 84100K .......... .......... .......... .......... .......... 38.0M
 84150K .......... .......... .......... .......... .......... 20.7M
 84200K .......... .......... .......... .......... .......... 49.9M
 84250K .......... .......... .......... .......... .......... 53.9M
 84300K .......... .......... .......... .......... .......... 24.5M
 84350K .......... .......... .......... .......... .......... 29.1M
 84400K .......... .......... .......... .......... .......... 24.8M
 84450K .......... .......... .......... .......... .......... 27.2M
 84500K .......... .......... .......... .......... ..........  164M
 84550K .......... .......... .......... .......... .......... 27.3M
 84600K .......... .......... .......... .......... .......... 26.3M
 84650K .......... .......... .......... .......... .......... 25.6M
 84700K .......... .......... .......... .......... .......... 30.6M
 84750K .......... .......... .......... .......... .......... 99.9M
 84800K .......... .......... .......... .......... .......... 27.1M
 84850K .......... .......... .......... .......... .......... 24.6M
 84900K .......... .......... .......... .......... .......... 27.4M
 84950K .......... .......... .......... .......... .......... 18.8M
 85000K .......... .......... .......... .......... ..........  377M
 85050K .......... .......... .......... .......... .......... 41.2M
 85100K .......... .......... .......... .......... .......... 18.9M
 85150K .......... .......... .......... .......... .......... 10.7M
 85200K .......... .......... .......... .......... ..........  342M
 85250K .......... .......... .......... .......... ..........  412M
 85300K .......... .......... .......... .......... .......... 13.8M
 85350K .......... .......... .......... .......... ..........  164M
 85400K .......... .......... .......... .......... .......... 14.9M
 85450K .......... .......... .......... .......... .......... 81.5M
 85500K .......... .......... .......... .......... .......... 14.5M
 85550K .......... .......... .......... .......... ..........  116M
 85600K .......... .......... .......... .......... .......... 13.8M
 85650K .......... .......... .......... .......... ..........  195M
 85700K .......... .......... .......... .......... .......... 13.1M
 85750K .......... .......... .......... .......... .......... 21.1M
 85800K .......... .......... .......... .......... .......... 29.5M
 85850K .......... .......... .......... .......... .......... 15.2M
 85900K .......... .......... .......... .......... .......... 76.2M
 85950K .......... .......... .......... .......... .......... 14.1M
 86000K .......... .......... .......... .......... ..........  109M
 86050K .......... .......... .......... .......... .......... 14.8M
 86100K .......... .......... .......... .......... ..........  103M
 86150K .......... .......... .......... .......... .......... 14.5M
 86200K .......... .......... .......... .......... ..........  124M
 86250K .......... .......... .......... .......... .......... 14.0M
 86300K .......... .......... .......... .......... .......... 56.3M
 86350K .......... .......... .......... .......... .......... 17.4M
 86400K .......... .......... .......... .......... .......... 48.0M
 86450K .......... .......... .......... .......... .......... 15.6M
 86500K .......... .......... .......... .......... .......... 79.8M
 86550K .......... .......... .......... .......... .......... 15.8M
 86600K .......... .......... .......... .......... .......... 29.5M
 86650K .......... .......... .......... .......... .......... 18.5M
 86700K .......... .......... .......... .......... .......... 45.5M
 86750K .......... .......... .......... .......... .......... 20.0M
 86800K .......... .......... .......... .......... .......... 34.1M
 86850K .......... .......... .......... .......... .......... 19.1M
 86900K .......... .......... .......... .......... .......... 42.1M
 86950K .......... .......... .......... .......... .......... 18.7M
 87000K .......... .......... .......... .......... .......... 43.8M
 87050K .......... .......... .......... .......... .......... 19.1M
 87100K .......... .......... .......... .......... .......... 43.3M
 87150K .......... .......... .......... .......... .......... 17.2M
 87200K .......... .......... .......... .......... .......... 28.4M
 87250K .......... .......... .......... .......... .......... 16.6M
 87300K .......... .......... .......... .......... .......... 51.3M
 87350K .......... .......... .......... .......... .......... 53.7M
 87400K .......... .......... .......... .......... .......... 17.3M
 87450K .......... .......... .......... .......... .......... 61.0M
 87500K .......... .......... .......... .......... .......... 16.2M
 87550K .......... .......... .......... .......... .......... 59.5M
 87600K .......... .......... .......... .......... .......... 15.7M
 87650K .......... .......... .......... .......... .......... 63.9M
 87700K .......... .......... .......... .......... .......... 17.2M
 87750K .......... .......... .......... .......... .......... 17.1M
 87800K .......... .......... .......... .......... .......... 31.0M
 87850K .......... .......... .......... .......... .......... 25.3M
 87900K .......... .......... .......... .......... .......... 28.2M
 87950K .......... .......... .......... .......... .......... 34.6M
 88000K .......... .......... .......... .......... .......... 21.3M
 88050K .......... .......... .......... .......... .......... 37.5M
 88100K .......... .......... .......... .......... .......... 19.5M
 88150K .......... .......... .......... .......... ..........  177M
 88200K .......... .......... .......... .......... .......... 23.6M
 88250K .......... .......... .......... .......... .......... 26.9M
 88300K .......... .......... .......... .......... .......... 27.5M
 88350K .......... .......... .......... .......... .......... 23.1M
 88400K .......... .......... .......... .......... .......... 32.5M
 88450K .......... .......... .......... .......... .......... 19.2M
 88500K .......... .......... .......... .......... ..........  173M
 88550K .......... .......... .......... .......... .......... 14.2M
 88600K .......... .......... .......... .......... .......... 37.8M
 88650K .......... .......... .......... .......... .......... 52.3M
 88700K .......... .......... .......... .......... .......... 17.1M
 88750K .......... .......... .......... .......... .......... 21.7M
 88800K .......... .......... .......... .......... .......... 22.1M
 88850K .......... .......... .......... .......... .......... 37.7M
 88900K .......... .......... .......... .......... .......... 81.0M
 88950K .......... .......... .......... .......... .......... 20.0M
 89000K .......... .......... .......... .......... .......... 35.2M
 89050K .......... .......... .......... .......... .......... 21.1M
 89100K .......... .......... .......... .......... .......... 24.9M
 89150K .......... .......... .......... .......... .......... 25.7M
 89200K .......... .......... .......... .......... .......... 61.3M
 89250K .......... .......... .......... .......... .......... 21.3M
 89300K .......... .......... .......... .......... .......... 59.4M
 89350K .......... .......... .......... .......... .......... 26.6M
 89400K .......... .......... .......... .......... .......... 25.3M
 89450K .......... .......... .......... .......... .......... 26.2M
 89500K .......... .......... .......... .......... .......... 53.3M
 89550K .......... .......... .......... .......... .......... 37.1M
 89600K .......... .......... .......... .......... .......... 30.1M
 89650K .......... .......... .......... .......... .......... 20.6M
 89700K .......... .......... .......... .......... .......... 50.8M
 89750K .......... .......... .......... .......... .......... 17.6M
 89800K .......... .......... .......... .......... .......... 55.1M
 89850K .......... .......... .......... .......... .......... 35.8M
 89900K .......... .......... .......... .......... .......... 29.3M
 89950K .......... .......... .......... .......... .......... 24.1M
 90000K .......... .......... .......... .......... .......... 29.8M
 90050K .......... .......... .......... .......... .......... 55.6M
 90100K .......... .......... .......... .......... .......... 37.0M
 90150K .......... .......... .......... .......... .......... 28.1M
 90200K .......... .......... .......... .......... .......... 26.6M
 90250K .......... .......... .......... .......... .......... 26.7M
 90300K .......... .......... .......... .......... .......... 52.9M
 90350K .......... .......... .......... .......... .......... 41.0M
 90400K .......... .......... .......... .......... .......... 15.9M
 90450K .......... .......... .......... .......... .......... 80.6M
 90500K .......... .......... .......... .......... .......... 30.4M
 90550K .......... .......... .......... .......... .......... 24.0M
 90600K .......... .......... .......... .......... ..........  121M
 90650K .......... .......... .......... .......... .......... 17.1M
 90700K .......... .......... .......... .......... .......... 47.9M
 90750K .......... .......... .......... .......... .......... 45.4M
 90800K .......... .......... .......... .......... .......... 18.9M
 90850K .......... .......... .......... .......... ..........  160M
 90900K .......... .......... .......... .......... .......... 22.9M
 90950K .......... .......... .......... .......... .......... 3.42M
 91000K .......... .......... .......... .......... .......... 93.7M
 91050K .......... .......... .......... .......... .......... 17.6M
 91100K .......... .......... .......... .......... .......... 52.3M
 91150K .......... .......... .......... .......... ..........  113M
 91200K .......... .......... .......... .......... .......... 15.2M
 91250K .......... .......... .......... .......... .......... 95.3M
 91300K .......... .......... .......... .......... ..........  125M
 91350K .......... .......... .......... .......... .......... 14.4M
 91400K .......... .......... .......... .......... ..........  216M
 91450K .......... .......... .......... .......... .......... 11.4M
 91500K .......... .......... .......... .......... ..........  112M
 91550K .......... .......... .......... .......... .......... 15.2M
 91600K .......... .......... .......... .......... .......... 71.1M
 91650K .......... .......... .......... .......... ..........  258M
 91700K .......... .......... .......... .......... .......... 15.5M
 91750K .......... .......... .......... .......... .......... 3.07M
 91800K .......... .......... .......... .......... ..........  119M
 91850K .......... .......... .......... .......... ..........  107M
 91900K .......... .......... .......... .......... .......... 14.0M
 91950K .......... .......... .......... .......... ..........  152M
 92000K .......... .......... .......... .......... ..........  171M
 92050K .......... .......... .......... .......... .......... 8.20M
 92100K .......... .......... .......... .......... .......... 86.3M
 92150K .......... .......... .......... .......... ..........  107M
 92200K .......... .......... .......... .......... .......... 11.2M
 92250K .......... .......... .......... .......... ..........  332M
 92300K .......... .......... .......... .......... ..........  343M
 92350K .......... .......... .......... .......... .......... 13.0M
 92400K .......... .......... .......... .......... .......... 8.27M
 92450K .......... .......... .......... .......... .......... 25.4M
 92500K .......... .......... .......... .......... ..........  567M
 92550K .......... .......... .......... .......... .......... 15.3M
 92600K .......... .......... .......... .......... .......... 26.7M
 92650K .......... .......... .......... .......... .......... 21.2M
 92700K .......... .......... .......... .......... .......... 13.4M
 92750K .......... .......... .......... .......... .......... 13.5M
 92800K .......... .......... .......... .......... ..........  206K
 92850K .......... .......... .......... .......... .......... 6.37M
 92900K .......... .......... .......... .......... .......... 16.2M
 92950K .......... .......... .......... .......... .......... 13.4M
 93000K .......... .......... .......... .......... .......... 13.6M
 93050K .......... .......... .......... .......... .......... 12.5M
 93100K .......... .......... .......... .......... .......... 13.6M
 93150K .......... .......... .......... .......... .......... 13.4M
 93200K .......... .......... .......... .......... .......... 13.4M
 93250K .......... .......... .......... .......... .......... 13.4M
 93300K .......... .......... .......... .......... .......... 13.1M
 93350K .......... .......... .......... .......... .......... 13.4M
 93400K .......... .......... .......... .......... .......... 13.4M
 93450K .......... .......... .......... .......... .......... 13.6M
 93500K .......... .......... .......... .......... .......... 13.6M
 93550K .......... .......... .......... .......... .......... 13.8M
 93600K .......... .......... .......... .......... .......... 13.5M
 93650K .......... .......... .......... .......... .......... 12.7M
 93700K .......... .......... .......... .......... .......... 15.7M
 93750K .......... .......... .......... .......... .......... 51.8M
 93800K .......... .......... .......... .......... .......... 13.3M
 93850K .......... .......... .......... .......... .......... 11.3M
 93900K .......... .......... .......... .......... .......... 13.4M
 93950K .......... .......... .......... .......... .......... 13.4M
 94000K .......... .......... .......... .......... .......... 17.7M
 94050K .......... .......... .......... .......... .......... 30.2M
 94100K .......... .......... .......... .......... .......... 11.3M
 94150K .......... .......... .......... .......... .......... 17.0M
 94200K .......... .......... .......... .......... .......... 13.4M
 94250K .......... .......... .......... .......... .......... 17.1M
 94300K .......... .......... .......... .......... .......... 29.3M
 94350K .......... .......... .......... .......... .......... 14.3M
 94400K .......... .......... .......... .......... .......... 16.0M
 94450K .......... .......... .......... .......... .......... 13.4M
 94500K .......... .......... .......... .......... .......... 19.0M
 94550K .......... .......... .......... .......... .......... 26.1M
 94600K .......... .......... .......... .......... .......... 13.4M
 94650K .......... .......... .......... .......... .......... 28.7M
 94700K .......... .......... .......... .......... .......... 22.4M
 94750K .......... .......... .......... .......... .......... 13.4M
 94800K .......... .......... .......... .......... .......... 14.1M
 94850K .......... .......... .......... .......... .......... 29.3M
 94900K .......... .......... .......... .......... .......... 13.8M
 94950K .......... .......... .......... .......... .......... 23.0M
 95000K .......... .......... .......... .......... .......... 29.2M
 95050K .......... .......... .......... .......... .......... 13.8M
 95100K .......... .......... .......... .......... .......... 20.5M
 95150K .......... .......... .......... .......... .......... 13.6M
 95200K .......... .......... .......... .......... .......... 32.1M
 95250K .......... .......... .......... .......... .......... 21.8M
 95300K .......... .......... .......... .......... .......... 13.3M
 95350K .......... .......... .......... .......... .......... 33.1M
 95400K .......... .......... .......... .......... .......... 21.4M
 95450K .......... .......... .......... .......... .......... 13.6M
 95500K .......... .......... .......... .......... .......... 29.0M
 95550K .......... .......... .......... .......... .......... 21.2M
 95600K .......... .......... .......... .......... .......... 18.7M
 95650K .......... .......... .......... .......... .......... 18.3M
 95700K .......... .......... .......... .......... .......... 23.6M
 95750K .......... .......... .......... .......... .......... 19.5M
 95800K .......... .......... .......... .......... .......... 17.2M
 95850K .......... .......... .......... .......... .......... 25.9M
 95900K .......... .......... .......... .......... .......... 19.1M
 95950K .......... .......... .......... .......... .......... 13.4M
 96000K .......... .......... .......... .......... .......... 45.9M
 96050K .......... .......... .......... .......... .......... 18.1M
 96100K .......... .......... .......... .......... .......... 24.4M
 96150K .......... .......... .......... .......... .......... 15.0M
 96200K .......... .......... .......... .......... .......... 26.6M
 96250K .......... .......... .......... .......... .......... 23.3M
 96300K .......... .......... .......... .......... .......... 14.6M
 96350K .......... .......... .......... .......... ..........  114M
 96400K .......... .......... .......... .......... .......... 14.1M
 96450K .......... .......... .......... .......... .......... 36.5M
 96500K .......... .......... .......... .......... .......... 18.6M
 96550K .......... .......... .......... .......... .......... 16.7M
 96600K .......... .......... .......... .......... .......... 53.6M
 96650K .......... .......... .......... .......... .......... 14.8M
 96700K .......... .......... .......... .......... ..........  106M
 96750K .......... .......... .......... .......... .......... 13.4M
 96800K .......... .......... .......... .......... .......... 68.0M
 96850K .......... .......... .......... .......... .......... 14.7M
 96900K .......... .......... .......... .......... .......... 24.1M
 96950K .......... .......... .......... .......... .......... 26.2M
 97000K .......... .......... .......... .......... .......... 17.3M
 97050K .......... .......... .......... .......... .......... 54.1M
 97100K .......... .......... .......... .......... .......... 14.9M
 97150K .......... .......... .......... .......... .......... 87.4M
 97200K .......... .......... .......... .......... .......... 14.7M
 97250K .......... .......... .......... .......... ..........  108M
 97300K .......... .......... .......... .......... .......... 13.9M
 97350K .......... .......... .......... .......... .......... 38.5M
 97400K .......... .......... .......... .......... .......... 18.5M
 97450K .......... .......... .......... .......... .......... 14.9M
 97500K .......... .......... .......... .......... .......... 88.9M
 97550K .......... .......... .......... .......... .......... 14.3M
 97600K .......... .......... .......... .......... .......... 92.4M
 97650K .......... .......... .......... .......... .......... 14.2M
 97700K .......... .......... .......... .......... ..........  158M
 97750K .......... .......... .......... .......... .......... 14.2M
 97800K .......... .......... .......... .......... ..........  102M
 97850K .......... .......... .......... .......... .......... 14.8M
 97900K .......... .......... .......... .......... .......... 98.4M
 97950K .......... .......... .......... .......... .......... 14.3M
 98000K .......... .......... .......... .......... ..........  160M
 98050K .......... .......... .......... .......... .......... 15.0M
 98100K .......... .......... .......... .......... .......... 79.2M
 98150K .......... .......... .......... .......... .......... 14.7M
 98200K .......... .......... .......... .......... .......... 93.8M
 98250K .......... .......... .......... .......... .......... 14.3M
 98300K .......... .......... .......... .......... ..........  147M
 98350K .......... .......... .......... .......... .......... 14.0M
 98400K .......... .......... .......... .......... .......... 53.5M
 98450K .......... .......... .......... .......... .......... 15.8M
 98500K .......... .......... .......... .......... .......... 70.4M
 98550K .......... .......... .......... .......... .......... 15.9M
 98600K .......... .......... .......... .......... .......... 64.7M
 98650K .......... .......... .......... .......... .......... 13.8M
 98700K .......... .......... .......... .......... ..........  192M
 98750K .......... .......... .......... .......... .......... 12.8M
 98800K .......... .......... .......... .......... ..........  212M
 98850K .......... .......... .......... .......... .......... 13.9M
 98900K .......... .......... .......... .......... .......... 92.6M
 98950K .......... .......... .......... .......... .......... 14.6M
 99000K .......... .......... .......... .......... ..........  170M
 99050K .......... .......... .......... .......... .......... 14.4M
 99100K .......... .......... .......... .......... .......... 57.8M
 99150K .......... .......... .......... .......... .......... 14.7M
 99200K .......... .......... .......... .......... .......... 70.1M
 99250K .......... .......... .......... .......... .......... 16.2M
 99300K .......... .......... .......... .......... .......... 55.0M
 99350K .......... .......... .......... .......... .......... 18.1M
 99400K .......... .......... .......... .......... .......... 47.2M
 99450K .......... .......... .......... .......... .......... 50.0M
 99500K .......... .......... .......... .......... .......... 17.3M
 99550K .......... .......... .......... .......... .......... 44.6M
 99600K .......... .......... .......... .......... .......... 16.9M
 99650K .......... .......... .......... .......... .......... 57.2M
 99700K .......... .......... .......... .......... .......... 18.1M
 99750K .......... .......... .......... .......... .......... 46.9M
 99800K .......... .......... .......... .......... .......... 21.9M
 99850K .......... .......... .......... .......... .......... 31.3M
 99900K .......... .......... .......... .......... .......... 58.8M
 99950K .......... .......... .......... .......... .......... 15.6M
100000K .......... .......... .......... .......... .......... 94.1M
100050K .......... .......... .......... .......... .......... 15.6M
100100K .......... .......... .......... .......... .......... 60.1M
100150K .......... .......... .......... .......... .......... 24.7M
100200K .......... .......... .......... .......... .......... 26.8M
100250K .......... .......... .......... .......... .......... 62.8M
100300K .......... .......... .......... .......... .......... 12.7M
100350K .......... .......... .......... .......... ..........  291M
100400K .......... .......... .......... .......... .......... 21.1M
100450K .......... .......... .......... .......... .......... 30.3M
100500K .......... .......... .......... .......... .......... 25.0M
100550K .......... .......... .......... .......... .......... 25.7M
100600K .......... .......... .......... .......... ..........  155M
100650K .......... .......... .......... .......... .......... 13.5M
100700K .......... .......... .......... .......... ..........  197M
100750K .......... .......... .......... .......... .......... 22.3M
100800K .......... .......... .......... .......... .......... 29.7M
100850K .......... .......... .......... .......... .......... 49.1M
100900K .......... .......... .......... .......... .......... 17.7M
100950K .......... .......... .......... .......... .......... 47.2M
101000K .......... .......... .......... .......... .......... 53.0M
101050K .......... .......... .......... .......... .......... 23.9M
101100K .......... .......... .......... .......... .......... 30.0M
101150K .......... .......... .......... .......... .......... 24.2M
101200K .......... .......... .......... .......... .......... 37.5M
101250K .......... .......... .......... .......... .......... 23.2M
101300K .......... .......... .......... .......... .......... 31.2M
101350K .......... .......... .......... .......... ..........  127M
101400K .......... .......... .......... .......... .......... 14.9M
101450K .......... .......... .......... .......... ..........  135M
101500K .......... .......... .......... .......... .......... 14.3M
101550K .......... .......... .......... .......... ..........  142M
101600K .......... .......... .......... .......... .......... 31.2M
101650K .......... .......... .......... .......... ..........  211K
101700K .......... .......... .......... .......... .......... 6.96M
101750K .......... .......... .......... .......... ..........  181M
101800K .......... .......... .......... .......... .......... 13.3M
101850K .......... .......... .......... .......... .......... 15.1M
101900K .......... .......... .......... .......... .......... 63.6M
101950K .......... .......... .......... .......... .......... 14.4M
102000K .......... .......... .......... .......... ..........  167M
102050K .......... .......... .......... .......... .......... 13.7M
102100K .......... .......... .......... .......... ..........  135M
102150K .......... .......... .......... .......... .......... 13.4M
102200K .......... .......... .......... .......... .......... 21.1M
102250K .......... .......... .......... .......... .......... 34.9M
102300K .......... .......... .......... .......... .......... 14.1M
102350K .......... .......... .......... .......... ..........  190M
102400K .......... .......... .......... .......... .......... 14.0M
102450K .......... .......... .......... .......... ..........  139M
102500K .......... .......... .......... .......... .......... 14.3M
102550K .......... .......... .......... .......... .......... 27.0M
102600K .......... .......... .......... .......... .......... 22.6M
102650K .......... .......... .......... .......... .......... 14.3M
102700K .......... .......... .......... .......... ..........  154M
102750K .......... .......... .......... .......... .......... 14.4M
102800K .......... .......... .......... .......... ..........  109M
102850K .......... .......... .......... .......... .......... 15.0M
102900K .......... .......... .......... .......... .......... 93.2M
102950K .......... .......... .......... .......... .......... 14.3M
103000K .......... .......... .......... .......... ..........  122M
103050K .......... .......... .......... .......... .......... 14.4M
103100K .......... .......... .......... .......... .......... 70.1M
103150K .......... .......... .......... .......... .......... 15.1M
103200K .......... .......... .......... .......... .......... 37.7M
103250K .......... .......... .......... .......... .......... 20.0M
103300K .......... .......... .......... .......... .......... 20.6M
103350K .......... .......... .......... .......... .......... 31.6M
103400K .......... .......... .......... .......... .......... 15.7M
103450K .......... .......... .......... .......... .......... 57.5M
103500K .......... .......... .......... .......... .......... 14.0M
103550K .......... .......... .......... .......... ..........  153M
103600K .......... .......... .......... .......... .......... 14.0M
103650K .......... .......... .......... .......... ..........  156M
103700K .......... .......... .......... .......... .......... 15.0M
103750K .......... .......... .......... .......... .......... 74.2M
103800K .......... .......... .......... .......... .......... 16.7M
103850K .......... .......... .......... .......... .......... 49.1M
103900K .......... .......... .......... .......... .......... 18.7M
103950K .......... .......... .......... .......... .......... 27.3M
104000K .......... .......... .......... .......... .......... 28.1M
104050K .......... .......... .......... .......... .......... 27.9M
104100K .......... .......... .......... .......... .......... 25.8M
104150K .......... .......... .......... .......... .......... 24.5M
104200K .......... .......... .......... .......... .......... 25.7M
104250K .......... .......... .......... .......... .......... 18.8M
104300K .......... .......... .......... .......... .......... 48.0M
104350K .......... .......... .......... .......... .......... 17.8M
104400K .......... .......... .......... .......... .......... 44.5M
104450K .......... .......... .......... .......... .......... 18.1M
104500K .......... .......... .......... .......... .......... 42.2M
104550K .......... .......... .......... .......... .......... 14.3M
104600K .......... .......... .......... .......... .......... 44.5M
104650K .......... .......... .......... .......... .......... 18.2M
104700K .......... .......... .......... .......... .......... 47.0M
104750K .......... .......... .......... .......... .......... 18.5M
104800K .......... .......... .......... .......... .......... 37.4M
104850K .......... .......... .......... .......... .......... 74.1M
104900K .......... .......... .......... .......... .......... 15.7M
104950K .......... .......... .......... .......... ..........  101M
105000K .......... .......... .......... .......... .......... 15.3M
105050K .......... .......... .......... .......... .......... 89.0M
105100K .......... .......... .......... .......... .......... 13.7M
105150K .......... .......... .......... .......... ..........  155M
105200K .......... .......... .......... .......... .......... 14.5M
105250K .......... .......... .......... .......... ..........  100M
105300K .......... .......... .......... .......... .......... 26.0M
105350K .......... .......... .......... .......... .......... 27.2M
105400K .......... .......... .......... .......... .......... 26.8M
105450K .......... .......... .......... .......... .......... 22.9M
105500K .......... .......... .......... .......... .......... 42.3M
105550K .......... .......... .......... .......... .......... 19.2M
105600K .......... .......... .......... .......... .......... 97.4M
105650K .......... .......... .......... .......... .......... 14.1M
105700K .......... .......... .......... .......... ..........  123M
105750K .......... .......... .......... .......... .......... 20.7M
105800K .......... .......... .......... .......... .......... 34.7M
105850K .......... .......... .......... .......... .......... 54.6M
105900K .......... .......... .......... .......... .......... 14.1M
105950K .......... .......... .......... .......... .......... 48.7M
106000K .......... .......... .......... .......... .......... 19.4M
106050K .......... .......... .......... .......... .......... 41.2M
106100K .......... .......... .......... .......... .......... 39.5M
106150K .......... .......... .......... .......... .......... 18.3M
106200K .......... .......... .......... .......... ..........  138M
106250K .......... .......... .......... .......... .......... 14.1M
106300K .......... .......... .......... .......... .......... 55.5M
106350K .......... .......... .......... .......... .......... 19.9M
106400K .......... .......... .......... .......... .......... 39.6M
106450K .......... .......... .......... .......... .......... 65.8M
106500K .......... .......... .......... .......... .......... 15.2M
106550K .......... .......... .......... .......... .......... 80.2M
106600K .......... .......... .......... .......... .......... 16.1M
106650K .......... .......... .......... .......... .......... 61.7M
106700K .......... .......... .......... .......... .......... 36.9M
106750K .......... .......... .......... .......... .......... 26.8M
106800K .......... .......... .......... .......... .......... 65.9M
106850K .......... .......... .......... .......... .......... 18.4M
106900K .......... .......... .......... .......... .......... 44.4M
106950K .......... .......... .......... .......... .......... 53.3M
107000K .......... .......... .......... .......... .......... 21.9M
107050K .......... .......... .......... .......... .......... 35.9M
107100K .......... .......... .......... .......... .......... 20.0M
107150K .......... .......... .......... .......... .......... 79.5M
107200K .......... .......... .......... .......... .......... 22.9M
107250K .......... .......... .......... .......... .......... 28.6M
107300K .......... .......... .......... .......... .......... 91.5M
107350K .......... .......... .......... .......... .......... 19.5M
107400K .......... .......... .......... .......... .......... 47.2M
107450K .......... .......... .......... .......... .......... 17.7M
107500K .......... .......... .......... .......... .......... 57.6M
107550K .......... .......... .......... .......... ..........  144M
107600K .......... .......... .......... .......... .......... 14.3M
107650K .......... .......... .......... .......... ..........  115M
107700K .......... .......... .......... .......... .......... 21.3M
107750K .......... .......... .......... .......... .......... 39.2M
107800K .......... .......... .......... .......... ..........  117M
107850K .......... .......... .......... .......... .......... 15.6M
107900K .......... .......... .......... .......... .......... 74.3M
107950K .......... .......... .......... .......... .......... 32.3M
108000K .......... .......... .......... .......... .......... 28.4M
108050K .......... .......... .......... .......... .......... 57.6M
108100K .......... .......... .......... .......... .......... 17.3M
108150K .......... .......... .......... .......... .......... 65.8M
108200K .......... .......... .......... .......... ..........  119M
108250K .......... .......... .......... .......... .......... 13.2M
108300K .......... .......... .......... .......... .......... 84.5M
108350K .......... .......... .......... .......... .......... 15.9M
108400K .......... .......... .......... .......... ..........  124M
108450K .......... .......... .......... .......... .......... 12.2M
108500K .......... .......... .......... .......... ..........  406M
108550K .......... .......... .......... .......... .......... 13.7M
108600K .......... .......... .......... .......... ..........  152M
108650K .......... .......... .......... .......... .......... 7.07M
108700K .......... .......... .......... .......... ..........  358M
108750K .......... .......... .......... .......... .......... 33.7M
108800K .......... .......... .......... .......... .......... 13.4M
108850K .......... .......... .......... .......... .......... 20.0M
108900K .......... .......... .......... .......... .......... 13.5M
108950K .......... .......... .......... .......... .......... 36.0M
109000K .......... .......... .......... .......... .......... 14.4M
109050K .......... .......... .......... .......... .......... 13.8M
109100K .......... .......... .......... .......... .......... 17.4M
109150K .......... .......... .......... .......... .......... 20.2M
109200K .......... .......... .......... .......... .......... 19.6M
109250K .......... .......... .......... .......... .......... 11.1M
109300K .......... .......... .......... .......... .......... 13.3M
109350K .......... .......... .......... .......... .......... 14.2M
109400K .......... .......... .......... .......... .......... 95.7M
109450K .......... .......... .......... .......... .......... 13.7M
109500K .......... .......... .......... .......... .......... 13.4M
109550K .......... .......... .......... .......... ..........  137M
109600K .......... .......... .......... .......... .......... 13.7M
109650K .......... .......... .......... .......... .......... 13.4M
109700K .......... .......... .......... .......... .......... 15.1M
109750K .......... .......... .......... .......... .......... 71.8M
109800K .......... .......... .......... .......... .......... 13.5M
109850K .......... .......... .......... .......... .......... 13.9M
109900K .......... .......... .......... .......... .......... 15.9M
109950K .......... .......... .......... .......... .......... 52.4M
110000K .......... .......... .......... .......... .......... 14.5M
110050K .......... .......... .......... .......... .......... 13.7M
110100K .......... .......... .......... .......... .......... 82.6M
110150K .......... .......... .......... .......... .......... 13.3M
110200K .......... .......... .......... .......... .......... 14.2M
110250K .......... .......... .......... .......... ..........  112M
110300K .......... .......... .......... .......... .......... 13.6M
110350K .......... .......... .......... .......... .......... 26.6M
110400K .......... .......... .......... .......... .......... 19.7M
110450K .......... .......... .......... .......... .......... 15.8M
110500K .......... .......... .......... .......... .......... 34.4M
110550K .......... .......... .......... .......... .......... 17.0M
110600K .......... .......... .......... .......... .......... 13.3M
110650K .......... .......... .......... .......... .......... 52.6M
110700K .......... .......... .......... .......... .......... 13.6M
110750K .......... .......... .......... .......... .......... 17.8M
110800K .......... .......... .......... .......... .......... 43.0M
110850K .......... .......... .......... .......... .......... 13.0M
110900K .......... .......... .......... .......... .......... 48.7M
110950K .......... .......... .......... .......... .......... 17.5M
111000K .......... .......... .......... .......... .......... 15.0M
111050K .......... .......... .......... .......... ..........  113M
111100K .......... .......... .......... .......... .......... 13.7M
111150K .......... .......... .......... .......... .......... 52.4M
111200K .......... .......... .......... .......... .......... 13.4M
111250K .......... .......... .......... .......... .......... 49.3M
111300K .......... .......... .......... .......... .......... 15.3M
111350K .......... .......... .......... .......... .......... 15.3M
111400K .......... .......... .......... .......... ..........  101M
111450K .......... .......... .......... .......... .......... 14.0M
111500K .......... .......... .......... .......... .......... 81.8M
111550K .......... .......... .......... .......... .......... 13.4M
111600K .......... .......... .......... .......... .......... 32.1M
111650K .......... .......... .......... .......... .......... 21.5M
111700K .......... .......... .......... .......... .......... 21.9M
111750K .......... .......... .......... .......... .......... 28.0M
111800K .......... .......... .......... .......... .......... 15.9M
111850K .......... .......... .......... .......... .......... 77.5M
111900K .......... .......... .......... .......... .......... 13.7M
111950K .......... .......... .......... .......... .......... 25.4M
112000K .......... .......... .......... .......... .......... 27.5M
112050K .......... .......... .......... .......... .......... 24.6M
112100K .......... .......... .......... .......... .......... 25.8M
112150K .......... .......... .......... .......... .......... 28.1M
112200K .......... .......... .......... .......... .......... 24.7M
112250K .......... .......... .......... .......... .......... 26.0M
112300K .......... .......... .......... .......... .......... 19.9M
112350K .......... .......... .......... .......... .......... 19.6M
112400K .......... .......... .......... .......... .......... 42.2M
112450K .......... .......... .......... .......... .......... 13.8M
112500K .......... .......... .......... .......... .......... 46.2M
112550K .......... .......... .......... .......... .......... 18.1M
112600K .......... .......... .......... .......... .......... 40.1M
112650K .......... .......... .......... .......... .......... 21.1M
112700K .......... .......... .......... .......... .......... 34.0M
112750K .......... .......... .......... .......... .......... 14.7M
112800K .......... .......... .......... .......... .......... 80.8M
112850K .......... .......... .......... .......... .......... 16.0M
112900K .......... .......... .......... .......... .......... 68.8M
112950K .......... .......... .......... .......... .......... 16.4M
113000K .......... .......... .......... .......... .......... 55.2M
113050K .......... .......... .......... .......... .......... 16.9M
113100K .......... .......... .......... .......... .......... 37.0M
113150K .......... .......... .......... .......... .......... 20.4M
113200K .......... .......... .......... .......... .......... 36.5M
113250K .......... .......... .......... .......... .......... 15.5M
113300K .......... .......... .......... .......... .......... 61.0M
113350K .......... .......... .......... .......... .......... 17.2M
113400K .......... .......... .......... .......... .......... 54.5M
113450K .......... .......... .......... .......... .......... 17.7M
113500K .......... .......... .......... .......... .......... 49.5M
113550K .......... .......... .......... .......... .......... 18.2M
113600K .......... .......... .......... .......... .......... 44.0M
113650K .......... .......... .......... .......... .......... 20.0M
113700K .......... .......... .......... .......... .......... 32.1M
113750K .......... .......... .......... .......... .......... 54.6M
113800K .......... .......... .......... .......... .......... 16.8M
113850K .......... .......... .......... .......... .......... 54.0M
113900K .......... .......... .......... .......... .......... 16.4M
113950K .......... .......... .......... .......... .......... 36.2M
114000K .......... .......... .......... .......... .......... 20.3M
114050K .......... .......... .......... .......... .......... 34.9M
114100K .......... .......... .......... .......... .......... 18.9M
114150K .......... .......... .......... .......... .......... 39.7M
114200K .......... .......... .......... .......... .......... 20.0M
114250K .......... .......... .......... .......... .......... 32.4M
114300K .......... .......... .......... .......... .......... 22.6M
114350K .......... .......... .......... .......... .......... 31.5M
114400K .......... .......... .......... .......... .......... 24.7M
114450K .......... .......... .......... .......... .......... 27.4M
114500K .......... .......... .......... .......... .......... 45.8M
114550K .......... .......... .......... .......... .......... 18.3M
114600K .......... .......... .......... .......... .......... 40.6M
114650K .......... .......... .......... .......... .......... 55.8M
114700K .......... .......... .......... .......... .......... 19.3M
114750K .......... .......... .......... .......... .......... 34.4M
114800K .......... .......... .......... .......... .......... 30.1M
114850K .......... .......... .......... .......... .......... 22.4M
114900K .......... .......... .......... .......... .......... 33.4M
114950K .......... .......... .......... .......... .......... 19.6M
115000K .......... .......... .......... .......... .......... 40.6M
115050K .......... .......... .......... .......... .......... 93.1M
115100K .......... .......... .......... .......... .......... 15.5M
115150K .......... .......... .......... .......... .......... 75.6M
115200K .......... .......... .......... .......... .......... 23.3M
115250K .......... .......... .......... .......... .......... 26.9M
115300K .......... .......... .......... .......... .......... 17.1M
115350K .......... .......... .......... .......... .......... 51.9M
115400K .......... .......... .......... .......... .......... 89.7M
115450K .......... .......... .......... .......... .......... 15.3M
115500K .......... .......... .......... .......... .......... 73.9M
115550K .......... .......... .......... .......... .......... 15.5M
115600K .......... .......... .......... .......... .......... 78.3M
115650K .......... .......... .......... .......... .......... 15.9M
115700K .......... .......... .......... .......... ..........  129M
115750K .......... .......... .......... .......... .......... 57.7M
115800K .......... .......... .......... .......... .......... 16.8M
115850K .......... .......... .......... .......... .......... 77.4M
115900K .......... .......... .......... .......... .......... 14.4M
115950K .......... .......... .......... .......... ..........  127M
116000K .......... .......... .......... .......... ..........  378M
116050K .......... .......... .......... .......... .......... 13.5M
116100K .......... .......... .......... .......... ..........  119M
116150K .......... .......... .......... .......... .......... 14.2M
116200K .......... .......... .......... .......... ..........  116M
116250K .......... .......... .......... .......... .......... 15.5M
116300K .......... .......... .......... .......... ..........  101M
116350K .......... .......... .......... .......... ..........  138M
116400K .......... .......... .......... .......... .......... 15.7M
116450K .......... .......... .......... .......... .......... 94.0M
116500K .......... .......... .......... .......... .......... 14.1M
116550K .......... .......... .......... .......... ..........  163M
116600K .......... .......... .......... .......... .......... 13.4M
116650K .......... .......... .......... .......... ..........  429M
116700K .......... .......... .......... .......... .......... 89.4M
116750K .......... .......... .......... .......... .......... 14.8M
116800K .......... .......... .......... .......... ..........  133M
116850K .......... .......... .......... .......... .......... 15.3M
116900K .......... .......... .......... .......... .......... 76.3M
116950K .......... .......... .......... .......... .......... 44.3M
117000K .......... .......... .......... .......... .......... 21.9M
117050K .......... .......... .......... .......... .......... 83.7M
117100K .......... .......... .......... .......... .......... 16.1M
117150K .......... .......... .......... .......... .......... 79.1M
117200K .......... .......... .......... .......... .......... 44.5M
117250K .......... .......... .......... .......... .......... 18.4M
117300K .......... .......... .......... .......... .......... 50.4M
117350K .......... .......... .......... .......... .......... 26.9M
117400K .......... .......... .......... .......... .......... 40.5M
117450K .......... .......... .......... .......... .......... 50.1M
117500K .......... .......... .......... .......... .......... 17.4M
117550K .......... .......... .......... .......... .......... 50.1M
117600K .......... .......... .......... .......... .......... 17.5M
117650K .......... .......... .......... .......... ..........  375M
117700K .......... .......... .......... .......... .......... 6.94M
117750K .......... .......... .......... .......... ..........  147M
117800K .......... .......... .......... .......... .......... 90.0M
117850K .......... .......... .......... .......... .......... 13.8M
117900K .......... .......... .......... .......... ..........  113M
117950K .......... .......... .......... .......... ..........  367M
118000K .......... .......... .......... .......... .......... 14.8M
118050K .......... .......... .......... .......... ..........  131M
118100K .......... .......... .......... .......... .......... 16.0M
118150K .......... .......... .......... .......... .......... 73.2M
118200K .......... .......... .......... .......... .......... 94.2M
118250K .......... .......... .......... .......... .......... 15.0M
118300K .......... .......... .......... .......... .......... 97.7M
118350K .......... .......... .......... .......... .......... 29.1M
118400K .......... .......... .......... .......... .......... 28.9M
118450K .......... .......... .......... .......... .......... 90.8M
118500K .......... .......... .......... .......... .......... 16.2M
118550K .......... .......... .......... .......... .......... 4.94M
118600K .......... .......... .......... .......... ..........  103M
118650K .......... .......... .......... .......... .......... 17.2M
118700K .......... .......... .......... .......... .......... 47.5M
118750K .......... .......... .......... .......... ..........  210K
118800K .......... .......... .......... .......... .......... 14.2M
118850K .......... .......... .......... .......... .......... 72.7M
118900K .......... .......... .......... .......... .......... 84.8M
118950K .......... .......... .......... .......... .......... 19.1M
119000K .......... .......... .......... .......... ..........  128M
119050K .......... .......... .......... .......... .......... 14.5M
119100K .......... .......... .......... .......... .......... 96.5M
119150K .......... .......... .......... .......... .......... 13.9M
119200K .......... .......... .......... .......... ..........  106M
119250K .......... .......... .......... .......... .......... 14.3M
119300K .......... .......... .......... .......... ..........  102M
119350K .......... .......... .......... .......... .......... 14.2M
119400K .......... .......... .......... .......... ..........  207M
119450K .......... .......... .......... .......... .......... 13.6M
119500K .......... .......... .......... .......... .......... 78.7M
119550K .......... .......... .......... .......... .......... 14.9M
119600K .......... .......... .......... .......... ..........  112M
119650K .......... .......... .......... .......... .......... 14.4M
119700K .......... .......... .......... .......... ..........  131M
119750K .......... .......... .......... .......... .......... 15.0M
119800K .......... .......... .......... .......... .......... 24.0M
119850K .......... .......... .......... .......... .......... 24.9M
119900K .......... .......... .......... .......... .......... 27.6M
119950K .......... .......... .......... .......... .......... 22.7M
120000K .......... .......... .......... .......... .......... 30.7M
120050K .......... .......... .......... .......... .......... 23.1M
120100K .......... .......... .......... .......... .......... 30.1M
120150K .......... .......... .......... .......... .......... 20.7M
120200K .......... .......... .......... .......... .......... 35.9M
120250K .......... .......... .......... .......... .......... 20.8M
120300K .......... .......... .......... .......... .......... 36.1M
120350K .......... .......... .......... .......... .......... 52.7M
120400K .......... .......... .......... .......... .......... 18.5M
120450K .......... .......... .......... .......... .......... 36.4M
120500K .......... .......... .......... .......... .......... 20.3M
120550K .......... .......... .......... .......... .......... 45.4M
120600K .......... .......... .......... .......... .......... 16.3M
120650K .......... .......... .......... .......... .......... 56.3M
120700K .......... .......... .......... .......... .......... 13.8M
120750K .......... .......... .......... .......... ..........  195M
120800K .......... .......... .......... .......... .......... 20.0M
120850K .......... .......... .......... .......... .......... 36.6M
120900K .......... .......... .......... .......... .......... 21.2M
120950K .......... .......... .......... .......... .......... 29.2M
121000K .......... .......... .......... .......... .......... 52.7M
121050K .......... .......... .......... .......... .......... 18.0M
121100K .......... .......... .......... .......... .......... 42.6M
121150K .......... .......... .......... .......... .......... 14.0M
121200K .......... .......... .......... .......... ..........  137M
121250K .......... .......... .......... .......... .......... 28.6M
121300K .......... .......... .......... .......... .......... 21.8M
121350K .......... .......... .......... .......... ..........  147M
121400K .......... .......... .......... .......... .......... 15.2M
121450K .......... .......... .......... .......... .......... 71.0M
121500K .......... .......... .......... .......... .......... 14.1M
121550K .......... .......... .......... .......... ..........  147M
121600K .......... .......... .......... .......... .......... 22.2M
121650K .......... .......... .......... .......... .......... 27.9M
121700K .......... .......... .......... .......... ..........  160M
121750K .......... .......... .......... .......... .......... 15.0M
121800K .......... .......... .......... .......... .......... 72.2M
121850K .......... .......... .......... .......... .......... 13.2M
121900K .......... .......... .......... .......... ..........  203M
121950K .......... .......... .......... .......... .......... 24.5M
122000K .......... .......... .......... .......... .......... 26.3M
122050K .......... .......... .......... .......... .......... 71.7M
122100K .......... .......... .......... .......... .......... 16.8M
122150K .......... .......... .......... .......... .......... 70.4M
122200K .......... .......... .......... .......... .......... 15.9M
122250K .......... .......... .......... .......... ..........  133M
122300K .......... .......... .......... .......... .......... 45.7M
122350K .......... .......... .......... .......... .......... 18.1M
122400K .......... .......... .......... .......... ..........  219M
122450K .......... .......... .......... .......... .......... 15.8M
122500K .......... .......... .......... .......... .......... 93.5M
122550K .......... .......... .......... .......... .......... 16.9M
122600K .......... .......... .......... .......... .......... 63.1M
122650K .......... .......... .......... .......... .......... 55.1M
122700K .......... .......... .......... .......... .......... 16.4M
122750K .......... .......... .......... .......... ..........  247M
122800K .......... .......... .......... .......... .......... 20.0M
122850K .......... .......... .......... .......... .......... 38.1M
122900K .......... .......... .......... .......... .......... 37.4M
122950K .......... .......... .......... .......... .......... 19.5M
123000K .......... .......... .......... .......... .......... 40.4M
123050K .......... .......... .......... .......... .......... 45.5M
123100K .......... .......... .......... .......... .......... 29.0M
123150K .......... .......... .......... .......... .......... 25.1M
123200K .......... .......... .......... .......... .......... 29.4M
123250K .......... .......... .......... .......... .......... 42.9M
123300K .......... .......... .......... .......... .......... 21.2M
123350K .......... .......... .......... .......... .......... 35.7M
123400K .......... .......... .......... .......... .......... 72.9M
123450K .......... .......... .......... .......... .......... 21.9M
123500K .......... .......... .......... .......... .......... 40.5M
123550K .......... .......... .......... .......... .......... 27.9M
123600K .......... .......... .......... .......... .......... 24.9M
123650K .......... .......... .......... .......... .......... 31.6M
123700K .......... .......... .......... .......... .......... 63.3M
123750K .......... .......... .......... .......... .......... 31.4M
123800K .......... .......... .......... .......... .......... 24.7M
123850K .......... .......... .......... .......... .......... 28.0M
123900K .......... .......... .......... .......... .......... 30.6M
123950K .......... .......... .......... .......... .......... 96.8M
124000K .......... .......... .......... .......... .......... 27.0M
124050K .......... .......... .......... .......... .......... 31.9M
124100K .......... .......... .......... .......... .......... 27.0M
124150K .......... .......... .......... .......... .......... 24.7M
124200K .......... .......... .......... .......... .......... 96.0M
124250K .......... .......... .......... .......... .......... 28.2M
124300K .......... .......... .......... .......... .......... 24.0M
124350K .......... .......... .......... .......... .......... 28.5M
124400K .......... .......... .......... .......... .......... 37.9M
124450K .......... .......... .......... .......... .......... 50.6M
124500K .......... .......... .......... .......... .......... 20.6M
124550K .......... .......... .......... .......... .......... 31.1M
124600K .......... .......... .......... .......... .......... 22.7M
124650K .......... .......... .......... .......... ..........  208M
124700K .......... .......... .......... .......... .......... 31.9M
124750K .......... .......... .......... .......... .......... 24.6M
124800K .......... .......... .......... .......... ..........  125M
124850K .......... .......... .......... .......... .......... 31.8M
124900K .......... .......... .......... .......... .......... 21.6M
124950K .......... .......... .......... .......... .......... 31.6M
125000K .......... .......... .......... .......... .......... 33.7M
125050K .......... .......... .......... .......... .......... 55.3M
125100K .......... .......... .......... .......... .......... 29.6M
125150K .......... .......... .......... .......... .......... 24.0M
125200K .......... .......... .......... .......... .......... 28.0M
125250K .......... .......... .......... .......... .......... 40.1M
125300K .......... .......... .......... .......... .......... 54.5M
125350K .......... .......... .......... .......... .......... 29.2M
125400K .......... .......... .......... .......... .......... 41.7M
125450K .......... .......... .......... .......... .......... 48.9M
125500K .......... .......... .......... .......... .......... 25.3M
125550K .......... .......... .......... .......... .......... 26.2M
125600K .......... .......... .......... .......... .......... 74.3M
125650K .......... .......... .......... .......... .......... 29.4M
125700K .......... .......... .......... .......... .......... 22.4M
125750K .......... .......... .......... .......... .......... 50.4M
125800K .......... .......... .......... .......... .......... 23.9M
125850K .......... .......... .......... .......... .......... 51.3M
125900K .......... .......... .......... .......... .......... 32.0M
125950K .......... .......... .......... .......... .......... 41.4M
126000K .......... .......... .......... .......... .......... 18.1M
126050K .......... .......... .......... .......... ..........  405M
126100K .......... .......... .......... .......... .......... 11.7M
126150K .......... .......... .......... .......... ..........  625M
126200K .......... .......... .......... .......... .......... 30.1M
126250K .......... .......... .......... .......... .......... 22.3M
126300K .......... .......... .......... .......... .......... 26.8M
126350K .......... .......... .......... .......... .......... 25.4M
126400K .......... .......... .......... .......... .......... 31.4M
126450K .......... .......... .......... .......... .......... 14.8M
126500K .......... .......... .......... .......... .......... 82.5M
126550K .......... .......... .......... .......... .......... 16.0M
126600K .......... .......... .......... .......... .......... 78.8M
126650K .......... .......... .......... .......... .......... 16.3M
126700K .......... .......... .......... .......... .......... 20.8M
126750K .......... .......... .......... .......... .......... 37.4M
126800K .......... .......... .......... .......... .......... 21.1M
126850K .......... .......... .......... .......... .......... 24.2M
126900K .......... .......... .......... .......... .......... 30.4M
126950K .......... .......... .......... .......... .......... 18.9M
127000K .......... .......... .......... .......... .......... 30.4M
127050K .......... .......... .......... .......... .......... 23.5M
127100K .......... .......... .......... .......... .......... 30.6M
127150K .......... .......... .......... .......... .......... 20.4M
127200K .......... .......... .......... .......... .......... 36.1M
127250K .......... .......... .......... .......... .......... 17.8M
127300K .......... .......... .......... .......... .......... 41.3M
127350K .......... .......... .......... .......... .......... 14.5M
127400K .......... .......... .......... .......... ..........  137M
127450K .......... .......... .......... .......... .......... 14.6M
127500K .......... .......... .......... .......... .......... 45.8M
127550K .......... .......... .......... .......... .......... 29.1M
127600K .......... .......... .......... .......... ..........  198K
127650K .......... .......... .......... .......... .......... 4.60M
127700K .......... .......... .......... .......... .......... 12.9M
127750K .......... .......... .......... .......... .......... 14.6M
127800K .......... .......... .......... .......... ..........  107M
127850K .......... .......... .......... .......... .......... 13.6M
127900K .......... .......... .......... .......... .......... 14.3M
127950K .......... .......... .......... .......... .......... 14.4M
128000K .......... .......... .......... .......... .......... 70.2M
128050K .......... .......... .......... .......... .......... 11.7M
128100K .......... .......... .......... .......... .......... 19.7M
128150K .......... .......... .......... .......... .......... 33.8M
128200K .......... .......... .......... .......... .......... 13.6M
128250K .......... .......... .......... .......... .......... 22.6M
128300K .......... .......... .......... .......... .......... 27.2M
128350K .......... .......... .......... .......... .......... 13.5M
128400K .......... .......... .......... .......... .......... 27.2M
128450K .......... .......... .......... .......... .......... 14.0M
128500K .......... .......... .......... .......... .......... 23.3M
128550K .......... .......... .......... .......... .......... 13.9M
128600K .......... .......... .......... .......... .......... 20.9M
128650K .......... .......... .......... .......... .......... 30.7M
128700K .......... .......... .......... .......... .......... 13.7M
128750K .......... .......... .......... .......... ..........  121M
128800K .......... .......... .......... .......... .......... 13.6M
128850K .......... .......... .......... .......... .......... 26.8M
128900K .......... .......... .......... .......... .......... 13.7M
128950K .......... .......... .......... .......... .......... 24.0M
129000K .......... .......... .......... .......... .......... 27.6M
129050K .......... .......... .......... .......... .......... 23.7M
129100K .......... .......... .......... .......... .......... 14.0M
129150K .......... .......... .......... .......... .......... 25.5M
129200K .......... .......... .......... .......... .......... 25.0M
129250K .......... .......... .......... .......... .......... 24.5M
129300K .......... .......... .......... .......... .......... 28.1M
129350K .......... .......... .......... .......... .......... 14.8M
129400K .......... .......... .......... .......... .......... 28.3M
129450K .......... .......... .......... .......... .......... 21.3M
129500K .......... .......... .......... .......... .......... 22.9M
129550K .......... .......... .......... .......... .......... 28.4M
129600K .......... .......... .......... .......... .......... 24.2M
129650K .......... .......... .......... .......... .......... 26.2M
129700K .......... .......... .......... .......... .......... 13.6M
129750K .......... .......... .......... .......... .......... 29.7M
129800K .......... .......... .......... .......... .......... 23.4M
129850K .......... .......... .......... .......... .......... 14.6M
129900K .......... .......... .......... .......... ..........  107M
129950K .......... .......... .......... .......... .......... 14.3M
130000K .......... .......... .......... .......... ..........  142M
130050K .......... .......... .......... .......... .......... 14.4M
130100K .......... .......... .......... .......... .......... 35.0M
130150K .......... .......... .......... .......... .......... 17.7M
130200K .......... .......... .......... .......... .......... 55.4M
130250K .......... .......... .......... .......... .......... 17.0M
130300K .......... .......... .......... .......... .......... 21.9M
130350K .......... .......... .......... .......... .......... 20.7M
130400K .......... .......... .......... .......... .......... 19.7M
130450K .......... .......... .......... .......... .......... 36.6M
130500K .......... .......... .......... .......... .......... 17.3M
130550K .......... .......... .......... .......... .......... 51.9M
130600K .......... .......... .......... .......... .......... 17.3M
130650K .......... .......... .......... .......... .......... 31.5M
130700K .......... .......... .......... .......... .......... 16.4M
130750K .......... .......... .......... .......... .......... 58.0M
130800K .......... .......... .......... .......... .......... 15.9M
130850K .......... .......... .......... .......... .......... 32.1M
130900K .......... .......... .......... .......... .......... 21.8M
130950K .......... .......... .......... .......... .......... 37.5M
131000K .......... .......... .......... .......... .......... 16.3M
131050K .......... .......... .......... .......... .......... 66.3M
131100K .......... .......... .......... .......... .......... 16.0M
131150K .......... .......... .......... .......... .......... 59.2M
131200K .......... .......... .......... .......... .......... 16.3M
131250K .......... .......... .......... .......... .......... 54.3M
131300K .......... .......... .......... .......... .......... 14.2M
131350K .......... .......... .......... .......... ..........  149M
131400K .......... .......... .......... .......... .......... 14.5M
131450K .......... .......... .......... .......... ..........  120M
131500K .......... .......... .......... .......... .......... 13.8M
131550K .......... .......... .......... .......... ..........  116M
131600K .......... .......... .......... .......... .......... 14.1M
131650K .......... .......... .......... .......... ..........  154M
131700K .......... .......... .......... .......... .......... 13.4M
131750K .......... .......... .......... .......... ..........  160M
131800K .......... .......... .......... .......... .......... 14.7M
131850K .......... .......... .......... .......... .......... 96.3M
131900K .......... .......... .......... .......... .......... 16.0M
131950K .......... .......... .......... .......... .......... 58.1M
132000K .......... .......... .......... .......... .......... 26.9M
132050K .......... .......... .......... .......... .......... 25.6M
132100K .......... .......... .......... .......... .......... 27.3M
132150K .......... .......... .......... .......... .......... 23.8M
132200K .......... .......... .......... .......... .......... 29.6M
132250K .......... .......... .......... .......... .......... 22.7M
132300K .......... .......... .......... .......... .......... 32.7M
132350K .......... .......... .......... .......... .......... 20.2M
132400K .......... .......... .......... .......... .......... 60.3M
132450K .......... .......... .......... .......... .......... 10.6M
132500K .......... .......... .......... .......... ..........  189M
132550K .......... .......... .......... .......... .......... 14.6M
132600K .......... .......... .......... .......... ..........  178M
132650K .......... .......... .......... .......... .......... 41.2M
132700K .......... .......... .......... .......... .......... 17.5M
132750K .......... .......... .......... .......... ..........  178M
132800K .......... .......... .......... .......... .......... 14.5M
132850K .......... .......... .......... .......... ..........  109M
132900K .......... .......... .......... .......... .......... 16.1M
132950K .......... .......... .......... .......... .......... 40.4M
133000K .......... .......... .......... .......... .......... 15.4M
133050K .......... .......... .......... .......... .......... 89.6M
133100K .......... .......... .......... .......... .......... 20.4M
133150K .......... .......... .......... .......... .......... 31.7M
133200K .......... .......... .......... .......... .......... 24.2M
133250K .......... .......... .......... .......... .......... 27.3M
133300K .......... .......... .......... .......... ..........  154M
133350K .......... .......... .......... .......... .......... 13.6M
133400K .......... .......... .......... .......... ..........  191M
133450K .......... .......... .......... .......... .......... 18.7M
133500K .......... .......... .......... .......... .......... 36.7M
133550K .......... .......... .......... .......... .......... 48.4M
133600K .......... .......... .......... .......... .......... 17.4M
133650K .......... .......... .......... .......... .......... 54.5M
133700K .......... .......... .......... .......... .......... 15.9M
133750K .......... .......... .......... .......... ..........  219M
133800K .......... .......... .......... .......... .......... 18.2M
133850K .......... .......... .......... .......... .......... 49.3M
133900K .......... .......... .......... .......... ..........  102M
133950K .......... .......... .......... .......... .......... 15.0M
134000K .......... .......... .......... .......... ..........  108M
134050K .......... .......... .......... .......... .......... 22.4M
134100K .......... .......... .......... .......... .......... 35.3M
134150K .......... .......... .......... .......... .......... 39.8M
134200K .......... .......... .......... .......... .......... 19.9M
134250K .......... .......... .......... .......... .......... 41.6M
134300K .......... .......... .......... .......... .......... 20.9M
134350K .......... .......... .......... .......... ..........  176M
134400K .......... .......... .......... .......... .......... 25.3M
134450K .......... .......... .......... .......... .......... 27.3M
134500K .......... .......... .......... .......... .......... 35.4M
134550K .......... .......... .......... .......... .......... 19.8M
134600K .......... .......... .......... .......... .......... 37.5M
134650K .......... .......... .......... .......... .......... 20.7M
134700K .......... .......... .......... .......... ..........  164M
134750K .......... .......... .......... .......... .......... 37.9M
134800K .......... .......... .......... .......... .......... 20.5M
134850K .......... .......... .......... .......... .......... 20.8M
134900K .......... .......... .......... .......... .......... 31.4M
134950K .......... .......... .......... .......... ..........  252M
135000K .......... .......... .......... .......... .......... 24.7M
135050K .......... .......... .......... .......... .......... 31.5M
135100K .......... .......... .......... .......... .......... 24.9M
135150K .......... .......... .......... .......... .......... 29.5M
135200K .......... .......... .......... .......... ..........  114M
135250K .......... .......... .......... .......... .......... 23.2M
135300K .......... .......... .......... .......... .......... 28.7M
135350K .......... .......... .......... .......... .......... 40.2M
135400K .......... .......... .......... .......... .......... 29.2M
135450K .......... .......... .......... .......... .......... 44.4M
135500K .......... .......... .......... .......... .......... 24.9M
135550K .......... .......... .......... .......... .......... 29.8M
135600K .......... .......... .......... .......... .......... 24.5M
135650K .......... .......... .......... .......... ..........  105M
135700K .......... .......... .......... .......... .......... 29.1M
135750K .......... .......... .......... .......... .......... 25.1M
135800K .......... .......... .......... .......... .......... 31.6M
135850K .......... .......... .......... .......... .......... 48.0M
135900K .......... .......... .......... .......... .......... 21.2M
135950K .......... .......... .......... .......... .......... 31.0M
136000K .......... .......... .......... .......... .......... 53.1M
136050K .......... .......... .......... .......... .......... 34.4M
136100K .......... .......... .......... .......... .......... 32.8M
136150K .......... .......... .......... .......... .......... 23.0M
136200K .......... .......... .......... .......... .......... 48.9M
136250K .......... .......... .......... .......... .......... 31.5M
136300K .......... .......... .......... .......... .......... 31.6M
136350K .......... .......... .......... .......... .......... 21.5M
136400K .......... .......... .......... .......... ..........  213K
136450K .......... .......... .......... .......... .......... 11.3M
136500K .......... .......... .......... .......... .......... 17.4M
136550K .......... .......... .......... .......... ..........  140M
136600K .......... .......... .......... .......... .......... 14.7M
136650K .......... .......... .......... .......... ..........  144M
136700K .......... .......... .......... .......... .......... 13.8M
136750K .......... .......... .......... .......... ..........  148M
136800K .......... .......... .......... .......... .......... 13.6M
136850K .......... .......... .......... .......... ..........  133M
136900K .......... .......... .......... .......... .......... 14.4M
136950K .......... .......... .......... .......... .......... 21.3M
137000K .......... .......... .......... .......... .......... 27.3M
137050K .......... .......... .......... .......... .......... 14.4M
137100K .......... .......... .......... .......... ..........  134M
137150K .......... .......... .......... .......... .......... 14.2M
137200K .......... .......... .......... .......... .......... 99.3M
137250K .......... .......... .......... .......... .......... 13.7M
137300K .......... .......... .......... .......... ..........  115M
137350K .......... .......... .......... .......... .......... 14.2M
137400K .......... .......... .......... .......... ..........  155M
137450K .......... .......... .......... .......... .......... 14.0M
137500K .......... .......... .......... .......... .......... 67.0M
137550K .......... .......... .......... .......... .......... 15.0M
137600K .......... .......... .......... .......... .......... 97.8M
137650K .......... .......... .......... .......... .......... 14.8M
137700K .......... .......... .......... .......... .......... 97.8M
137750K .......... .......... .......... .......... .......... 14.8M
137800K .......... .......... .......... .......... .......... 74.4M
137850K .......... .......... .......... .......... .......... 14.8M
137900K .......... .......... .......... .......... ..........  121M
137950K .......... .......... .......... .......... .......... 14.6M
138000K .......... .......... .......... .......... .......... 56.6M
138050K .......... .......... .......... .......... .......... 17.7M
138100K .......... .......... .......... .......... .......... 53.9M
138150K .......... .......... .......... .......... .......... 14.8M
138200K .......... .......... .......... .......... .......... 96.3M
138250K .......... .......... .......... .......... .......... 13.2M
138300K .......... .......... .......... .......... .......... 44.7M
138350K .......... .......... .......... .......... .......... 17.7M
138400K .......... .......... .......... .......... .......... 48.9M
138450K .......... .......... .......... .......... .......... 22.3M
138500K .......... .......... .......... .......... .......... 20.9M
138550K .......... .......... .......... .......... ..........  373M
138600K .......... .......... .......... .......... .......... 13.3M
138650K .......... .......... .......... .......... ..........  159M
138700K .......... .......... .......... .......... .......... 8.10M
138750K .......... .......... .......... .......... ..........  434M
138800K .......... .......... .......... .......... .......... 27.1M
138850K .......... .......... .......... .......... .......... 13.3M
138900K .......... .......... .......... .......... ..........  124M
138950K .......... .......... .......... .......... .......... 13.4M
139000K .......... .......... .......... .......... .......... 13.3M
139050K .......... .......... .......... .......... ..........  155M
139100K .......... .......... .......... .......... .......... 10.9M
139150K .......... .......... .......... .......... .......... 13.8M
139200K .......... .......... .......... .......... ..........  132M
139250K .......... .......... .......... .......... .......... 13.9M
139300K .......... .......... .......... .......... .......... 31.3M
139350K .......... .......... .......... .......... .......... 20.5M
139400K .......... .......... .......... .......... .......... 13.5M
139450K .......... .......... .......... .......... .......... 46.0M
139500K .......... .......... .......... .......... .......... 16.8M
139550K .......... .......... .......... .......... .......... 13.9M
139600K .......... .......... .......... .......... .......... 49.4M
139650K .......... .......... .......... .......... .......... 13.0M
139700K .......... .......... .......... .......... .......... 18.1M
139750K .......... .......... .......... .......... .......... 41.4M
139800K .......... .......... .......... .......... .......... 14.0M
139850K .......... .......... .......... .......... .......... 54.4M
139900K .......... .......... .......... .......... .......... 15.5M
139950K .......... .......... .......... .......... .......... 15.7M
140000K .......... .......... .......... .......... .......... 42.0M
140050K .......... .......... .......... .......... .......... 16.2M
140100K .......... .......... .......... .......... .......... 50.7M
140150K .......... .......... .......... .......... .......... 13.3M
140200K .......... .......... .......... .......... .......... 14.3M
140250K .......... .......... .......... .......... .......... 51.8M
140300K .......... .......... .......... .......... .......... 13.3M
140350K .......... .......... .......... .......... ..........  161M
140400K .......... .......... .......... .......... .......... 14.2M
140450K .......... .......... .......... .......... ..........  109M
140500K .......... .......... .......... .......... .......... 13.9M
140550K .......... .......... .......... .......... .......... 24.8M
140600K .......... .......... .......... .......... .......... 29.5M
140650K .......... .......... .......... .......... .......... 15.3M
140700K .......... .......... .......... .......... .......... 69.9M
140750K .......... .......... .......... .......... .......... 16.5M
140800K .......... .......... .......... .......... .......... 49.3M
140850K .......... .......... .......... .......... .......... 14.1M
140900K .......... .......... .......... .......... ..........  151M
140950K .......... .......... .......... .......... .......... 14.3M
141000K .......... .......... .......... .......... .......... 40.5M
141050K .......... .......... .......... .......... .......... 19.6M
141100K .......... .......... .......... .......... .......... 39.8M
141150K .......... .......... .......... .......... .......... 17.9M
141200K .......... .......... .......... .......... .......... 22.3M
141250K .......... .......... .......... .......... .......... 31.0M
141300K .......... .......... .......... .......... .......... 25.0M
141350K .......... .......... .......... .......... .......... 19.1M
141400K .......... .......... .......... .......... .......... 23.6M
141450K .......... .......... .......... .......... .......... 26.6M
141500K .......... .......... .......... .......... .......... 28.7M
141550K .......... .......... .......... .......... .......... 19.0M
141600K .......... .......... .......... .......... .......... 21.4M
141650K .......... .......... .......... .......... .......... 26.4M
141700K .......... .......... .......... .......... .......... 29.4M
141750K .......... .......... .......... .......... .......... 24.6M
141800K .......... .......... .......... .......... .......... 29.7M
141850K .......... .......... .......... .......... .......... 17.3M
141900K .......... .......... .......... .......... .......... 50.9M
141950K .......... .......... .......... .......... .......... 17.5M
142000K .......... .......... .......... .......... .......... 44.7M
142050K .......... .......... .......... .......... .......... 18.8M
142100K .......... .......... .......... .......... .......... 29.8M
142150K .......... .......... .......... .......... .......... 15.7M
142200K .......... .......... .......... .......... .......... 71.6M
142250K .......... .......... .......... .......... .......... 15.5M
142300K .......... .......... .......... .......... .......... 35.5M
142350K .......... .......... .......... .......... .......... 16.7M
142400K .......... .......... .......... .......... .......... 57.3M
142450K .......... .......... .......... .......... .......... 23.9M
142500K .......... .......... .......... .......... .......... 26.4M
142550K .......... .......... .......... .......... .......... 28.2M
142600K .......... .......... .......... .......... .......... 23.8M
142650K .......... .......... .......... .......... .......... 32.3M
142700K .......... .......... .......... .......... .......... 22.3M
142750K .......... .......... .......... .......... .......... 65.0M
142800K .......... .......... .......... .......... .......... 13.5M
142850K .......... .......... .......... .......... ..........  142M
142900K .......... .......... .......... .......... .......... 14.3M
142950K .......... .......... .......... .......... .......... 68.4M
143000K .......... .......... .......... .......... .......... 15.4M
143050K .......... .......... .......... .......... .......... 83.2M
143100K .......... .......... .......... .......... .......... 16.4M
143150K .......... .......... .......... .......... .......... 53.0M
143200K .......... .......... .......... .......... .......... 52.5M
143250K .......... .......... .......... .......... .......... 17.2M
143300K .......... .......... .......... .......... .......... 62.5M
143350K .......... .......... .......... .......... .......... 16.3M
143400K .......... .......... .......... .......... .......... 68.4M
143450K .......... .......... .......... .......... .......... 16.8M
143500K .......... .......... .......... .......... .......... 47.0M
143550K .......... .......... .......... .......... .......... 20.8M
143600K .......... .......... .......... .......... .......... 33.0M
143650K .......... .......... .......... .......... .......... 22.6M
143700K .......... .......... .......... .......... .......... 29.4M
143750K .......... .......... .......... .......... ..........  119M
143800K .......... .......... .......... .......... .......... 13.9M
143850K .......... .......... .......... .......... ..........  116M
143900K .......... .......... .......... .......... .......... 13.3M
143950K .......... .......... .......... .......... ..........  143M
144000K .......... .......... .......... .......... .......... 22.4M
144050K .......... .......... .......... .......... .......... 36.1M
144100K .......... .......... .......... .......... .......... 20.2M
144150K .......... .......... .......... .......... .......... 23.3M
144200K .......... .......... .......... .......... ..........  142M
144250K .......... .......... .......... .......... .......... 20.4M
144300K .......... .......... .......... .......... .......... 30.7M
144350K .......... .......... .......... .......... .......... 49.3M
144400K .......... .......... .......... .......... .......... 20.1M
144450K .......... .......... .......... .......... .......... 36.4M
144500K .......... .......... .......... .......... .......... 21.7M
144550K .......... .......... .......... .......... .......... 31.7M
144600K .......... .......... .......... .......... .......... 14.0M
144650K .......... .......... .......... .......... ..........  114M
144700K .......... .......... .......... .......... ..........  188M
144750K .......... .......... .......... .......... .......... 15.6M
144800K .......... .......... .......... .......... .......... 42.4M
144850K .......... .......... .......... .......... .......... 19.7M
144900K .......... .......... .......... .......... .......... 34.8M
144950K .......... .......... .......... .......... ..........  139M
145000K .......... .......... .......... .......... .......... 13.9M
145050K .......... .......... .......... .......... ..........  190M
145100K .......... .......... .......... .......... .......... 24.2M
145150K .......... .......... .......... .......... .......... 28.0M
145200K .......... .......... .......... .......... .......... 37.7M
145250K .......... .......... .......... .......... .......... 19.1M
145300K .......... .......... .......... .......... ..........  126M
145350K .......... .......... .......... .......... .......... 31.8M
145400K .......... .......... .......... .......... .......... 22.3M
145450K .......... .......... .......... .......... .......... 37.1M
145500K .......... .......... .......... .......... .......... 22.1M
145550K .......... .......... .......... .......... ..........  111M
145600K .......... .......... .......... .......... .......... 26.9M
145650K .......... .......... .......... .......... .......... 25.4M
145700K .......... .......... .......... .......... .......... 62.9M
145750K .......... .......... .......... .......... .......... 20.3M
145800K .......... .......... .......... .......... .......... 39.7M
145850K .......... .......... .......... .......... .......... 39.9M
145900K .......... .......... .......... .......... .......... 24.1M
145950K .......... .......... .......... .......... .......... 28.7M
146000K .......... .......... .......... .......... .......... 22.9M
146050K .......... .......... .......... .......... ..........  183M
146100K .......... .......... .......... .......... .......... 20.2M
146150K .......... .......... .......... .......... .......... 31.5M
146200K .......... .......... .......... .......... .......... 38.8M
146250K .......... .......... .......... .......... .......... 18.2M
146300K .......... .......... .......... .......... ..........  337M
146350K .......... .......... .......... .......... .......... 11.1M
146400K .......... .......... .......... .......... ..........  345M
146450K .......... .......... .......... .......... .......... 14.0M
146500K .......... .......... .......... .......... ..........  113M
146550K .......... .......... .......... .......... .......... 14.5M
146600K .......... .......... .......... .......... .......... 31.3M
146650K .......... .......... .......... .......... .......... 21.5M
146700K .......... .......... .......... .......... .......... 33.0M
146750K .......... .......... .......... .......... .......... 21.8M
146800K .......... .......... .......... .......... .......... 14.4M
146850K .......... .......... .......... .......... .......... 28.6M
146900K .......... .......... .......... .......... .......... 25.0M
146950K .......... .......... .......... .......... .......... 26.4M
147000K .......... .......... .......... .......... .......... 22.5M
147050K .......... .......... .......... .......... .......... 33.9M
147100K .......... .......... .......... .......... .......... 21.2M
147150K .......... .......... .......... .......... .......... 30.5M
147200K .......... .......... .......... .......... .......... 23.2M
147250K .......... .......... .......... .......... .......... 15.9M
147300K .......... .......... .......... .......... .......... 29.9M
147350K .......... .......... .......... .......... .......... 18.0M
147400K .......... .......... .......... .......... .......... 54.4M
147450K .......... .......... .......... .......... .......... 16.8M
147500K .......... .......... .......... .......... .......... 49.8M
147550K .......... .......... .......... .......... .......... 17.4M
147600K .......... .......... .......... .......... .......... 50.1M
147650K .......... .......... .......... .......... .......... 12.2M
147700K .......... .......... .......... .......... ..........  387M
147750K .......... .......... .......... .......... .......... 13.1M
147800K .......... .......... .......... .......... .......... 6.88M
147850K .......... .......... .......... .......... ..........  296M
147900K .......... .......... .......... .......... .......... 76.0M
147950K .......... .......... .......... .......... .......... 13.9M
148000K .......... .......... .......... .......... .......... 62.2M
148050K .......... .......... .......... .......... .......... 15.5M
148100K .......... .......... .......... .......... .......... 13.4M
148150K .......... .......... .......... .......... .......... 22.7M
148200K .......... .......... .......... .......... .......... 21.5M
148250K .......... .......... .......... .......... .......... 13.9M
148300K .......... .......... .......... .......... .......... 13.3M
148350K .......... .......... .......... .......... ..........  137M
148400K .......... .......... .......... .......... .......... 13.4M
148450K .......... .......... .......... .......... .......... 13.5M
148500K .......... .......... .......... .......... .......... 13.3M
148550K .......... .......... .......... .......... .......... 60.5M
148600K .......... .......... .......... .......... .......... 13.7M
148650K .......... .......... .......... .......... .......... 13.2M
148700K .......... .......... .......... .......... ..........  149M
148750K .......... .......... .......... .......... .......... 13.7M
148800K .......... .......... .......... .......... .......... 13.6M
148850K .......... .......... .......... .......... ..........  103M
148900K .......... .......... .......... .......... .......... 13.7M
148950K .......... .......... .......... .......... .......... 13.3M
149000K .......... .......... .......... .......... .......... 64.8M
149050K .......... .......... .......... .......... .......... 15.6M
149100K .......... .......... .......... .......... .......... 14.0M
149150K .......... .......... .......... .......... .......... 49.8M
149200K .......... .......... .......... .......... .......... 13.5M
149250K .......... .......... .......... .......... .......... 13.5M
149300K .......... .......... .......... .......... ..........  166M
149350K .......... .......... .......... .......... .......... 13.5M
149400K .......... .......... .......... .......... .......... 17.5M
149450K .......... .......... .......... .......... .......... 40.4M
149500K .......... .......... .......... .......... .......... 13.9M
149550K .......... .......... .......... .......... ..........  166M
149600K .......... .......... .......... .......... .......... 13.0M
149650K .......... .......... .......... .......... .......... 13.6M
149700K .......... .......... .......... .......... .......... 22.6M
149750K .......... .......... .......... .......... .......... 30.8M
149800K .......... .......... .......... .......... .......... 20.7M
149850K .......... .......... .......... .......... .......... 28.8M
149900K .......... .......... .......... .......... .......... 16.3M
149950K .......... .......... .......... .......... .......... 19.7M
150000K .......... .......... .......... .......... .......... 14.8M
150050K .......... .......... .......... .......... .......... 70.6M
150100K .......... .......... .......... .......... .......... 16.1M
150150K .......... .......... .......... .......... .......... 25.2M
150200K .......... .......... .......... .......... .......... 20.1M
150250K .......... .......... .......... .......... .......... 38.9M
150300K .......... .......... .......... .......... .......... 20.4M
150350K .......... .......... .......... .......... .......... 13.6M
150400K .......... .......... .......... .......... ..........  166M
150450K .......... .......... .......... .......... .......... 14.1M
150500K .......... .......... .......... .......... .......... 37.7M
150550K .......... .......... .......... .......... .......... 20.2M
150600K .......... .......... .......... .......... .......... 31.5M
150650K .......... .......... .......... .......... .......... 20.4M
150700K .......... .......... .......... .......... .......... 35.2M
150750K .......... .......... .......... .......... .......... 20.7M
150800K .......... .......... .......... .......... .......... 15.0M
150850K .......... .......... .......... .......... .......... 28.5M
150900K .......... .......... .......... .......... .......... 24.7M
150950K .......... .......... .......... .......... .......... 26.9M
151000K .......... .......... .......... .......... .......... 20.0M
151050K .......... .......... .......... .......... .......... 41.3M
151100K .......... .......... .......... .......... .......... 19.5M
151150K .......... .......... .......... .......... .......... 23.5M
151200K .......... .......... .......... .......... .......... 28.2M
151250K .......... .......... .......... .......... .......... 23.7M
151300K .......... .......... .......... .......... .......... 26.4M
151350K .......... .......... .......... .......... .......... 14.2M
151400K .......... .......... .......... .......... ..........  184M
151450K .......... .......... .......... .......... .......... 14.2M
151500K .......... .......... .......... .......... ..........  164M
151550K .......... .......... .......... .......... .......... 14.3M
151600K .......... .......... .......... .......... .......... 35.4M
151650K .......... .......... .......... .......... .......... 20.2M
151700K .......... .......... .......... .......... .......... 42.6M
151750K .......... .......... .......... .......... .......... 14.8M
151800K .......... .......... .......... .......... .......... 37.6M
151850K .......... .......... .......... .......... .......... 21.2M
151900K .......... .......... .......... .......... .......... 35.3M
151950K .......... .......... .......... .......... .......... 21.9M
152000K .......... .......... .......... .......... .......... 31.2M
152050K .......... .......... .......... .......... .......... 23.0M
152100K .......... .......... .......... .......... .......... 37.7M
152150K .......... .......... .......... .......... .......... 20.6M
152200K .......... .......... .......... .......... .......... 32.5M
152250K .......... .......... .......... .......... .......... 22.6M
152300K .......... .......... .......... .......... .......... 27.7M
152350K .......... .......... .......... .......... .......... 25.9M
152400K .......... .......... .......... .......... .......... 26.1M
152450K .......... .......... .......... .......... .......... 29.3M
152500K .......... .......... .......... .......... .......... 20.3M
152550K .......... .......... .......... .......... .......... 44.7M
152600K .......... .......... .......... .......... .......... 18.1M
152650K .......... .......... .......... .......... .......... 42.6M
152700K .......... .......... .......... .......... .......... 19.2M
152750K .......... .......... .......... .......... ..........  115M
152800K .......... .......... .......... .......... .......... 13.7M
152850K .......... .......... .......... .......... ..........  151M
152900K .......... .......... .......... .......... .......... 13.1M
152950K .......... .......... .......... .......... .......... 81.7M
153000K .......... .......... .......... .......... .......... 15.3M
153050K .......... .......... .......... .......... ..........  104M
153100K .......... .......... .......... .......... ..........  117M
153150K .......... .......... .......... .......... .......... 13.9M
153200K .......... .......... .......... .......... ..........  128M
153250K .......... .......... .......... .......... .......... 14.3M
153300K .......... .......... .......... .......... ..........  106M
153350K .......... .......... .......... .......... .......... 14.0M
153400K .......... .......... .......... .......... ..........  149M
153450K .......... .......... .......... .......... .......... 16.5M
153500K .......... .......... .......... .......... .......... 52.5M
153550K .......... .......... .......... .......... .......... 32.9M
153600K .......... .......... .......... .......... .......... 20.9M
153650K .......... .......... .......... .......... ..........  152M
153700K .......... .......... .......... .......... .......... 14.5M
153750K .......... .......... .......... .......... .......... 85.9M
153800K .......... .......... .......... .......... .......... 15.8M
153850K .......... .......... .......... .......... .......... 65.6M
153900K .......... .......... .......... .......... ..........  211K
153950K .......... .......... .......... .......... .......... 2.75M
154000K .......... .......... .......... .......... .......... 6.23M
154050K .......... .......... .......... .......... .......... 15.2M
154100K .......... .......... .......... .......... .......... 14.7M
154150K .......... .......... .......... .......... .......... 78.7M
154200K .......... .......... .......... .......... .......... 14.2M
154250K .......... .......... .......... .......... .......... 15.6M
154300K .......... .......... .......... .......... .......... 57.0M
154350K .......... .......... .......... .......... .......... 14.0M
154400K .......... .......... .......... .......... ..........  106M
154450K .......... .......... .......... .......... .......... 13.6M
154500K .......... .......... .......... .......... .......... 14.6M
154550K .......... .......... .......... .......... .......... 72.1M
154600K .......... .......... .......... .......... .......... 13.3M
154650K .......... .......... .......... .......... .......... 21.0M
154700K .......... .......... .......... .......... .......... 31.5M
154750K .......... .......... .......... .......... .......... 14.4M
154800K .......... .......... .......... .......... .......... 69.2M
154850K .......... .......... .......... .......... .......... 13.2M
154900K .......... .......... .......... .......... .......... 38.5M
154950K .......... .......... .......... .......... .......... 18.2M
155000K .......... .......... .......... .......... .......... 14.2M
155050K .......... .......... .......... .......... ..........  188M
155100K .......... .......... .......... .......... .......... 13.7M
155150K .......... .......... .......... .......... .......... 39.7M
155200K .......... .......... .......... .......... .......... 18.1M
155250K .......... .......... .......... .......... .......... 57.7M
155300K .......... .......... .......... .......... .......... 14.0M
155350K .......... .......... .......... .......... .......... 16.9M
155400K .......... .......... .......... .......... .......... 57.0M
155450K .......... .......... .......... .......... .......... 16.8M
155500K .......... .......... .......... .......... .......... 27.2M
155550K .......... .......... .......... .......... .......... 19.2M
155600K .......... .......... .......... .......... .......... 39.3M
155650K .......... .......... .......... .......... .......... 14.1M
155700K .......... .......... .......... .......... .......... 36.1M
155750K .......... .......... .......... .......... .......... 19.5M
155800K .......... .......... .......... .......... .......... 18.6M
155850K .......... .......... .......... .......... .......... 48.2M
155900K .......... .......... .......... .......... .......... 18.4M
155950K .......... .......... .......... .......... .......... 38.0M
156000K .......... .......... .......... .......... .......... 14.5M
156050K .......... .......... .......... .......... ..........  116M
156100K .......... .......... .......... .......... .......... 15.1M
156150K .......... .......... .......... .......... .......... 64.3M
156200K .......... .......... .......... .......... .......... 17.0M
156250K .......... .......... .......... .......... .......... 56.9M
156300K .......... .......... .......... .......... .......... 14.2M
156350K .......... .......... .......... .......... ..........  167M
156400K .......... .......... .......... .......... .......... 14.3M
156450K .......... .......... .......... .......... .......... 34.0M
156500K .......... .......... .......... .......... .......... 18.0M
156550K .......... .......... .......... .......... .......... 21.9M
156600K .......... .......... .......... .......... .......... 31.5M
156650K .......... .......... .......... .......... .......... 22.4M
156700K .......... .......... .......... .......... .......... 32.8M
156750K .......... .......... .......... .......... .......... 22.0M
156800K .......... .......... .......... .......... .......... 20.3M
156850K .......... .......... .......... .......... .......... 37.5M
156900K .......... .......... .......... .......... .......... 20.3M
156950K .......... .......... .......... .......... .......... 22.4M
157000K .......... .......... .......... .......... .......... 28.8M
157050K .......... .......... .......... .......... .......... 52.4M
157100K .......... .......... .......... .......... .......... 13.2M
157150K .......... .......... .......... .......... ..........  292M
157200K .......... .......... .......... .......... .......... 24.5M
157250K .......... .......... .......... .......... .......... 26.8M
157300K .......... .......... .......... .......... .......... 29.2M
157350K .......... .......... .......... .......... .......... 16.2M
157400K .......... .......... .......... .......... .......... 66.2M
157450K .......... .......... .......... .......... .......... 23.4M
157500K .......... .......... .......... .......... .......... 28.4M
157550K .......... .......... .......... .......... .......... 17.4M
157600K .......... .......... .......... .......... .......... 45.2M
157650K .......... .......... .......... .......... .......... 13.8M
157700K .......... .......... .......... .......... ..........  189M
157750K .......... .......... .......... .......... .......... 13.3M
157800K .......... .......... .......... .......... ..........  164M
157850K .......... .......... .......... .......... .......... 14.2M
157900K .......... .......... .......... .......... ..........  136M
157950K .......... .......... .......... .......... .......... 52.8M
158000K .......... .......... .......... .......... .......... 16.4M
158050K .......... .......... .......... .......... .......... 65.5M
158100K .......... .......... .......... .......... .......... 16.3M
158150K .......... .......... .......... .......... .......... 51.5M
158200K .......... .......... .......... .......... .......... 14.0M
158250K .......... .......... .......... .......... ..........  202M
158300K .......... .......... .......... .......... .......... 24.6M
158350K .......... .......... .......... .......... .......... 24.6M
158400K .......... .......... .......... .......... .......... 31.6M
158450K .......... .......... .......... .......... .......... 26.0M
158500K .......... .......... .......... .......... .......... 84.3M
158550K .......... .......... .......... .......... .......... 15.6M
158600K .......... .......... .......... .......... .......... 61.2M
158650K .......... .......... .......... .......... .......... 12.1M
158700K .......... .......... .......... .......... ..........  319M
158750K .......... .......... .......... .......... .......... 90.7M
158800K .......... .......... .......... .......... .......... 14.8M
158850K .......... .......... .......... .......... .......... 94.2M
158900K .......... .......... .......... .......... .......... 14.7M
158950K .......... .......... .......... .......... .......... 80.9M
159000K .......... .......... .......... .......... .......... 14.3M
159050K .......... .......... .......... .......... ..........  194M
159100K .......... .......... .......... .......... ..........  120M
159150K .......... .......... .......... .......... .......... 13.8M
159200K .......... .......... .......... .......... ..........  123M
159250K .......... .......... .......... .......... .......... 14.3M
159300K .......... .......... .......... .......... .......... 94.6M
159350K .......... .......... .......... .......... .......... 14.2M
159400K .......... .......... .......... .......... ..........  189M
159450K .......... .......... .......... .......... .......... 76.9M
159500K .......... .......... .......... .......... .......... 15.2M
159550K .......... .......... .......... .......... .......... 56.1M
159600K .......... .......... .......... .......... .......... 15.7M
159650K .......... .......... .......... .......... .......... 76.9M
159700K .......... .......... .......... .......... .......... 20.4M
159750K .......... .......... .......... .......... .......... 51.2M
159800K .......... .......... .......... .......... .......... 80.3M
159850K .......... .......... .......... .......... .......... 15.1M
159900K .......... .......... .......... .......... ..........  128M
159950K .......... .......... .......... .......... .......... 14.4M
160000K .......... .......... .......... .......... ..........  110M
160050K .......... .......... .......... .......... ..........  263M
160100K .......... .......... .......... .......... .......... 15.2M
160150K .......... .......... .......... .......... .......... 88.2M
160200K .......... .......... .......... .......... .......... 14.8M
160250K .......... .......... .......... .......... ..........  153M
160300K .......... .......... .......... .......... .......... 33.5M
160350K .......... .......... .......... .......... .......... 23.6M
160400K .......... .......... .......... .......... ..........  109M
160450K .......... .......... .......... .......... .......... 15.1M
160500K .......... .......... .......... .......... ..........  136M
160550K .......... .......... .......... .......... .......... 50.0M
160600K .......... .......... .......... .......... .......... 17.5M
160650K .......... .......... .......... .......... .......... 46.7M
160700K .......... .......... .......... .......... .......... 21.0M
160750K .......... .......... .......... .......... .......... 78.0M
160800K .......... .......... .......... .......... .......... 16.2M
160850K .......... .......... .......... .......... .......... 74.1M
160900K .......... .......... .......... .......... .......... 47.3M
160950K .......... .......... .......... .......... .......... 17.8M
161000K .......... .......... .......... .......... .......... 64.2M
161050K .......... .......... .......... .......... ..........  101M
161100K .......... .......... .......... .......... .......... 18.9M
161150K .......... .......... .......... .......... .......... 46.5M
161200K .......... .......... .......... .......... .......... 18.0M
161250K .......... .......... .......... .......... .......... 40.9M
161300K .......... .......... .......... .......... ..........  147M
161350K .......... .......... .......... .......... .......... 21.9M
161400K .......... .......... .......... .......... .......... 37.7M
161450K .......... .......... .......... .......... .......... 49.7M
161500K .......... .......... .......... .......... .......... 17.8M
161550K .......... .......... .......... .......... ..........  109M
161600K .......... .......... .......... .......... .......... 25.5M
161650K .......... .......... .......... .......... .......... 26.0M
161700K .......... .......... .......... .......... ..........  157M
161750K .......... .......... .......... .......... .......... 31.4M
161800K .......... .......... .......... .......... .......... 23.9M
161850K .......... .......... .......... .......... .......... 29.2M
161900K .......... .......... .......... .......... .......... 21.3M
161950K .......... .......... .......... .......... ..........  154M
162000K .......... .......... .......... .......... .......... 41.3M
162050K .......... .......... .......... .......... .......... 12.9M
162100K .......... .......... .......... .......... ..........  295M
162150K .......... .......... .......... .......... .......... 60.2M
162200K .......... .......... .......... .......... .......... 16.3M
162250K .......... .......... .......... .......... .......... 57.0M
162300K .......... .......... .......... .......... .......... 20.2M
162350K .......... .......... .......... .......... .......... 35.6M
162400K .......... .......... .......... .......... ..........  263M
162450K .......... .......... .......... .......... .......... 18.5M
162500K .......... .......... .......... .......... .......... 44.8M
162550K .......... .......... .......... .......... .......... 96.3M
162600K .......... .......... .......... .......... .......... 23.2M
162650K .......... .......... .......... .......... ..........  209K
162700K .......... .......... .......... .......... .......... 6.84M
162750K .......... .......... .......... .......... .......... 13.2M
162800K .......... .......... .......... .......... .......... 13.1M
162850K .......... .......... .......... .......... .......... 11.4M
162900K .......... .......... .......... .......... .......... 16.5M
162950K .......... .......... .......... .......... .......... 59.6M
163000K .......... .......... .......... .......... .......... 21.2M
163050K .......... .......... .......... .......... .......... 34.1M
163100K .......... .......... .......... .......... .......... 13.6M
163150K .......... .......... .......... .......... .......... 13.9M
163200K .......... .......... .......... .......... .......... 37.4M
163250K .......... .......... .......... .......... .......... 18.1M
163300K .......... .......... .......... .......... .......... 13.4M
163350K .......... .......... .......... .......... .......... 29.0M
163400K .......... .......... .......... .......... .......... 16.8M
163450K .......... .......... .......... .......... .......... 14.2M
163500K .......... .......... .......... .......... .......... 16.3M
163550K .......... .......... .......... .......... .......... 16.1M
163600K .......... .......... .......... .......... .......... 31.8M
163650K .......... .......... .......... .......... .......... 13.3M
163700K .......... .......... .......... .......... .......... 24.1M
163750K .......... .......... .......... .......... .......... 23.6M
163800K .......... .......... .......... .......... .......... 14.1M
163850K .......... .......... .......... .......... .......... 28.8M
163900K .......... .......... .......... .......... .......... 22.5M
163950K .......... .......... .......... .......... .......... 13.4M
164000K .......... .......... .......... .......... .......... 18.3M
164050K .......... .......... .......... .......... .......... 39.7M
164100K .......... .......... .......... .......... .......... 14.1M
164150K .......... .......... .......... .......... .......... 18.1M
164200K .......... .......... .......... .......... .......... 23.9M
164250K .......... .......... .......... .......... .......... 18.4M
164300K .......... .......... .......... .......... .......... 18.6M
164350K .......... .......... .......... .......... .......... 23.5M
164400K .......... .......... .......... .......... .......... 18.1M
164450K .......... .......... .......... .......... .......... 20.4M
164500K .......... .......... .......... .......... .......... 18.3M
164550K .......... .......... .......... .......... .......... 13.7M
164600K .......... .......... .......... .......... .......... 41.2M
164650K .......... .......... .......... .......... .......... 18.9M
164700K .......... .......... .......... .......... .......... 42.5M
164750K .......... .......... .......... .......... .......... 13.8M
164800K .......... .......... .......... .......... .......... 19.9M
164850K .......... .......... .......... .......... .......... 24.4M
164900K .......... .......... .......... .......... .......... 23.3M
164950K .......... .......... .......... .......... .......... 28.1M
165000K .......... .......... .......... .......... .......... 13.2M
165050K .......... .......... .......... .......... .......... 25.6M
165100K .......... .......... .......... .......... .......... 26.0M
165150K .......... .......... .......... .......... .......... 25.3M
165200K .......... .......... .......... .......... .......... 26.9M
165250K .......... .......... .......... .......... .......... 16.8M
165300K .......... .......... .......... .......... .......... 21.1M
165350K .......... .......... .......... .......... .......... 21.1M
165400K .......... .......... .......... .......... .......... 23.5M
165450K .......... .......... .......... .......... .......... 29.4M
165500K .......... .......... .......... .......... .......... 22.8M
165550K .......... .......... .......... .......... .......... 18.5M
165600K .......... .......... .......... .......... .......... 22.2M
165650K .......... .......... .......... .......... .......... 19.2M
165700K .......... .......... .......... .......... .......... 42.2M
165750K .......... .......... .......... .......... .......... 16.2M
165800K .......... .......... .......... .......... .......... 13.5M
165850K .......... .......... .......... .......... .......... 80.1M
165900K .......... .......... .......... .......... .......... 15.6M
165950K .......... .......... .......... .......... .......... 81.6M
166000K .......... .......... .......... .......... .......... 14.9M
166050K .......... .......... .......... .......... ..........  106M
166100K .......... .......... .......... .......... .......... 14.2M
166150K .......... .......... .......... .......... ..........  122M
166200K .......... .......... .......... .......... .......... 14.5M
166250K .......... .......... .......... .......... ..........  112M
166300K .......... .......... .......... .......... .......... 13.8M
166350K .......... .......... .......... .......... .......... 23.1M
166400K .......... .......... .......... .......... .......... 28.1M
166450K .......... .......... .......... .......... .......... 14.9M
166500K .......... .......... .......... .......... .......... 86.4M
166550K .......... .......... .......... .......... .......... 15.8M
166600K .......... .......... .......... .......... .......... 75.0M
166650K .......... .......... .......... .......... .......... 14.3M
166700K .......... .......... .......... .......... ..........  145M
166750K .......... .......... .......... .......... .......... 14.5M
166800K .......... .......... .......... .......... .......... 85.9M
166850K .......... .......... .......... .......... .......... 13.9M
166900K .......... .......... .......... .......... ..........  125M
166950K .......... .......... .......... .......... .......... 14.1M
167000K .......... .......... .......... .......... .......... 96.4M
167050K .......... .......... .......... .......... .......... 15.5M
167100K .......... .......... .......... .......... .......... 84.0M
167150K .......... .......... .......... .......... .......... 15.9M
167200K .......... .......... .......... .......... .......... 65.9M
167250K .......... .......... .......... .......... .......... 17.0M
167300K .......... .......... .......... .......... .......... 45.3M
167350K .......... .......... .......... .......... .......... 13.9M
167400K .......... .......... .......... .......... ..........  192M
167450K .......... .......... .......... .......... .......... 22.5M
167500K .......... .......... .......... .......... .......... 28.5M
167550K .......... .......... .......... .......... .......... 53.1M
167600K .......... .......... .......... .......... .......... 17.1M
167650K .......... .......... .......... .......... .......... 54.1M
167700K .......... .......... .......... .......... .......... 16.7M
167750K .......... .......... .......... .......... .......... 32.8M
167800K .......... .......... .......... .......... .......... 10.7M
167850K .......... .......... .......... .......... ..........  257M
167900K .......... .......... .......... .......... .......... 24.4M
167950K .......... .......... .......... .......... .......... 27.2M
168000K .......... .......... .......... .......... .......... 25.7M
168050K .......... .......... .......... .......... .......... 30.1M
168100K .......... .......... .......... .......... .......... 24.2M
168150K .......... .......... .......... .......... .......... 26.9M
168200K .......... .......... .......... .......... .......... 56.8M
168250K .......... .......... .......... .......... .......... 19.1M
168300K .......... .......... .......... .......... .......... 35.1M
168350K .......... .......... .......... .......... .......... 22.3M
168400K .......... .......... .......... .......... .......... 32.7M
168450K .......... .......... .......... .......... .......... 49.6M
168500K .......... .......... .......... .......... .......... 15.7M
168550K .......... .......... .......... .......... .......... 61.4M
168600K .......... .......... .......... .......... .......... 14.0M
168650K .......... .......... .......... .......... .......... 44.6M
168700K .......... .......... .......... .......... .......... 20.2M
168750K .......... .......... .......... .......... .......... 86.1M
168800K .......... .......... .......... .......... .......... 23.6M
168850K .......... .......... .......... .......... .......... 28.1M
168900K .......... .......... .......... .......... .......... 51.6M
168950K .......... .......... .......... .......... .......... 13.7M
169000K .......... .......... .......... .......... ..........  134M
169050K .......... .......... .......... .......... .......... 23.9M
169100K .......... .......... .......... .......... .......... 27.8M
169150K .......... .......... .......... .......... .......... 26.6M
169200K .......... .......... .......... .......... .......... 24.7M
169250K .......... .......... .......... .......... .......... 62.4M
169300K .......... .......... .......... .......... .......... 14.0M
169350K .......... .......... .......... .......... .......... 42.1M
169400K .......... .......... .......... .......... .......... 20.6M
169450K .......... .......... .......... .......... .......... 36.1M
169500K .......... .......... .......... .......... ..........  123M
169550K .......... .......... .......... .......... .......... 14.5M
169600K .......... .......... .......... .......... .......... 64.1M
169650K .......... .......... .......... .......... .......... 15.6M
169700K .......... .......... .......... .......... .......... 94.0M
169750K .......... .......... .......... .......... .......... 44.4M
169800K .......... .......... .......... .......... .......... 17.3M
169850K .......... .......... .......... .......... ..........  115M
169900K .......... .......... .......... .......... .......... 15.2M
169950K .......... .......... .......... .......... .......... 92.9M
170000K .......... .......... .......... .......... .......... 29.7M
170050K .......... .......... .......... .......... .......... 27.9M
170100K .......... .......... .......... .......... .......... 85.2M
170150K .......... .......... .......... .......... .......... 15.7M
170200K .......... .......... .......... .......... ..........  101M
170250K .......... .......... .......... .......... .......... 15.6M
170300K .......... .......... .......... .......... .......... 67.1M
170350K .......... .......... .......... .......... ..........  289M
170400K .......... .......... .......... .......... .......... 16.5M
170450K .......... .......... .......... .......... .......... 56.7M
170500K .......... .......... .......... .......... .......... 15.6M
170550K .......... .......... .......... .......... .......... 91.8M
170600K .......... .......... .......... .......... .......... 87.5M
170650K .......... .......... .......... .......... .......... 15.3M
170700K .......... .......... .......... .......... ..........  218M
170750K .......... .......... .......... .......... .......... 15.8M
170800K .......... .......... .......... .......... .......... 73.0M
170850K .......... .......... .......... .......... ..........  140M
170900K .......... .......... .......... .......... .......... 14.8M
170950K .......... .......... .......... .......... .......... 90.7M
171000K .......... .......... .......... .......... .......... 15.0M
171050K .......... .......... .......... .......... ..........  152M
171100K .......... .......... .......... .......... ..........  145M
171150K .......... .......... .......... .......... .......... 15.0M
171200K .......... .......... .......... .......... .......... 99.9M
171250K .......... .......... .......... .......... .......... 12.7M
171300K .......... .......... .......... .......... ..........  180M
171350K .......... .......... .......... .......... ..........  337M
171400K .......... .......... .......... .......... .......... 14.8M
171450K .......... .......... .......... .......... .......... 1.80M
171500K .......... .......... .......... .......... .......... 6.89M
171550K .......... .......... .......... .......... .......... 13.3M
171600K .......... .......... .......... .......... ..........  150M
171650K .......... .......... .......... .......... .......... 7.13M
171700K .......... .......... .......... .......... ..........  369M
171750K .......... .......... .......... .......... ..........  130M
171800K .......... .......... .......... .......... .......... 13.4M
171850K .......... .......... .......... .......... .......... 13.6M
171900K .......... .......... .......... .......... .......... 14.3M
171950K .......... .......... .......... .......... .......... 26.7M
172000K .......... .......... .......... .......... .......... 22.7M
172050K .......... .......... .......... .......... .......... 13.5M
172100K .......... .......... .......... .......... .......... 13.6M
172150K .......... .......... .......... .......... .......... 33.3M
172200K .......... .......... .......... .......... .......... 13.0M
172250K .......... .......... .......... .......... .......... 19.3M
172300K .......... .......... .......... .......... .......... 13.4M
172350K .......... .......... .......... .......... .......... 14.9M
172400K .......... .......... .......... .......... .......... 32.7M
172450K .......... .......... .......... .......... .......... 17.8M
172500K .......... .......... .......... .......... .......... 13.6M
172550K .......... .......... .......... .......... .......... 17.4M
172600K .......... .......... .......... .......... .......... 26.5M
172650K .......... .......... .......... .......... .......... 13.3M
172700K .......... .......... .......... .......... .......... 19.1M
172750K .......... .......... .......... .......... .......... 19.9M
172800K .......... .......... .......... .......... .......... 19.4M
172850K .......... .......... .......... .......... .......... 13.8M
172900K .......... .......... .......... .......... .......... 38.8M
172950K .......... .......... .......... .......... .......... 18.8M
173000K .......... .......... .......... .......... .......... 13.4M
173050K .......... .......... .......... .......... .......... 26.3M
173100K .......... .......... .......... .......... .......... 17.1M
173150K .......... .......... .......... .......... .......... 13.3M
173200K .......... .......... .......... .......... .......... 55.3M
173250K .......... .......... .......... .......... .......... 13.6M
173300K .......... .......... .......... .......... .......... 38.2M
173350K .......... .......... .......... .......... .......... 12.3M
173400K .......... .......... .......... .......... .......... 13.7M
173450K .......... .......... .......... .......... ..........  131M
173500K .......... .......... .......... .......... .......... 13.3M
173550K .......... .......... .......... .......... .......... 14.2M
173600K .......... .......... .......... .......... .......... 61.9M
173650K .......... .......... .......... .......... .......... 13.3M
173700K .......... .......... .......... .......... .......... 17.8M
173750K .......... .......... .......... .......... .......... 39.8M
173800K .......... .......... .......... .......... .......... 14.9M
173850K .......... .......... .......... .......... .......... 61.0M
173900K .......... .......... .......... .......... .......... 15.5M
173950K .......... .......... .......... .......... .......... 22.9M
174000K .......... .......... .......... .......... .......... 25.2M
174050K .......... .......... .......... .......... .......... 15.9M
174100K .......... .......... .......... .......... .......... 79.5M
174150K .......... .......... .......... .......... .......... 13.8M
174200K .......... .......... .......... .......... ..........  131M
174250K .......... .......... .......... .......... .......... 14.1M
174300K .......... .......... .......... .......... .......... 19.5M
174350K .......... .......... .......... .......... .......... 35.3M
174400K .......... .......... .......... .......... .......... 14.7M
174450K .......... .......... .......... .......... .......... 44.9M
174500K .......... .......... .......... .......... .......... 13.2M
174550K .......... .......... .......... .......... .......... 29.8M
174600K .......... .......... .......... .......... .......... 19.2M
174650K .......... .......... .......... .......... .......... 23.3M
174700K .......... .......... .......... .......... .......... 29.2M
174750K .......... .......... .......... .......... .......... 23.3M
174800K .......... .......... .......... .......... .......... 22.1M
174850K .......... .......... .......... .......... .......... 29.2M
174900K .......... .......... .......... .......... .......... 22.2M
174950K .......... .......... .......... .......... .......... 16.7M
175000K .......... .......... .......... .......... .......... 64.6M
175050K .......... .......... .......... .......... .......... 16.8M
175100K .......... .......... .......... .......... .......... 18.4M
175150K .......... .......... .......... .......... .......... 24.8M
175200K .......... .......... .......... .......... .......... 29.1M
175250K .......... .......... .......... .......... .......... 24.0M
175300K .......... .......... .......... .......... .......... 15.6M
175350K .......... .......... .......... .......... .......... 80.9M
175400K .......... .......... .......... .......... .......... 15.7M
175450K .......... .......... .......... .......... .......... 56.5M
175500K .......... .......... .......... .......... .......... 17.0M
175550K .......... .......... .......... .......... .......... 50.4M
175600K .......... .......... .......... .......... .......... 14.4M
175650K .......... .......... .......... .......... .......... 43.8M
175700K .......... .......... .......... .......... .......... 19.4M
175750K .......... .......... .......... .......... .......... 33.4M
175800K .......... .......... .......... .......... .......... 20.8M
175850K .......... .......... .......... .......... .......... 33.8M
175900K .......... .......... .......... .......... .......... 19.6M
175950K .......... .......... .......... .......... .......... 41.9M
176000K .......... .......... .......... .......... .......... 18.9M
176050K .......... .......... .......... .......... .......... 41.9M
176100K .......... .......... .......... .......... .......... 19.6M
176150K .......... .......... .......... .......... .......... 36.0M
176200K .......... .......... .......... .......... .......... 20.5M
176250K .......... .......... .......... .......... .......... 23.9M
176300K .......... .......... .......... .......... .......... 26.6M
176350K .......... .......... .......... .......... .......... 27.1M
176400K .......... .......... .......... .......... .......... 26.6M
176450K .......... .......... .......... .......... .......... 24.1M
176500K .......... .......... .......... .......... .......... 27.1M
176550K .......... .......... .......... .......... .......... 24.1M
176600K .......... .......... .......... .......... .......... 25.2M
176650K .......... .......... .......... .......... .......... 28.2M
176700K .......... .......... .......... .......... .......... 25.0M
176750K .......... .......... .......... .......... .......... 96.6M
176800K .......... .......... .......... .......... .......... 13.8M
176850K .......... .......... .......... .......... ..........  143M
176900K .......... .......... .......... .......... .......... 14.6M
176950K .......... .......... .......... .......... .......... 38.5M
177000K .......... .......... .......... .......... .......... 70.3M
177050K .......... .......... .......... .......... .......... 16.4M
177100K .......... .......... .......... .......... .......... 65.1M
177150K .......... .......... .......... .......... .......... 16.6M
177200K .......... .......... .......... .......... .......... 60.1M
177250K .......... .......... .......... .......... .......... 17.3M
177300K .......... .......... .......... .......... .......... 48.0M
177350K .......... .......... .......... .......... .......... 28.6M
177400K .......... .......... .......... .......... .......... 23.0M
177450K .......... .......... .......... .......... .......... 31.6M
177500K .......... .......... .......... .......... .......... 22.2M
177550K .......... .......... .......... .......... .......... 31.8M
177600K .......... .......... .......... .......... .......... 22.0M
177650K .......... .......... .......... .......... .......... 29.7M
177700K .......... .......... .......... .......... .......... 73.2M
177750K .......... .......... .......... .......... .......... 19.9M
177800K .......... .......... .......... .......... .......... 33.7M
177850K .......... .......... .......... .......... .......... 32.8M
177900K .......... .......... .......... .......... .......... 21.1M
177950K .......... .......... .......... .......... .......... 32.2M
178000K .......... .......... .......... .......... .......... 23.2M
178050K .......... .......... .......... .......... .......... 34.1M
178100K .......... .......... .......... .......... .......... 22.0M
178150K .......... .......... .......... .......... .......... 40.7M
178200K .......... .......... .......... .......... .......... 19.8M
178250K .......... .......... .......... .......... .......... 32.5M
178300K .......... .......... .......... .......... .......... 18.6M
178350K .......... .......... .......... .......... .......... 45.9M
178400K .......... .......... .......... .......... .......... 23.3M
178450K .......... .......... .......... .......... .......... 27.0M
178500K .......... .......... .......... .......... .......... 65.1M
178550K .......... .......... .......... .......... .......... 16.8M
178600K .......... .......... .......... .......... .......... 53.4M
178650K .......... .......... .......... .......... .......... 17.3M
178700K .......... .......... .......... .......... ..........  213M
178750K .......... .......... .......... .......... .......... 29.0M
178800K .......... .......... .......... .......... .......... 23.6M
178850K .......... .......... .......... .......... .......... 57.0M
178900K .......... .......... .......... .......... .......... 17.6M
178950K .......... .......... .......... .......... .......... 50.7M
179000K .......... .......... .......... .......... .......... 18.2M
179050K .......... .......... .......... .......... ..........  133M
179100K .......... .......... .......... .......... .......... 36.3M
179150K .......... .......... .......... .......... .......... 20.3M
179200K .......... .......... .......... .......... .......... 60.4M
179250K .......... .......... .......... .......... .......... 16.2M
179300K .......... .......... .......... .......... .......... 63.6M
179350K .......... .......... .......... .......... ..........  133M
179400K .......... .......... .......... .......... .......... 17.5M
179450K .......... .......... .......... .......... .......... 56.4M
179500K .......... .......... .......... .......... .......... 17.1M
179550K .......... .......... .......... .......... .......... 57.5M
179600K .......... .......... .......... .......... .......... 27.7M
179650K .......... .......... .......... .......... .......... 27.7M
179700K .......... .......... .......... .......... ..........  114M
179750K .......... .......... .......... .......... .......... 17.1M
179800K .......... .......... .......... .......... .......... 62.1M
179850K .......... .......... .......... .......... .......... 33.5M
179900K .......... .......... .......... .......... .......... 20.6M
179950K .......... .......... .......... .......... ..........  120M
180000K .......... .......... .......... .......... .......... 14.6M
180050K .......... .......... .......... .......... ..........  246M
180100K .......... .......... .......... .......... .......... 48.9M
180150K .......... .......... .......... .......... .......... 14.8M
180200K .......... .......... .......... .......... ..........  234K
180250K .......... .......... .......... .......... .......... 12.9M
180300K .......... .......... .......... .......... .......... 4.70M
180350K .......... .......... .......... .......... ..........  119M
180400K .......... .......... .......... .......... .......... 10.3M
180450K .......... .......... .......... .......... .......... 14.3M
180500K .......... .......... .......... .......... ..........  123M
180550K .......... .......... .......... .......... .......... 7.00M
180600K .......... .......... .......... .......... ..........  277M
180650K .......... .......... .......... .......... .......... 38.5M
180700K .......... .......... .......... .......... .......... 13.6M
180750K .......... .......... .......... .......... .......... 13.4M
180800K .......... .......... .......... .......... .......... 26.5M
180850K .......... .......... .......... .......... .......... 23.4M
180900K .......... .......... .......... .......... .......... 14.0M
180950K .......... .......... .......... .......... .......... 22.6M
181000K .......... .......... .......... .......... .......... 29.5M
181050K .......... .......... .......... .......... .......... 13.2M
181100K .......... .......... .......... .......... .......... 13.6M
181150K .......... .......... .......... .......... .......... 27.7M
181200K .......... .......... .......... .......... .......... 18.2M
181250K .......... .......... .......... .......... .......... 15.5M
181300K .......... .......... .......... .......... .......... 14.4M
181350K .......... .......... .......... .......... .......... 29.5M
181400K .......... .......... .......... .......... .......... 17.2M
181450K .......... .......... .......... .......... .......... 18.3M
181500K .......... .......... .......... .......... .......... 17.8M
181550K .......... .......... .......... .......... .......... 16.5M
181600K .......... .......... .......... .......... .......... 31.7M
181650K .......... .......... .......... .......... .......... 13.2M
181700K .......... .......... .......... .......... .......... 25.3M
181750K .......... .......... .......... .......... .......... 18.5M
181800K .......... .......... .......... .......... .......... 17.6M
181850K .......... .......... .......... .......... .......... 21.8M
181900K .......... .......... .......... .......... .......... 13.6M
181950K .......... .......... .......... .......... .......... 35.4M
182000K .......... .......... .......... .......... .......... 18.9M
182050K .......... .......... .......... .......... .......... 14.6M
182100K .......... .......... .......... .......... .......... 84.1M
182150K .......... .......... .......... .......... .......... 13.2M
182200K .......... .......... .......... .......... .......... 15.5M
182250K .......... .......... .......... .......... .......... 39.4M
182300K .......... .......... .......... .......... .......... 13.4M
182350K .......... .......... .......... .......... ..........  178M
182400K .......... .......... .......... .......... .......... 13.6M
182450K .......... .......... .......... .......... .......... 14.4M
182500K .......... .......... .......... .......... .......... 59.6M
182550K .......... .......... .......... .......... .......... 17.0M
182600K .......... .......... .......... .......... .......... 57.7M
182650K .......... .......... .......... .......... .......... 13.4M
182700K .......... .......... .......... .......... .......... 17.7M
182750K .......... .......... .......... .......... .......... 39.7M
182800K .......... .......... .......... .......... .......... 14.0M
182850K .......... .......... .......... .......... .......... 77.8M
182900K .......... .......... .......... .......... .......... 15.6M
182950K .......... .......... .......... .......... .......... 91.2M
183000K .......... .......... .......... .......... .......... 14.7M
183050K .......... .......... .......... .......... .......... 15.8M
183100K .......... .......... .......... .......... .......... 56.4M
183150K .......... .......... .......... .......... .......... 14.4M
183200K .......... .......... .......... .......... ..........  120M
183250K .......... .......... .......... .......... .......... 14.3M
183300K .......... .......... .......... .......... ..........  131M
183350K .......... .......... .......... .......... .......... 14.3M
183400K .......... .......... .......... .......... .......... 16.3M
183450K .......... .......... .......... .......... .......... 52.0M
183500K .......... .......... .......... .......... .......... 14.0M
183550K .......... .......... .......... .......... ..........  151M
183600K .......... .......... .......... .......... .......... 14.2M
183650K .......... .......... .......... .......... .......... 42.7M
183700K .......... .......... .......... .......... .......... 18.0M
183750K .......... .......... .......... .......... .......... 41.8M
183800K .......... .......... .......... .......... .......... 18.1M
183850K .......... .......... .......... .......... .......... 48.8M
183900K .......... .......... .......... .......... .......... 17.8M
183950K .......... .......... .......... .......... .......... 27.6M
184000K .......... .......... .......... .......... .......... 18.5M
184050K .......... .......... .......... .......... .......... 46.3M
184100K .......... .......... .......... .......... .......... 16.3M
184150K .......... .......... .......... .......... .......... 23.6M
184200K .......... .......... .......... .......... .......... 27.9M
184250K .......... .......... .......... .......... .......... 13.5M
184300K .......... .......... .......... .......... .......... 55.8M
184350K .......... .......... .......... .......... .......... 17.6M
184400K .......... .......... .......... .......... .......... 47.7M
184450K .......... .......... .......... .......... .......... 15.5M
184500K .......... .......... .......... .......... .......... 35.2M
184550K .......... .......... .......... .......... .......... 17.1M
184600K .......... .......... .......... .......... .......... 50.7M
184650K .......... .......... .......... .......... .......... 16.8M
184700K .......... .......... .......... .......... .......... 62.5M
184750K .......... .......... .......... .......... .......... 17.4M
184800K .......... .......... .......... .......... .......... 45.9M
184850K .......... .......... .......... .......... .......... 19.3M
184900K .......... .......... .......... .......... .......... 34.7M
184950K .......... .......... .......... .......... .......... 66.3M
185000K .......... .......... .......... .......... .......... 15.0M
185050K .......... .......... .......... .......... ..........  104M
185100K .......... .......... .......... .......... .......... 15.5M
185150K .......... .......... .......... .......... .......... 77.5M
185200K .......... .......... .......... .......... .......... 15.3M
185250K .......... .......... .......... .......... .......... 37.4M
185300K .......... .......... .......... .......... .......... 16.5M
185350K .......... .......... .......... .......... .......... 62.1M
185400K .......... .......... .......... .......... .......... 16.4M
185450K .......... .......... .......... .......... .......... 55.4M
185500K .......... .......... .......... .......... .......... 16.8M
185550K .......... .......... .......... .......... .......... 58.8M
185600K .......... .......... .......... .......... .......... 16.6M
185650K .......... .......... .......... .......... .......... 50.1M
185700K .......... .......... .......... .......... .......... 19.5M
185750K .......... .......... .......... .......... .......... 41.2M
185800K .......... .......... .......... .......... .......... 49.9M
185850K .......... .......... .......... .......... .......... 17.3M
185900K .......... .......... .......... .......... .......... 20.5M
185950K .......... .......... .......... .......... .......... 22.0M
186000K .......... .......... .......... .......... .......... 31.0M
186050K .......... .......... .......... .......... .......... 25.8M
186100K .......... .......... .......... .......... .......... 31.7M
186150K .......... .......... .......... .......... .......... 40.0M
186200K .......... .......... .......... .......... .......... 21.5M
186250K .......... .......... .......... .......... .......... 34.1M
186300K .......... .......... .......... .......... .......... 18.4M
186350K .......... .......... .......... .......... .......... 43.3M
186400K .......... .......... .......... .......... .......... 45.3M
186450K .......... .......... .......... .......... .......... 16.9M
186500K .......... .......... .......... .......... .......... 50.4M
186550K .......... .......... .......... .......... .......... 16.3M
186600K .......... .......... .......... .......... .......... 50.8M
186650K .......... .......... .......... .......... .......... 14.5M
186700K .......... .......... .......... .......... ..........  142M
186750K .......... .......... .......... .......... .......... 95.8M
186800K .......... .......... .......... .......... .......... 14.2M
186850K .......... .......... .......... .......... ..........  125M
186900K .......... .......... .......... .......... .......... 14.4M
186950K .......... .......... .......... .......... .......... 87.3M
187000K .......... .......... .......... .......... .......... 14.9M
187050K .......... .......... .......... .......... ..........  124M
187100K .......... .......... .......... .......... ..........  111M
187150K .......... .......... .......... .......... .......... 14.6M
187200K .......... .......... .......... .......... .......... 90.3M
187250K .......... .......... .......... .......... .......... 14.7M
187300K .......... .......... .......... .......... .......... 76.0M
187350K .......... .......... .......... .......... .......... 16.8M
187400K .......... .......... .......... .......... .......... 62.1M
187450K .......... .......... .......... .......... .......... 86.6M
187500K .......... .......... .......... .......... .......... 14.0M
187550K .......... .......... .......... .......... .......... 84.1M
187600K .......... .......... .......... .......... .......... 15.3M
187650K .......... .......... .......... .......... .......... 98.3M
187700K .......... .......... .......... .......... .......... 24.5M
187750K .......... .......... .......... .......... .......... 33.5M
187800K .......... .......... .......... .......... ..........  118M
187850K .......... .......... .......... .......... .......... 15.3M
187900K .......... .......... .......... .......... .......... 19.1M
187950K .......... .......... .......... .......... .......... 21.5M
188000K .......... .......... .......... .......... .......... 36.9M
188050K .......... .......... .......... .......... .......... 19.3M
188100K .......... .......... .......... .......... .......... 50.6M
188150K .......... .......... .......... .......... .......... 5.20M
188200K .......... .......... .......... .......... ..........  112M
188250K .......... .......... .......... .......... .......... 13.8M
188300K .......... .......... .......... .......... ..........  179M
188350K .......... .......... .......... .......... ..........  129M
188400K .......... .......... .......... .......... .......... 3.49M
188450K .......... .......... .......... .......... .......... 77.7M
188500K .......... .......... .......... .......... .......... 14.9M
188550K .......... .......... .......... .......... .......... 65.9M
188600K .......... .......... .......... .......... ..........  224M
188650K .......... .......... .......... .......... .......... 3.86M
188700K .......... .......... .......... .......... .......... 54.6M
188750K .......... .......... .......... .......... .......... 21.3M
188800K .......... .......... .......... .......... .......... 36.9M
188850K .......... .......... .......... .......... .......... 96.0M
188900K .......... .......... .......... .......... .......... 3.95M
188950K .......... .......... .......... .......... ..........  122M
189000K .......... .......... .......... .......... .......... 42.4M
189050K .......... .......... .......... .......... .......... 18.0M
189100K .......... .......... .......... .......... ..........  227K
189150K .......... .......... .......... .......... .......... 13.8M
189200K .......... .......... .......... .......... ..........  274M
189250K .......... .......... .......... .......... .......... 14.0M
189300K .......... .......... .......... .......... .......... 93.0M
189350K .......... .......... .......... .......... .......... 14.0M
189400K .......... .......... .......... .......... ..........  121M
189450K .......... .......... .......... .......... .......... 14.4M
189500K .......... .......... .......... .......... ..........  117M
189550K .......... .......... .......... .......... .......... 14.8M
189600K .......... .......... .......... .......... .......... 92.6M
189650K .......... .......... .......... .......... .......... 14.2M
189700K .......... .......... .......... .......... ..........  108M
189750K .......... .......... .......... .......... .......... 14.6M
189800K .......... .......... .......... .......... .......... 27.5M
189850K .......... .......... .......... .......... .......... 25.4M
189900K .......... .......... .......... .......... .......... 14.5M
189950K .......... .......... .......... .......... .......... 78.9M
190000K .......... .......... .......... .......... .......... 16.1M
190050K .......... .......... .......... .......... .......... 71.0M
190100K .......... .......... .......... .......... .......... 14.2M
190150K .......... .......... .......... .......... .......... 38.5M
190200K .......... .......... .......... .......... .......... 20.1M
190250K .......... .......... .......... .......... .......... 36.5M
190300K .......... .......... .......... .......... .......... 15.9M
190350K .......... .......... .......... .......... .......... 47.2M
190400K .......... .......... .......... .......... .......... 17.0M
190450K .......... .......... .......... .......... .......... 54.2M
190500K .......... .......... .......... .......... .......... 14.6M
190550K .......... .......... .......... .......... ..........  126M
190600K .......... .......... .......... .......... .......... 14.4M
190650K .......... .......... .......... .......... .......... 47.0M
190700K .......... .......... .......... .......... .......... 18.4M
190750K .......... .......... .......... .......... .......... 20.8M
190800K .......... .......... .......... .......... .......... 29.5M
190850K .......... .......... .......... .......... .......... 24.5M
190900K .......... .......... .......... .......... .......... 25.5M
190950K .......... .......... .......... .......... .......... 26.2M
191000K .......... .......... .......... .......... .......... 28.9M
191050K .......... .......... .......... .......... .......... 25.5M
191100K .......... .......... .......... .......... .......... 31.1M
191150K .......... .......... .......... .......... .......... 18.2M
191200K .......... .......... .......... .......... .......... 56.4M
191250K .......... .......... .......... .......... .......... 24.5M
191300K .......... .......... .......... .......... .......... 22.7M
191350K .......... .......... .......... .......... ..........  112M
191400K .......... .......... .......... .......... .......... 19.9M
191450K .......... .......... .......... .......... .......... 39.7M
191500K .......... .......... .......... .......... .......... 19.8M
191550K .......... .......... .......... .......... .......... 36.8M
191600K .......... .......... .......... .......... .......... 19.4M
191650K .......... .......... .......... .......... .......... 26.2M
191700K .......... .......... .......... .......... .......... 27.8M
191750K .......... .......... .......... .......... .......... 24.6M
191800K .......... .......... .......... .......... .......... 25.9M
191850K .......... .......... .......... .......... .......... 28.9M
191900K .......... .......... .......... .......... .......... 24.2M
191950K .......... .......... .......... .......... .......... 24.7M
192000K .......... .......... .......... .......... .......... 22.6M
192050K .......... .......... .......... .......... .......... 26.6M
192100K .......... .......... .......... .......... .......... 10.5M
192150K .......... .......... .......... .......... ..........  461M
192200K .......... .......... .......... .......... .......... 65.6M
192250K .......... .......... .......... .......... .......... 15.4M
192300K .......... .......... .......... .......... .......... 6.37M
192350K .......... .......... .......... .......... ..........  217M
192400K .......... .......... .......... .......... ..........  210M
192450K .......... .......... .......... .......... .......... 15.3M
192500K .......... .......... .......... .......... .......... 2.24M
192550K .......... .......... .......... .......... .......... 14.0M
192600K .......... .......... .......... .......... ..........  104M
192650K .......... .......... .......... .......... .......... 14.6M
192700K .......... .......... .......... .......... .......... 88.2M
192750K .......... .......... .......... .......... .......... 1.90M
192800K .......... .......... .......... .......... .......... 17.6M
192850K .......... .......... .......... .......... .......... 35.9M
192900K .......... .......... .......... .......... .......... 15.7M
192950K .......... .......... .......... .......... .......... 41.9M
193000K .......... .......... .......... .......... .......... 1.51M
193050K .......... .......... .......... .......... .......... 66.9M
193100K .......... .......... .......... .......... .......... 13.7M
193150K .......... .......... .......... .......... .......... 13.1M
193200K .......... .......... .......... .......... ..........  150M
193250K .......... .......... .......... .......... .......... 1.81M
193300K .......... .......... .......... .......... ..........  108M
193350K .......... .......... .......... .......... .......... 13.6M
193400K .......... .......... .......... .......... .......... 17.6M
193450K .......... .......... .......... .......... .......... 47.0M
193500K .......... .......... .......... .......... .......... 1.45M
193550K .......... .......... .......... .......... ..........  128M
193600K .......... .......... .......... .......... .......... 13.2M
193650K .......... .......... .......... .......... ..........  176M
193700K .......... .......... .......... .......... .......... 13.9M
193750K .......... .......... .......... .......... .......... 1.59M
193800K .......... .......... .......... .......... ..........  108M
193850K .......... .......... .......... .......... .......... 14.1M
193900K .......... .......... .......... .......... .......... 53.9M
193950K .......... .......... .......... .......... .......... 16.5M
194000K .......... .......... .......... .......... .......... 1.21M
194050K .......... .......... .......... .......... ..........  149M
194100K .......... .......... .......... .......... .......... 14.1M
194150K .......... .......... .......... .......... .......... 90.5M
194200K .......... .......... .......... .......... .......... 16.1M
194250K .......... .......... .......... .......... .......... 67.3M
194300K .......... .......... .......... .......... .......... 1.22M
194350K .......... .......... .......... .......... .......... 16.0M
194400K .......... .......... .......... .......... .......... 61.4M
194450K .......... .......... .......... .......... .......... 14.3M
194500K .......... .......... .......... .......... .......... 66.4M
194550K .......... .......... .......... .......... ..........  868K
194600K .......... .......... .......... .......... .......... 62.9M
194650K .......... .......... .......... .......... .......... 15.4M
194700K .......... .......... .......... .......... .......... 79.1M
194750K .......... .......... .......... .......... .......... 15.2M
194800K .......... .......... .......... .......... ..........  747K
194850K .......... .......... .......... .......... ..........  216M
194900K .......... .......... .......... .......... .......... 13.9M
194950K .......... .......... .......... .......... ..........  105M
195000K .......... .......... .......... .......... .......... 14.7M
195050K .......... .......... .......... .......... ..........  740K
195100K .......... .......... .......... .......... .......... 74.7M
195150K .......... .......... .......... .......... .......... 14.4M
195200K .......... .......... .......... .......... .......... 92.5M
195250K .......... .......... .......... .......... .......... 15.1M
195300K .......... .......... .......... .......... ..........  924K
195350K .......... .......... .......... .......... .......... 70.2M
195400K .......... .......... .......... .......... .......... 14.2M
195450K .......... .......... .......... .......... .......... 47.7M
195500K .......... .......... .......... .......... .......... 17.1M
195550K .......... .......... .......... .......... .......... 2.41M
195600K .......... .......... .......... .......... .......... 67.6M
195650K .......... .......... .......... .......... .......... 14.5M
195700K .......... .......... .......... .......... .......... 65.5M
195750K .......... .......... .......... .......... .......... 17.2M
195800K .......... .......... .......... .......... .......... 1.48M
195850K .......... .......... .......... .......... .......... 65.0M
195900K .......... .......... .......... .......... .......... 14.1M
195950K .......... .......... .......... .......... ..........  225M
196000K .......... .......... .......... .......... .......... 21.1M
196050K .......... .......... .......... .......... .......... 1.09M
196100K .......... .......... .......... .......... .......... 17.6M
196150K .......... .......... .......... .......... .......... 47.9M
196200K .......... .......... .......... .......... .......... 16.9M
196250K .......... .......... .......... .......... .......... 48.8M
196300K .......... .......... .......... .......... .......... 18.0M
196350K .......... .......... .......... .......... .......... 3.05M
196400K .......... .......... .......... .......... .......... 63.2M
196450K .......... .......... .......... .......... .......... 15.6M
196500K .......... .......... .......... .......... .......... 73.3M
196550K .......... .......... .......... .......... .......... 15.9M
196600K .......... .......... .......... .......... .......... 2.76M
196650K .......... .......... .......... .......... ..........  103M
196700K .......... .......... .......... .......... .......... 14.6M
196750K .......... .......... .......... .......... .......... 87.5M
196800K .......... .......... .......... .......... .......... 15.3M
196850K .......... .......... .......... .......... .......... 2.65M
196900K .......... .......... .......... .......... .......... 74.8M
196950K .......... .......... .......... .......... .......... 15.2M
197000K .......... .......... .......... .......... .......... 76.5M
197050K .......... .......... .......... .......... .......... 15.9M
197100K .......... .......... .......... .......... .......... 2.88M
197150K .......... .......... .......... .......... ..........  196M
197200K .......... .......... .......... .......... .......... 13.6M
197250K .......... .......... .......... .......... .......... 97.7M
197300K .......... .......... .......... .......... .......... 16.5M
197350K .......... .......... .......... .......... .......... 2.47M
197400K .......... .......... .......... .......... .......... 74.4M
197450K .......... .......... .......... .......... .......... 16.1M
197500K .......... .......... .......... .......... .......... 52.2M
197550K .......... .......... .......... .......... ..........  273M
197600K .......... .......... .......... .......... .......... 3.11M
197650K .......... .......... .......... .......... .......... 80.8M
197700K .......... .......... .......... .......... .......... 17.8M
197750K .......... .......... .......... .......... .......... 51.6M
197800K .......... .......... .......... .......... .......... 39.2M
197850K .......... .......... .......... .......... .......... 1.06M
197900K .......... .......... .......... .......... .......... 34.7M
197950K .......... .......... .......... .......... .......... 93.9M
198000K .......... .......... .......... .......... .......... 9.29M
198050K .......... .......... .......... .......... ..........  200M
198100K .......... .......... .......... .......... .......... 1.78M
198150K .......... .......... .......... .......... .......... 89.6M
198200K .......... .......... .......... .......... ..........  101M
198250K .......... .......... .......... .......... .......... 15.5M
198300K .......... .......... .......... .......... .......... 90.1M
198350K .......... .......... .......... .......... .......... 16.3M
198400K .......... .......... .......... .......... .......... 3.29M
198450K .......... .......... .......... .......... .......... 32.3M
198500K .......... .......... .......... .......... .......... 19.9M
198550K .......... .......... .......... .......... .......... 40.0M
198600K .......... .......... .......... .......... .......... 41.1M
198650K .......... .......... .......... .......... .......... 3.02M
198700K .......... .......... .......... .......... .......... 63.4M
198750K .......... .......... .......... .......... .......... 16.4M
198800K .......... .......... .......... .......... .......... 55.4M
198850K .......... .......... .......... .......... .......... 22.2M
198900K .......... .......... .......... .......... .......... 3.28M
198950K .......... .......... .......... .......... ..........  336M
199000K .......... .......... .......... .......... .......... 12.8M
199050K .......... .......... .......... .......... ..........  242M
199100K .......... .......... .......... .......... .......... 4.62M
199150K .......... .......... .......... .......... .......... 7.23M
199200K .......... .......... .......... .......... ..........  121M
199250K .......... .......... .......... .......... .......... 14.0M
199300K .......... .......... .......... .......... .......... 16.8M
199350K .......... .......... .......... .......... .......... 59.8M
199400K .......... .......... .......... .......... .......... 3.53M
199450K .......... .......... .......... .......... .......... 38.5M
199500K .......... .......... .......... .......... .......... 14.7M
199550K .......... .......... .......... .......... .......... 14.7M
199600K .......... .......... .......... .......... .......... 12.5M
199650K .......... .......... .......... .......... .......... 15.4M
199700K .......... .......... .......... .......... .......... 75.0M
199750K .......... .......... .......... .......... .......... 15.1M
199800K .......... .......... .......... .......... .......... 32.4M
199850K .......... .......... .......... .......... .......... 21.2M
199900K .......... .......... .......... .......... .......... 12.0M
199950K .......... .......... .......... .......... .......... 61.4M
200000K .......... .......... .......... .......... .......... 14.6M
200050K .......... .......... .......... .......... .......... 98.4M
200100K .......... .......... .......... .......... .......... 14.2M
200150K .......... .......... .......... .......... .......... 9.92M
200200K .......... .......... .......... .......... .......... 96.9M
200250K .......... .......... .......... .......... .......... 15.0M
200300K .......... .......... .......... .......... .......... 57.9M
200350K .......... .......... .......... .......... .......... 14.4M
200400K .......... .......... .......... .......... .......... 7.17M
200450K .......... .......... .......... .......... ..........  203M
200500K .......... .......... .......... .......... .......... 15.4M
200550K .......... .......... .......... .......... ..........  184M
200600K .......... .......... .......... .......... .......... 14.6M
200650K .......... .......... .......... .......... .......... 91.2M
200700K .......... .......... .......... .......... .......... 5.55M
200750K .......... .......... .......... .......... .......... 13.6M
200800K .......... .......... .......... .......... ..........  173M
200850K .......... .......... .......... .......... .......... 14.5M
200900K .......... .......... .......... .......... .......... 57.3M
200950K .......... .......... .......... .......... .......... 8.52M
201000K .......... .......... .......... .......... ..........  116M
201050K .......... .......... .......... .......... .......... 14.0M
201100K .......... .......... .......... .......... ..........  123M
201150K .......... .......... .......... .......... .......... 14.5M
201200K .......... .......... .......... .......... .......... 5.10M
201250K .......... .......... .......... .......... .......... 70.6M
201300K .......... .......... .......... .......... .......... 15.5M
201350K .......... .......... .......... .......... .......... 25.3M
201400K .......... .......... .......... .......... .......... 24.3M
201450K .......... .......... .......... .......... .......... 8.19M
201500K .......... .......... .......... .......... .......... 77.8M
201550K .......... .......... .......... .......... .......... 15.4M
201600K .......... .......... .......... .......... .......... 31.1M
201650K .......... .......... .......... .......... .......... 18.9M
201700K .......... .......... .......... .......... .......... 6.16M
201750K .......... .......... .......... .......... .......... 78.3M
201800K .......... .......... .......... .......... .......... 15.2M
201850K .......... .......... .......... .......... .......... 84.1M
201900K .......... .......... .......... .......... .......... 13.9M
201950K .......... .......... .......... .......... .......... 6.47M
202000K .......... .......... .......... .......... .......... 53.7M
202050K .......... .......... .......... .......... .......... 16.2M
202100K .......... .......... .......... .......... .......... 54.1M
202150K .......... .......... .......... .......... .......... 18.5M
202200K .......... .......... .......... .......... .......... 3.43M
202250K .......... .......... .......... .......... .......... 41.3M
202300K .......... .......... .......... .......... .......... 20.8M
202350K .......... .......... .......... .......... .......... 36.0M
202400K .......... .......... .......... .......... .......... 91.5M
202450K .......... .......... .......... .......... .......... 1.52M
202500K .......... .......... .......... .......... .......... 88.3M
202550K .......... .......... .......... .......... .......... 64.7M
202600K .......... .......... .......... .......... .......... 15.9M
202650K .......... .......... .......... .......... .......... 84.3M
202700K .......... .......... .......... .......... .......... 15.7M
202750K .......... .......... .......... .......... .......... 5.90M
202800K .......... .......... .......... .......... ..........  111M
202850K .......... .......... .......... .......... .......... 14.2M
202900K .......... .......... .......... .......... ..........  111M
202950K .......... .......... .......... .......... .......... 15.1M
203000K .......... .......... .......... .......... .......... 6.35M
203050K .......... .......... .......... .......... ..........  105M
203100K .......... .......... .......... .......... .......... 14.3M
203150K .......... .......... .......... .......... ..........  129M
203200K .......... .......... .......... .......... .......... 14.5M
203250K .......... .......... .......... .......... .......... 7.42M
203300K .......... .......... .......... .......... .......... 81.2M
203350K .......... .......... .......... .......... .......... 15.0M
203400K .......... .......... .......... .......... .......... 72.7M
203450K .......... .......... .......... .......... .......... 16.4M
203500K .......... .......... .......... .......... .......... 4.82M
203550K .......... .......... .......... .......... ..........  131M
203600K .......... .......... .......... .......... .......... 13.7M
203650K .......... .......... .......... .......... ..........  145M
203700K .......... .......... .......... .......... .......... 19.9M
203750K .......... .......... .......... .......... .......... 2.89M
203800K .......... .......... .......... .......... ..........  103M
203850K .......... .......... .......... .......... .......... 13.7M
203900K .......... .......... .......... .......... ..........  116M
203950K .......... .......... .......... .......... ..........  185M
204000K .......... .......... .......... .......... .......... 1.95M
204050K .......... .......... .......... .......... .......... 81.6M
204100K .......... .......... .......... .......... .......... 17.3M
204150K .......... .......... .......... .......... .......... 54.3M
204200K .......... .......... .......... .......... .......... 94.9M
204250K .......... .......... .......... .......... .......... 2.28M
204300K .......... .......... .......... .......... .......... 43.2M
204350K .......... .......... .......... .......... .......... 59.7M
204400K .......... .......... .......... .......... .......... 13.1M
204450K .......... .......... .......... .......... ..........  270M
204500K .......... .......... .......... .......... .......... 2.42M
204550K .......... .......... .......... .......... .......... 52.8M
204600K .......... .......... .......... .......... ..........  102M
204650K .......... .......... .......... .......... .......... 14.5M
204700K .......... .......... .......... .......... .......... 88.5M
204750K .......... .......... .......... .......... .......... 20.0M
204800K .......... .......... .......... .......... .......... 2.41M
204850K .......... .......... .......... .......... .......... 78.1M
204900K .......... .......... .......... .......... .......... 15.9M
204950K .......... .......... .......... .......... .......... 59.8M
205000K .......... .......... .......... .......... .......... 30.1M
205050K .......... .......... .......... .......... .......... 21.1M
205100K .......... .......... .......... .......... .......... 45.7M
205150K .......... .......... .......... .......... .......... 17.7M
205200K .......... .......... .......... .......... .......... 45.3M
205250K .......... .......... .......... .......... ..........  221M
205300K .......... .......... .......... .......... .......... 19.0M
205350K .......... .......... .......... .......... .......... 43.5M
205400K .......... .......... .......... .......... .......... 18.2M
205450K .......... .......... .......... .......... .......... 47.4M
205500K .......... .......... .......... .......... ..........  131M
205550K .......... .......... .......... .......... .......... 15.1M
205600K .......... .......... .......... .......... .......... 93.0M
205650K .......... .......... .......... .......... .......... 15.3M
205700K .......... .......... .......... .......... .......... 84.5M
205750K .......... .......... .......... .......... ..........  143M
205800K .......... .......... .......... .......... .......... 15.6M
205850K .......... .......... .......... .......... .......... 80.7M
205900K .......... .......... .......... .......... .......... 15.7M
205950K .......... .......... .......... .......... .......... 90.1M
206000K .......... .......... .......... .......... .......... 64.7M
206050K .......... .......... .......... .......... .......... 19.8M
206100K .......... .......... .......... .......... .......... 44.0M
206150K .......... .......... .......... .......... ..........  176M
206200K .......... .......... .......... .......... .......... 14.4M
206250K .......... .......... .......... .......... .......... 71.4M
206300K .......... .......... .......... .......... .......... 9.17M
206350K .......... .......... .......... .......... ..........  428M
206400K .......... .......... .......... .......... ..........  394M
206450K .......... .......... .......... .......... .......... 20.8M
206500K .......... .......... .......... .......... .......... 53.5M
206550K .......... .......... .......... .......... .......... 16.9M
206600K .......... .......... .......... .......... .......... 57.9M
206650K .......... .......... .......... .......... .......... 13.5M
206700K .......... .......... .......... .......... .......... 45.5M
206750K .......... .......... .......... .......... .......... 17.1M
206800K .......... .......... .......... .......... .......... 64.9M
206850K .......... .......... .......... .......... .......... 16.4M
206900K .......... .......... .......... .......... .......... 25.2M
206950K .......... .......... .......... .......... .......... 24.5M
207000K .......... .......... .......... .......... .......... 16.3M
207050K .......... .......... .......... .......... .......... 66.2M
207100K .......... .......... .......... .......... .......... 14.3M
207150K .......... .......... .......... .......... ..........  125M
207200K .......... .......... .......... .......... .......... 13.3M
207250K .......... .......... .......... .......... ..........  135M
207300K .......... .......... .......... .......... .......... 14.0M
207350K .......... .......... .......... .......... ..........  163M
207400K .......... .......... .......... .......... .......... 14.7M
207450K .......... .......... .......... .......... .......... 56.0M
207500K .......... .......... .......... .......... .......... 14.9M
207550K .......... .......... .......... .......... ..........  102M
207600K .......... .......... .......... .......... .......... 15.1M
207650K .......... .......... .......... .......... .......... 74.7M
207700K .......... .......... .......... .......... .......... 16.2M
207750K .......... .......... .......... .......... .......... 60.2M
207800K .......... .......... .......... .......... .......... 15.2M
207850K .......... .......... .......... .......... .......... 92.0M
207900K .......... .......... .......... .......... .......... 15.3M
207950K .......... .......... .......... .......... .......... 67.0M
208000K .......... .......... .......... .......... .......... 16.8M
208050K .......... .......... .......... .......... .......... 52.2M
208100K .......... .......... .......... .......... .......... 14.5M
208150K .......... .......... .......... .......... .......... 28.4M
208200K .......... .......... .......... .......... .......... 13.5M
208250K .......... .......... .......... .......... ..........  144M
208300K .......... .......... .......... .......... .......... 50.2M
208350K .......... .......... .......... .......... .......... 17.8M
208400K .......... .......... .......... .......... .......... 45.4M
208450K .......... .......... .......... .......... .......... 17.0M
208500K .......... .......... .......... .......... .......... 56.8M
208550K .......... .......... .......... .......... .......... 16.8M
208600K .......... .......... .......... .......... .......... 3.97M
208650K .......... .......... .......... .......... .......... 35.8M
208700K .......... .......... .......... .......... .......... 5.50M
208750K .......... .......... .......... .......... ..........  107M
208800K .......... .......... .......... .......... .......... 13.7M
208850K .......... .......... .......... .......... ..........  123M
208900K .......... .......... .......... .......... .......... 14.4M
208950K .......... .......... .......... .......... ..........  182M
209000K .......... .......... .......... .......... .......... 21.6M
209050K .......... .......... .......... .......... .......... 29.7M
209100K .......... .......... .......... .......... ..........  114M
209150K .......... .......... .......... .......... .......... 14.5M
209200K .......... .......... .......... .......... ..........  105M
209250K .......... .......... .......... .......... .......... 14.7M
209300K .......... .......... .......... .......... ..........  106M
209350K .......... .......... .......... .......... .......... 14.8M
209400K .......... .......... .......... .......... .......... 86.3M
209450K .......... .......... .......... .......... .......... 28.6M
209500K .......... .......... .......... .......... .......... 25.2M
209550K .......... .......... .......... .......... .......... 76.9M
209600K .......... .......... .......... .......... .......... 14.6M
209650K .......... .......... .......... .......... ..........  103M
209700K .......... .......... .......... .......... .......... 14.7M
209750K .......... .......... .......... .......... .......... 40.3M
209800K .......... .......... .......... .......... .......... 20.1M
209850K .......... .......... .......... .......... .......... 38.0M
209900K .......... .......... .......... .......... .......... 21.2M
209950K .......... .......... .......... .......... .......... 32.1M
210000K .......... .......... .......... .......... .......... 57.8M
210050K .......... .......... .......... .......... .......... 15.8M
210100K .......... .......... .......... .......... .......... 56.3M
210150K .......... .......... .......... .......... .......... 21.9M
210200K .......... .......... .......... .......... .......... 33.1M
210250K .......... .......... .......... .......... .......... 57.1M
210300K .......... .......... .......... .......... .......... 16.4M
210350K .......... .......... .......... .......... .......... 60.1M
210400K .......... .......... .......... .......... .......... 15.6M
210450K .......... .......... .......... .......... .......... 81.5M
210500K .......... .......... .......... .......... .......... 61.5M
210550K .......... .......... .......... .......... .......... 16.9M
210600K .......... .......... .......... .......... ..........  117M
210650K .......... .......... .......... .......... .......... 14.1M
210700K .......... .......... .......... .......... .......... 77.3M
210750K .......... .......... .......... .......... .......... 16.5M
210800K .......... .......... .......... .......... .......... 77.3M
210850K .......... .......... .......... .......... .......... 66.9M
210900K .......... .......... .......... .......... .......... 15.2M
210950K .......... .......... .......... .......... .......... 83.5M
211000K .......... .......... .......... .......... .......... 16.0M
211050K .......... .......... .......... .......... .......... 70.6M
211100K .......... .......... .......... .......... .......... 16.5M
211150K .......... .......... .......... .......... ..........  169M
211200K .......... .......... .......... .......... .......... 40.4M
211250K .......... .......... .......... .......... .......... 21.4M
211300K .......... .......... .......... .......... ..........  212K
211350K .......... .......... .......... .......... .......... 15.0M
211400K .......... .......... .......... .......... .......... 14.7M
211450K .......... .......... .......... .......... .......... 81.7M
211500K .......... .......... .......... .......... .......... 14.7M
211550K .......... .......... .......... .......... .......... 98.0M
211600K .......... .......... .......... .......... .......... 14.1M
211650K .......... .......... .......... .......... ..........  114M
211700K .......... .......... .......... .......... .......... 14.5M
211750K .......... .......... .......... .......... .......... 13.3M
211800K .......... .......... .......... .......... ..........  135M
211850K .......... .......... .......... .......... .......... 14.3M
211900K .......... .......... .......... .......... ..........  107M
211950K .......... .......... .......... .......... .......... 14.4M
212000K .......... .......... .......... .......... .......... 64.9M
212050K .......... .......... .......... .......... .......... 15.4M
212100K .......... .......... .......... .......... .......... 17.3M
212150K .......... .......... .......... .......... .......... 46.7M
212200K .......... .......... .......... .......... .......... 14.1M
212250K .......... .......... .......... .......... .......... 40.6M
212300K .......... .......... .......... .......... .......... 17.4M
212350K .......... .......... .......... .......... .......... 51.4M
212400K .......... .......... .......... .......... .......... 16.8M
212450K .......... .......... .......... .......... .......... 53.2M
212500K .......... .......... .......... .......... .......... 17.5M
212550K .......... .......... .......... .......... .......... 46.2M
212600K .......... .......... .......... .......... .......... 13.8M
212650K .......... .......... .......... .........             45.9M=14s

2026-09-25 12:45:49 (15.1 MB/s) - ‘/home/yoohyun/research3/external/q16/ManiSkill-baab60ede2e89167c1b7aaed41a9aa8e690a9d1e.tar.gz’ saved [217794515]

